{
  "type": "FeatureCollection",
  "features": [
    {
      "type": "Feature",
      "properties": {
        "name": "Ahmedabad - Bodakdev / SG Highway",
        "lat": 23.0378,
        "lng": 72.5112,
        "population": 18500,
        "income_tier": "high",
        "classification": "metro_core",
        "density_km2": 33300
      },
      "geometry": {
        "type": "Point",
        "coordinates": [
          72.5112,
          23.0378
        ]
      }
    },
    {
      "type": "Feature",
      "properties": {
        "name": "Ahmedabad - Ashram Road CBD",
        "lat": 23.0258,
        "lng": 72.5714,
        "population": 24000,
        "income_tier": "high",
        "classification": "metro_core",
        "density_km2": 43200
      },
      "geometry": {
        "type": "Point",
        "coordinates": [
          72.5714,
          23.0258
        ]
      }
    },
    {
      "type": "Feature",
      "properties": {
        "name": "Ahmedabad - Maninagar South",
        "lat": 22.9968,
        "lng": 72.6014,
        "population": 21000,
        "income_tier": "medium",
        "classification": "urban_dense",
        "density_km2": 37800
      },
      "geometry": {
        "type": "Point",
        "coordinates": [
          72.6014,
          22.9968
        ]
      }
    },
    {
      "type": "Feature",
      "properties": {
        "name": "Ahmedabad - Bopal West Growth Axis",
        "lat": 23.0328,
        "lng": 72.4614,
        "population": 14000,
        "income_tier": "high",
        "classification": "suburban_growth",
        "density_km2": 25200
      },
      "geometry": {
        "type": "Point",
        "coordinates": [
          72.4614,
          23.0328
        ]
      }
    },
    {
      "type": "Feature",
      "properties": {
        "name": "Ahmedabad - Naroda East Industrial",
        "lat": 23.0698,
        "lng": 72.6574,
        "population": 16000,
        "income_tier": "medium",
        "classification": "industrial_dense",
        "density_km2": 28800
      },
      "geometry": {
        "type": "Point",
        "coordinates": [
          72.6574,
          23.0698
        ]
      }
    },
    {
      "type": "Feature",
      "properties": {
        "name": "Ahmedabad - Sanand Auto Hub",
        "lat": 22.9868,
        "lng": 72.3814,
        "population": 7500,
        "income_tier": "medium",
        "classification": "satellite_town",
        "density_km2": 13500
      },
      "geometry": {
        "type": "Point",
        "coordinates": [
          72.3814,
          22.9868
        ]
      }
    },
    {
      "type": "Feature",
      "properties": {
        "name": "Ahmedabad - Dholera SIR Zone",
        "lat": 22.2514,
        "lng": 72.1954,
        "population": 4200,
        "income_tier": "medium",
        "classification": "smart_city",
        "density_km2": 7560
      },
      "geometry": {
        "type": "Point",
        "coordinates": [
          72.1954,
          22.2514
        ]
      }
    },
    {
      "type": "Feature",
      "properties": {
        "name": "Gandhinagar - Sector 11 Capital",
        "lat": 23.2156,
        "lng": 72.6369,
        "population": 12000,
        "income_tier": "high",
        "classification": "capital_core",
        "density_km2": 21600
      },
      "geometry": {
        "type": "Point",
        "coordinates": [
          72.6369,
          23.2156
        ]
      }
    },
    {
      "type": "Feature",
      "properties": {
        "name": "Gandhinagar - GIFT City FinTech Zone",
        "lat": 23.1601,
        "lng": 72.6841,
        "population": 15000,
        "income_tier": "high",
        "classification": "fintech_hub",
        "density_km2": 27000
      },
      "geometry": {
        "type": "Point",
        "coordinates": [
          72.6841,
          23.1601
        ]
      }
    },
    {
      "type": "Feature",
      "properties": {
        "name": "Gandhinagar - Koba Tech Corridor",
        "lat": 23.15,
        "lng": 72.62,
        "population": 9500,
        "income_tier": "high",
        "classification": "suburban_tech",
        "density_km2": 17100
      },
      "geometry": {
        "type": "Point",
        "coordinates": [
          72.62,
          23.15
        ]
      }
    },
    {
      "type": "Feature",
      "properties": {
        "name": "Surat - Athwa Commercial",
        "lat": 21.1702,
        "lng": 72.8011,
        "population": 26000,
        "income_tier": "high",
        "classification": "metro_core",
        "density_km2": 46800
      },
      "geometry": {
        "type": "Point",
        "coordinates": [
          72.8011,
          21.1702
        ]
      }
    },
    {
      "type": "Feature",
      "properties": {
        "name": "Surat - Varachha Diamond District",
        "lat": 21.2152,
        "lng": 72.855,
        "population": 31000,
        "income_tier": "medium",
        "classification": "commercial_dense",
        "density_km2": 55800
      },
      "geometry": {
        "type": "Point",
        "coordinates": [
          72.855,
          21.2152
        ]
      }
    },
    {
      "type": "Feature",
      "properties": {
        "name": "Surat - Adajan West",
        "lat": 21.195,
        "lng": 72.795,
        "population": 22000,
        "income_tier": "high",
        "classification": "urban_residential",
        "density_km2": 39600
      },
      "geometry": {
        "type": "Point",
        "coordinates": [
          72.795,
          21.195
        ]
      }
    },
    {
      "type": "Feature",
      "properties": {
        "name": "Surat - Sachin Industrial GIDC",
        "lat": 21.085,
        "lng": 72.865,
        "population": 14000,
        "income_tier": "medium",
        "classification": "industrial_suburb",
        "density_km2": 25200
      },
      "geometry": {
        "type": "Point",
        "coordinates": [
          72.865,
          21.085
        ]
      }
    },
    {
      "type": "Feature",
      "properties": {
        "name": "Surat - Hazira Port Industrial",
        "lat": 21.11,
        "lng": 72.66,
        "population": 8500,
        "income_tier": "high",
        "classification": "port_heavy_industry",
        "density_km2": 15300
      },
      "geometry": {
        "type": "Point",
        "coordinates": [
          72.66,
          21.11
        ]
      }
    },
    {
      "type": "Feature",
      "properties": {
        "name": "Vadodara - Alkapuri Central",
        "lat": 22.3112,
        "lng": 73.175,
        "population": 19000,
        "income_tier": "high",
        "classification": "metro_core",
        "density_km2": 34200
      },
      "geometry": {
        "type": "Point",
        "coordinates": [
          73.175,
          22.3112
        ]
      }
    },
    {
      "type": "Feature",
      "properties": {
        "name": "Vadodara - Makarpura GIDC",
        "lat": 22.245,
        "lng": 73.195,
        "population": 15000,
        "income_tier": "medium",
        "classification": "industrial_dense",
        "density_km2": 27000
      },
      "geometry": {
        "type": "Point",
        "coordinates": [
          73.195,
          22.245
        ]
      }
    },
    {
      "type": "Feature",
      "properties": {
        "name": "Vadodara - Gotri / Sevasi West",
        "lat": 22.32,
        "lng": 73.135,
        "population": 13000,
        "income_tier": "high",
        "classification": "suburban_growth",
        "density_km2": 23400
      },
      "geometry": {
        "type": "Point",
        "coordinates": [
          73.135,
          22.32
        ]
      }
    },
    {
      "type": "Feature",
      "properties": {
        "name": "Vadodara - Waghodia Industrial",
        "lat": 22.29,
        "lng": 73.35,
        "population": 6800,
        "income_tier": "medium",
        "classification": "industrial_periphery",
        "density_km2": 12240
      },
      "geometry": {
        "type": "Point",
        "coordinates": [
          73.35,
          22.29
        ]
      }
    },
    {
      "type": "Feature",
      "properties": {
        "name": "Rajkot - Kalawad Road Commercial",
        "lat": 22.285,
        "lng": 70.765,
        "population": 18000,
        "income_tier": "high",
        "classification": "metro_core",
        "density_km2": 32400
      },
      "geometry": {
        "type": "Point",
        "coordinates": [
          70.765,
          22.285
        ]
      }
    },
    {
      "type": "Feature",
      "properties": {
        "name": "Rajkot - Yagnik Road CBD",
        "lat": 22.3039,
        "lng": 70.8022,
        "population": 22000,
        "income_tier": "high",
        "classification": "metro_core",
        "density_km2": 39600
      },
      "geometry": {
        "type": "Point",
        "coordinates": [
          70.8022,
          22.3039
        ]
      }
    },
    {
      "type": "Feature",
      "properties": {
        "name": "Rajkot - Metoda GIDC Auto Zone",
        "lat": 22.245,
        "lng": 70.71,
        "population": 9500,
        "income_tier": "medium",
        "classification": "industrial_hub",
        "density_km2": 17100
      },
      "geometry": {
        "type": "Point",
        "coordinates": [
          70.71,
          22.245
        ]
      }
    },
    {
      "type": "Feature",
      "properties": {
        "name": "Rajkot - Aji GIDC Industrial Hub",
        "lat": 22.26,
        "lng": 70.825,
        "population": 14000,
        "income_tier": "medium",
        "classification": "industrial_dense",
        "density_km2": 25200
      },
      "geometry": {
        "type": "Point",
        "coordinates": [
          70.825,
          22.26
        ]
      }
    },
    {
      "type": "Feature",
      "properties": {
        "name": "Rajkot - Gondal Commercial Taluka",
        "lat": 21.961,
        "lng": 70.798,
        "population": 9200,
        "income_tier": "medium",
        "classification": "market_town",
        "density_km2": 16560
      },
      "geometry": {
        "type": "Point",
        "coordinates": [
          70.798,
          21.961
        ]
      }
    },
    {
      "type": "Feature",
      "properties": {
        "name": "Rajkot - Kothariya Suburb",
        "lat": 22.24,
        "lng": 70.79,
        "population": 11000,
        "income_tier": "medium",
        "classification": "suburban_growth",
        "density_km2": 19800
      },
      "geometry": {
        "type": "Point",
        "coordinates": [
          70.79,
          22.24
        ]
      }
    },
    {
      "type": "Feature",
      "properties": {
        "name": "Bhavnagar - Waghawadi Commercial",
        "lat": 21.7645,
        "lng": 72.1519,
        "population": 17000,
        "income_tier": "high",
        "classification": "urban_core",
        "density_km2": 30600
      },
      "geometry": {
        "type": "Point",
        "coordinates": [
          72.1519,
          21.7645
        ]
      }
    },
    {
      "type": "Feature",
      "properties": {
        "name": "Bhavnagar - Chitra GIDC Industrial",
        "lat": 21.745,
        "lng": 72.105,
        "population": 12000,
        "income_tier": "medium",
        "classification": "industrial_hub",
        "density_km2": 21600
      },
      "geometry": {
        "type": "Point",
        "coordinates": [
          72.105,
          21.745
        ]
      }
    },
    {
      "type": "Feature",
      "properties": {
        "name": "Bhavnagar - Alang Ship Recycling Hub",
        "lat": 21.415,
        "lng": 72.185,
        "population": 8500,
        "income_tier": "medium",
        "classification": "heavy_marine_industry",
        "density_km2": 15300
      },
      "geometry": {
        "type": "Point",
        "coordinates": [
          72.185,
          21.415
        ]
      }
    },
    {
      "type": "Feature",
      "properties": {
        "name": "Bhavnagar - Sihor Engineering Town",
        "lat": 21.705,
        "lng": 71.965,
        "population": 7800,
        "income_tier": "medium",
        "classification": "market_town",
        "density_km2": 14040
      },
      "geometry": {
        "type": "Point",
        "coordinates": [
          71.965,
          21.705
        ]
      }
    },
    {
      "type": "Feature",
      "properties": {
        "name": "Jamnagar - Digjam Commercial Core",
        "lat": 22.4707,
        "lng": 70.0577,
        "population": 16000,
        "income_tier": "medium",
        "classification": "urban_core",
        "density_km2": 28800
      },
      "geometry": {
        "type": "Point",
        "coordinates": [
          70.0577,
          22.4707
        ]
      }
    },
    {
      "type": "Feature",
      "properties": {
        "name": "Jamnagar - Reliance Greens / Motikhavdi",
        "lat": 22.375,
        "lng": 69.855,
        "population": 14000,
        "income_tier": "high",
        "classification": "refinery_township",
        "density_km2": 25200
      },
      "geometry": {
        "type": "Point",
        "coordinates": [
          69.855,
          22.375
        ]
      }
    },
    {
      "type": "Feature",
      "properties": {
        "name": "Jamnagar - Bedeshwar Port Area",
        "lat": 22.495,
        "lng": 70.045,
        "population": 9500,
        "income_tier": "medium",
        "classification": "port_logistics",
        "density_km2": 17100
      },
      "geometry": {
        "type": "Point",
        "coordinates": [
          70.045,
          22.495
        ]
      }
    },
    {
      "type": "Feature",
      "properties": {
        "name": "Junagadh - Central City / Majevadi",
        "lat": 21.5222,
        "lng": 70.4579,
        "population": 14000,
        "income_tier": "medium",
        "classification": "heritage_urban",
        "density_km2": 25200
      },
      "geometry": {
        "type": "Point",
        "coordinates": [
          70.4579,
          21.5222
        ]
      }
    },
    {
      "type": "Feature",
      "properties": {
        "name": "Junagadh - Keshod Agricultural Hub",
        "lat": 21.305,
        "lng": 70.25,
        "population": 6500,
        "income_tier": "medium",
        "classification": "market_town",
        "density_km2": 11700
      },
      "geometry": {
        "type": "Point",
        "coordinates": [
          70.25,
          21.305
        ]
      }
    },
    {
      "type": "Feature",
      "properties": {
        "name": "Kutch - Bhuj Commercial Axis",
        "lat": 23.25,
        "lng": 69.67,
        "population": 12000,
        "income_tier": "medium",
        "classification": "district_hq",
        "density_km2": 21600
      },
      "geometry": {
        "type": "Point",
        "coordinates": [
          69.67,
          23.25
        ]
      }
    },
    {
      "type": "Feature",
      "properties": {
        "name": "Kutch - Gandhidham / Kandla Port City",
        "lat": 23.075,
        "lng": 70.135,
        "population": 17500,
        "income_tier": "high",
        "classification": "logistics_port_metro",
        "density_km2": 31500
      },
      "geometry": {
        "type": "Point",
        "coordinates": [
          70.135,
          23.075
        ]
      }
    },
    {
      "type": "Feature",
      "properties": {
        "name": "Kutch - Mundra SEZ Port Hub",
        "lat": 22.84,
        "lng": 69.72,
        "population": 11000,
        "income_tier": "high",
        "classification": "mega_port_sez",
        "density_km2": 19800
      },
      "geometry": {
        "type": "Point",
        "coordinates": [
          69.72,
          22.84
        ]
      }
    },
    {
      "type": "Feature",
      "properties": {
        "name": "Kutch - Anjar Industrial Corridor",
        "lat": 23.115,
        "lng": 70.025,
        "population": 9000,
        "income_tier": "medium",
        "classification": "industrial_town",
        "density_km2": 16200
      },
      "geometry": {
        "type": "Point",
        "coordinates": [
          70.025,
          23.115
        ]
      }
    },
    {
      "type": "Feature",
      "properties": {
        "name": "Kutch - Mandvi Coastal Town",
        "lat": 22.835,
        "lng": 69.355,
        "population": 6500,
        "income_tier": "medium",
        "classification": "coastal_market",
        "density_km2": 11700
      },
      "geometry": {
        "type": "Point",
        "coordinates": [
          69.355,
          22.835
        ]
      }
    },
    {
      "type": "Feature",
      "properties": {
        "name": "Kutch - Nakhatrana Renewable Plain",
        "lat": 23.35,
        "lng": 69.25,
        "population": 3800,
        "income_tier": "low",
        "classification": "renewable_plains",
        "density_km2": 6840
      },
      "geometry": {
        "type": "Point",
        "coordinates": [
          69.25,
          23.35
        ]
      }
    },
    {
      "type": "Feature",
      "properties": {
        "name": "Kutch - Khavda Mega Renewable Park",
        "lat": 23.85,
        "lng": 69.75,
        "population": 2200,
        "income_tier": "low",
        "classification": "renewable_mega_park",
        "density_km2": 3960
      },
      "geometry": {
        "type": "Point",
        "coordinates": [
          69.75,
          23.85
        ]
      }
    },
    {
      "type": "Feature",
      "properties": {
        "name": "Morbi - Ceramic Industrial Hub",
        "lat": 22.82,
        "lng": 70.835,
        "population": 16500,
        "income_tier": "high",
        "classification": "ceramic_cluster",
        "density_km2": 29700
      },
      "geometry": {
        "type": "Point",
        "coordinates": [
          70.835,
          22.82
        ]
      }
    },
    {
      "type": "Feature",
      "properties": {
        "name": "Morbi - Wankaner Ceramic Suburb",
        "lat": 22.615,
        "lng": 70.935,
        "population": 7500,
        "income_tier": "medium",
        "classification": "industrial_town",
        "density_km2": 13500
      },
      "geometry": {
        "type": "Point",
        "coordinates": [
          70.935,
          22.615
        ]
      }
    },
    {
      "type": "Feature",
      "properties": {
        "name": "Mehsana - Modhera Road Commercial",
        "lat": 23.6,
        "lng": 72.4,
        "population": 14000,
        "income_tier": "medium",
        "classification": "dairy_industrial",
        "density_km2": 25200
      },
      "geometry": {
        "type": "Point",
        "coordinates": [
          72.4,
          23.6
        ]
      }
    },
    {
      "type": "Feature",
      "properties": {
        "name": "Patan - Siddhpur Road Hub",
        "lat": 23.85,
        "lng": 72.125,
        "population": 11000,
        "income_tier": "medium",
        "classification": "heritage_solar",
        "density_km2": 19800
      },
      "geometry": {
        "type": "Point",
        "coordinates": [
          72.125,
          23.85
        ]
      }
    },
    {
      "type": "Feature",
      "properties": {
        "name": "Palanpur - Banaskantha District Hub",
        "lat": 24.172,
        "lng": 72.435,
        "population": 12500,
        "income_tier": "medium",
        "classification": "dairy_crossroads",
        "density_km2": 22500
      },
      "geometry": {
        "type": "Point",
        "coordinates": [
          72.435,
          24.172
        ]
      }
    },
    {
      "type": "Feature",
      "properties": {
        "name": "Patan - Radhanpur Solar Crossroads",
        "lat": 23.835,
        "lng": 71.605,
        "population": 6200,
        "income_tier": "low",
        "classification": "solar_corridor",
        "density_km2": 11160
      },
      "geometry": {
        "type": "Point",
        "coordinates": [
          71.605,
          23.835
        ]
      }
    },
    {
      "type": "Feature",
      "properties": {
        "name": "Bharuch - Golden Bridge Commercial",
        "lat": 21.705,
        "lng": 72.995,
        "population": 15000,
        "income_tier": "high",
        "classification": "chemical_logistics",
        "density_km2": 27000
      },
      "geometry": {
        "type": "Point",
        "coordinates": [
          72.995,
          21.705
        ]
      }
    },
    {
      "type": "Feature",
      "properties": {
        "name": "Ankleshwar - Asia Largest Chemical GIDC",
        "lat": 21.625,
        "lng": 73.005,
        "population": 16000,
        "income_tier": "high",
        "classification": "chemical_hub",
        "density_km2": 28800
      },
      "geometry": {
        "type": "Point",
        "coordinates": [
          73.005,
          21.625
        ]
      }
    },
    {
      "type": "Feature",
      "properties": {
        "name": "Dahej - PCPIR Port & Petrochemical SEZ",
        "lat": 21.71,
        "lng": 72.585,
        "population": 9500,
        "income_tier": "high",
        "classification": "petrochemical_port",
        "density_km2": 17100
      },
      "geometry": {
        "type": "Point",
        "coordinates": [
          72.585,
          21.71
        ]
      }
    },
    {
      "type": "Feature",
      "properties": {
        "name": "Vapi - Mega Industrial GIDC",
        "lat": 20.37,
        "lng": 72.91,
        "population": 18000,
        "income_tier": "high",
        "classification": "industrial_manufacturing",
        "density_km2": 32400
      },
      "geometry": {
        "type": "Point",
        "coordinates": [
          72.91,
          20.37
        ]
      }
    },
    {
      "type": "Feature",
      "properties": {
        "name": "Valsad - Coastal Commercial",
        "lat": 20.6,
        "lng": 72.93,
        "population": 12000,
        "income_tier": "medium",
        "classification": "district_hq",
        "density_km2": 21600
      },
      "geometry": {
        "type": "Point",
        "coordinates": [
          72.93,
          20.6
        ]
      }
    },
    {
      "type": "Feature",
      "properties": {
        "name": "Navsari - Diamond & Textile Hub",
        "lat": 20.95,
        "lng": 72.92,
        "population": 14000,
        "income_tier": "medium",
        "classification": "commercial_town",
        "density_km2": 25200
      },
      "geometry": {
        "type": "Point",
        "coordinates": [
          72.92,
          20.95
        ]
      }
    },
    {
      "type": "Feature",
      "properties": {
        "name": "Anand - Milk City / Amul Hub",
        "lat": 22.5645,
        "lng": 72.9289,
        "population": 16500,
        "income_tier": "high",
        "classification": "agri_dairy_metro",
        "density_km2": 29700
      },
      "geometry": {
        "type": "Point",
        "coordinates": [
          72.9289,
          22.5645
        ]
      }
    },
    {
      "type": "Feature",
      "properties": {
        "name": "Nadiad - Santram Commercial Spine",
        "lat": 22.695,
        "lng": 72.865,
        "population": 15500,
        "income_tier": "medium",
        "classification": "district_market",
        "density_km2": 27900
      },
      "geometry": {
        "type": "Point",
        "coordinates": [
          72.865,
          22.695
        ]
      }
    },
    {
      "type": "Feature",
      "properties": {
        "name": "Surendranagar - Wadhwan Industrial",
        "lat": 22.725,
        "lng": 71.64,
        "population": 13000,
        "income_tier": "medium",
        "classification": "industrial_cotton",
        "density_km2": 23400
      },
      "geometry": {
        "type": "Point",
        "coordinates": [
          71.64,
          22.725
        ]
      }
    },
    {
      "type": "Feature",
      "properties": {
        "name": "Surendranagar - Limbdi Transport Hub",
        "lat": 22.565,
        "lng": 71.805,
        "population": 7200,
        "income_tier": "medium",
        "classification": "highway_hub",
        "density_km2": 12960
      },
      "geometry": {
        "type": "Point",
        "coordinates": [
          71.805,
          22.565
        ]
      }
    },
    {
      "type": "Feature",
      "properties": {
        "name": "Porbandar - Coastal Port & Fishery Hub",
        "lat": 21.642,
        "lng": 69.605,
        "population": 13500,
        "income_tier": "medium",
        "classification": "port_town",
        "density_km2": 24300
      },
      "geometry": {
        "type": "Point",
        "coordinates": [
          69.605,
          21.642
        ]
      }
    },
    {
      "type": "Feature",
      "properties": {
        "name": "Veraval - Mega Marine Processing Port",
        "lat": 20.905,
        "lng": 70.365,
        "population": 14000,
        "income_tier": "medium",
        "classification": "fishery_port",
        "density_km2": 25200
      },
      "geometry": {
        "type": "Point",
        "coordinates": [
          70.365,
          20.905
        ]
      }
    },
    {
      "type": "Feature",
      "properties": {
        "name": "Amreli - Cotton & Groundnut Market",
        "lat": 21.605,
        "lng": 71.22,
        "population": 9500,
        "income_tier": "medium",
        "classification": "market_town",
        "density_km2": 17100
      },
      "geometry": {
        "type": "Point",
        "coordinates": [
          71.22,
          21.605
        ]
      }
    },
    {
      "type": "Feature",
      "properties": {
        "name": "Pipavav - APM Terminals Container Port",
        "lat": 20.915,
        "lng": 71.505,
        "population": 6500,
        "income_tier": "high",
        "classification": "container_port",
        "density_km2": 11700
      },
      "geometry": {
        "type": "Point",
        "coordinates": [
          71.505,
          20.915
        ]
      }
    },
    {
      "type": "Feature",
      "properties": {
        "name": "Godhra - Central Transport Junction",
        "lat": 22.775,
        "lng": 73.615,
        "population": 12000,
        "income_tier": "medium",
        "classification": "junction_town",
        "density_km2": 21600
      },
      "geometry": {
        "type": "Point",
        "coordinates": [
          73.615,
          22.775
        ]
      }
    },
    {
      "type": "Feature",
      "properties": {
        "name": "Halol - Automobile Manufacturing GIDC",
        "lat": 22.5,
        "lng": 73.47,
        "population": 11500,
        "income_tier": "high",
        "classification": "auto_hub",
        "density_km2": 20700
      },
      "geometry": {
        "type": "Point",
        "coordinates": [
          73.47,
          22.5
        ]
      }
    },
    {
      "type": "Feature",
      "properties": {
        "name": "Dahod - Smart City Freight Hub",
        "lat": 22.835,
        "lng": 74.255,
        "population": 11000,
        "income_tier": "medium",
        "classification": "tribal_market",
        "density_km2": 19800
      },
      "geometry": {
        "type": "Point",
        "coordinates": [
          74.255,
          22.835
        ]
      }
    },
    {
      "type": "Feature",
      "properties": {
        "name": "Himatnagar - District Commercial",
        "lat": 23.6,
        "lng": 72.96,
        "population": 11500,
        "income_tier": "medium",
        "classification": "district_hq",
        "density_km2": 20700
      },
      "geometry": {
        "type": "Point",
        "coordinates": [
          72.96,
          23.6
        ]
      }
    },
    {
      "type": "Feature",
      "properties": {
        "name": "Modasa - Ceramic & Transport Crossroads",
        "lat": 23.465,
        "lng": 73.3,
        "population": 8500,
        "income_tier": "medium",
        "classification": "crossroads_town",
        "density_km2": 15300
      },
      "geometry": {
        "type": "Point",
        "coordinates": [
          73.3,
          23.465
        ]
      }
    },
    {
      "type": "Feature",
      "properties": {
        "name": "Botad - Diamond & Cotton Hub",
        "lat": 22.17,
        "lng": 71.665,
        "population": 8500,
        "income_tier": "medium",
        "classification": "market_town",
        "density_km2": 15300
      },
      "geometry": {
        "type": "Point",
        "coordinates": [
          71.665,
          22.17
        ]
      }
    },
    {
      "type": "Feature",
      "properties": {
        "name": "Vyara - Sugar & Agro Processing",
        "lat": 21.115,
        "lng": 73.4,
        "population": 6800,
        "income_tier": "medium",
        "classification": "agro_town",
        "density_km2": 12240
      },
      "geometry": {
        "type": "Point",
        "coordinates": [
          73.4,
          21.115
        ]
      }
    },
    {
      "type": "Feature",
      "properties": {
        "name": "Ahwa - Dang Hill Forestry Region",
        "lat": 20.755,
        "lng": 73.685,
        "population": 3200,
        "income_tier": "low",
        "classification": "hill_region",
        "density_km2": 5760
      },
      "geometry": {
        "type": "Point",
        "coordinates": [
          73.685,
          20.755
        ]
      }
    },
    {
      "type": "Feature",
      "properties": {
        "name": "Surat - Mandvi Taluka Center",
        "lat": 21.33295,
        "lng": 73.25372,
        "district": "Surat",
        "taluk": "Mandvi",
        "population": 21560,
        "density_km2": 8814.0,
        "income_tier": "high",
        "classification": "tier1_metro"
      },
      "geometry": {
        "type": "Point",
        "coordinates": [
          73.25372,
          21.33295
        ]
      }
    },
    {
      "type": "Feature",
      "properties": {
        "name": "Surat - Mangrol Taluka Center",
        "lat": 21.43559,
        "lng": 73.29735,
        "district": "Surat",
        "taluk": "Mangrol",
        "population": 23100,
        "density_km2": 7020.0,
        "income_tier": "high",
        "classification": "tier1_metro"
      },
      "geometry": {
        "type": "Point",
        "coordinates": [
          73.29735,
          21.43559
        ]
      }
    },
    {
      "type": "Feature",
      "properties": {
        "name": "Surat - Surat Sub-district Taluka Center",
        "lat": 21.13917,
        "lng": 72.65858,
        "district": "Surat",
        "taluk": "Surat Sub-district",
        "population": 18700,
        "density_km2": 7020.0,
        "income_tier": "high",
        "classification": "tier1_metro"
      },
      "geometry": {
        "type": "Point",
        "coordinates": [
          72.65858,
          21.13917
        ]
      }
    },
    {
      "type": "Feature",
      "properties": {
        "name": "Surat - Nijhar Taluka Center",
        "lat": 21.51391,
        "lng": 74.17844,
        "district": "Surat",
        "taluk": "Nijhar",
        "population": 24420,
        "density_km2": 6708.0,
        "income_tier": "high",
        "classification": "tier1_metro"
      },
      "geometry": {
        "type": "Point",
        "coordinates": [
          74.17844,
          21.51391
        ]
      }
    },
    {
      "type": "Feature",
      "properties": {
        "name": "Surat - Olpad Taluka Center",
        "lat": 21.34621,
        "lng": 72.63494,
        "district": "Surat",
        "taluk": "Olpad",
        "population": 19580,
        "density_km2": 7332.0,
        "income_tier": "high",
        "classification": "tier1_metro"
      },
      "geometry": {
        "type": "Point",
        "coordinates": [
          72.63494,
          21.34621
        ]
      }
    },
    {
      "type": "Feature",
      "properties": {
        "name": "Surat - Palsana Taluka Center",
        "lat": 21.10983,
        "lng": 72.99148,
        "district": "Surat",
        "taluk": "Palsana",
        "population": 19360,
        "density_km2": 7254.0,
        "income_tier": "high",
        "classification": "tier1_metro"
      },
      "geometry": {
        "type": "Point",
        "coordinates": [
          72.99148,
          21.10983
        ]
      }
    },
    {
      "type": "Feature",
      "properties": {
        "name": "Surat - Songadh Taluka Center",
        "lat": 21.15702,
        "lng": 73.64171,
        "district": "Surat",
        "taluk": "Songadh",
        "population": 22220,
        "density_km2": 8268.0,
        "income_tier": "high",
        "classification": "tier1_metro"
      },
      "geometry": {
        "type": "Point",
        "coordinates": [
          73.64171,
          21.15702
        ]
      }
    },
    {
      "type": "Feature",
      "properties": {
        "name": "Surat - Uchchhal Taluka Center",
        "lat": 21.24485,
        "lng": 73.75698,
        "district": "Surat",
        "taluk": "Uchchhal",
        "population": 22000,
        "density_km2": 8190.0,
        "income_tier": "high",
        "classification": "tier1_metro"
      },
      "geometry": {
        "type": "Point",
        "coordinates": [
          73.75698,
          21.24485
        ]
      }
    },
    {
      "type": "Feature",
      "properties": {
        "name": "Surat - Valod Taluka Center",
        "lat": 21.0604,
        "lng": 73.28568,
        "district": "Surat",
        "taluk": "Valod",
        "population": 19360,
        "density_km2": 8814.0,
        "income_tier": "high",
        "classification": "tier1_metro"
      },
      "geometry": {
        "type": "Point",
        "coordinates": [
          73.28568,
          21.0604
        ]
      }
    },
    {
      "type": "Feature",
      "properties": {
        "name": "Surat - Vyara Taluka Center",
        "lat": 21.02959,
        "lng": 73.39424,
        "district": "Surat",
        "taluk": "Vyara",
        "population": 23980,
        "density_km2": 7332.0,
        "income_tier": "high",
        "classification": "tier1_metro"
      },
      "geometry": {
        "type": "Point",
        "coordinates": [
          73.39424,
          21.02959
        ]
      }
    },
    {
      "type": "Feature",
      "properties": {
        "name": "Surendranagar - Chotila Taluka Center",
        "lat": 22.38674,
        "lng": 71.18197,
        "district": "Surendranagar",
        "taluk": "Chotila",
        "population": 5040,
        "density_km2": 1424.0,
        "income_tier": "low",
        "classification": "cotton_salt_belt"
      },
      "geometry": {
        "type": "Point",
        "coordinates": [
          71.18197,
          22.38674
        ]
      }
    },
    {
      "type": "Feature",
      "properties": {
        "name": "Surendranagar - Dasada Taluka Center",
        "lat": 23.23906,
        "lng": 71.79798,
        "district": "Surendranagar",
        "taluk": "Dasada",
        "population": 5880,
        "density_km2": 1648.0,
        "income_tier": "low",
        "classification": "cotton_salt_belt"
      },
      "geometry": {
        "type": "Point",
        "coordinates": [
          71.79798,
          23.23906
        ]
      }
    },
    {
      "type": "Feature",
      "properties": {
        "name": "Surendranagar - Dhrangadhra Taluka Center",
        "lat": 23.00237,
        "lng": 71.47188,
        "district": "Surendranagar",
        "taluk": "Dhrangadhra",
        "population": 5340,
        "density_km2": 1664.0,
        "income_tier": "low",
        "classification": "cotton_salt_belt"
      },
      "geometry": {
        "type": "Point",
        "coordinates": [
          71.47188,
          23.00237
        ]
      }
    },
    {
      "type": "Feature",
      "properties": {
        "name": "Surendranagar - Halvad Taluka Center",
        "lat": 22.99923,
        "lng": 71.08511,
        "district": "Surendranagar",
        "taluk": "Halvad",
        "population": 5220,
        "density_km2": 1472.0,
        "income_tier": "low",
        "classification": "cotton_salt_belt"
      },
      "geometry": {
        "type": "Point",
        "coordinates": [
          71.08511,
          22.99923
        ]
      }
    },
    {
      "type": "Feature",
      "properties": {
        "name": "Surendranagar - Lakhtar Taluka Center",
        "lat": 22.89927,
        "lng": 71.87776,
        "district": "Surendranagar",
        "taluk": "Lakhtar",
        "population": 5220,
        "density_km2": 1792.0,
        "income_tier": "low",
        "classification": "cotton_salt_belt"
      },
      "geometry": {
        "type": "Point",
        "coordinates": [
          71.87776,
          22.89927
        ]
      }
    },
    {
      "type": "Feature",
      "properties": {
        "name": "Surendranagar - Limbdi Taluka Center",
        "lat": 22.58535,
        "lng": 71.89322,
        "district": "Surendranagar",
        "taluk": "Limbdi",
        "population": 6840,
        "density_km2": 1584.0,
        "income_tier": "low",
        "classification": "cotton_salt_belt"
      },
      "geometry": {
        "type": "Point",
        "coordinates": [
          71.89322,
          22.58535
        ]
      }
    },
    {
      "type": "Feature",
      "properties": {
        "name": "Surendranagar - Muli Taluka Center",
        "lat": 22.69477,
        "lng": 71.38094,
        "district": "Surendranagar",
        "taluk": "Muli",
        "population": 6720,
        "density_km2": 1392.0,
        "income_tier": "low",
        "classification": "cotton_salt_belt"
      },
      "geometry": {
        "type": "Point",
        "coordinates": [
          71.38094,
          22.69477
        ]
      }
    },
    {
      "type": "Feature",
      "properties": {
        "name": "Surendranagar - Sayla Taluka Center",
        "lat": 22.4209,
        "lng": 71.42968,
        "district": "Surendranagar",
        "taluk": "Sayla",
        "population": 6180,
        "density_km2": 1408.0,
        "income_tier": "low",
        "classification": "cotton_salt_belt"
      },
      "geometry": {
        "type": "Point",
        "coordinates": [
          71.42968,
          22.4209
        ]
      }
    },
    {
      "type": "Feature",
      "properties": {
        "name": "Surendranagar - Wadhwan Taluka Center",
        "lat": 22.67755,
        "lng": 71.60483,
        "district": "Surendranagar",
        "taluk": "Wadhwan",
        "population": 7080,
        "density_km2": 1488.0,
        "income_tier": "low",
        "classification": "cotton_salt_belt"
      },
      "geometry": {
        "type": "Point",
        "coordinates": [
          71.60483,
          22.67755
        ]
      }
    },
    {
      "type": "Feature",
      "properties": {
        "name": "The Dangs - Ahwa Taluka Center",
        "lat": 20.80163,
        "lng": 73.68835,
        "district": "The Dangs",
        "taluk": "Ahwa",
        "population": 3850,
        "density_km2": 807.5,
        "income_tier": "low",
        "classification": "forest_tribal"
      },
      "geometry": {
        "type": "Point",
        "coordinates": [
          73.68835,
          20.80163
        ]
      }
    },
    {
      "type": "Feature",
      "properties": {
        "name": "Ahmadabad - Ahmadabad Taluka Center",
        "lat": 23.01838,
        "lng": 72.58389,
        "district": "Ahmadabad",
        "taluk": "Ahmadabad",
        "population": 29000,
        "density_km2": 8585.0,
        "income_tier": "high",
        "classification": "tier1_metro"
      },
      "geometry": {
        "type": "Point",
        "coordinates": [
          72.58389,
          23.01838
        ]
      }
    },
    {
      "type": "Feature",
      "properties": {
        "name": "Ahmadabad - Dhandhuka Taluka Center",
        "lat": 22.28374,
        "lng": 72.19205,
        "district": "Ahmadabad",
        "taluk": "Dhandhuka",
        "population": 20500,
        "density_km2": 7395.0,
        "income_tier": "high",
        "classification": "tier1_metro"
      },
      "geometry": {
        "type": "Point",
        "coordinates": [
          72.19205,
          22.28374
        ]
      }
    },
    {
      "type": "Feature",
      "properties": {
        "name": "Ahmadabad - Dholka Taluka Center",
        "lat": 22.84152,
        "lng": 72.47217,
        "district": "Ahmadabad",
        "taluk": "Dholka",
        "population": 22000,
        "density_km2": 9605.0,
        "income_tier": "high",
        "classification": "tier1_metro"
      },
      "geometry": {
        "type": "Point",
        "coordinates": [
          72.47217,
          22.84152
        ]
      }
    },
    {
      "type": "Feature",
      "properties": {
        "name": "Ahmadabad - Sanand Taluka Center",
        "lat": 22.94914,
        "lng": 72.29869,
        "district": "Ahmadabad",
        "taluk": "Sanand",
        "population": 29750,
        "density_km2": 8840.0,
        "income_tier": "high",
        "classification": "tier1_metro"
      },
      "geometry": {
        "type": "Point",
        "coordinates": [
          72.29869,
          22.94914
        ]
      }
    },
    {
      "type": "Feature",
      "properties": {
        "name": "Ahmadabad - Viramgam Taluka Center",
        "lat": 23.17997,
        "lng": 72.07606,
        "district": "Ahmadabad",
        "taluk": "Viramgam",
        "population": 21750,
        "density_km2": 9520.0,
        "income_tier": "high",
        "classification": "tier1_metro"
      },
      "geometry": {
        "type": "Point",
        "coordinates": [
          72.07606,
          23.17997
        ]
      }
    },
    {
      "type": "Feature",
      "properties": {
        "name": "Amreli - Amreli Taluka Center",
        "lat": 21.59085,
        "lng": 71.17839,
        "district": "Amreli",
        "taluk": "Amreli",
        "population": 4840,
        "density_km2": 1302.0,
        "income_tier": "low",
        "classification": "saurashtra_agro"
      },
      "geometry": {
        "type": "Point",
        "coordinates": [
          71.17839,
          21.59085
        ]
      }
    },
    {
      "type": "Feature",
      "properties": {
        "name": "Amreli - Babra Taluka Center",
        "lat": 21.88621,
        "lng": 71.27093,
        "district": "Amreli",
        "taluk": "Babra",
        "population": 5115,
        "density_km2": 1372.0,
        "income_tier": "low",
        "classification": "saurashtra_agro"
      },
      "geometry": {
        "type": "Point",
        "coordinates": [
          71.27093,
          21.88621
        ]
      }
    },
    {
      "type": "Feature",
      "properties": {
        "name": "Amreli - Dhari Taluka Center",
        "lat": 21.32662,
        "lng": 71.05059,
        "district": "Amreli",
        "taluk": "Dhari",
        "population": 6105,
        "density_km2": 1204.0,
        "income_tier": "low",
        "classification": "saurashtra_agro"
      },
      "geometry": {
        "type": "Point",
        "coordinates": [
          71.05059,
          21.32662
        ]
      }
    },
    {
      "type": "Feature",
      "properties": {
        "name": "Amreli - Jafarabad Taluka Center",
        "lat": 20.86242,
        "lng": 71.36214,
        "district": "Amreli",
        "taluk": "Jafarabad",
        "population": 5390,
        "density_km2": 1302.0,
        "income_tier": "low",
        "classification": "saurashtra_agro"
      },
      "geometry": {
        "type": "Point",
        "coordinates": [
          71.36214,
          20.86242
        ]
      }
    },
    {
      "type": "Feature",
      "properties": {
        "name": "Amreli - Khambha Taluka Center",
        "lat": 21.12195,
        "lng": 71.20869,
        "district": "Amreli",
        "taluk": "Khambha",
        "population": 4510,
        "density_km2": 1358.0,
        "income_tier": "low",
        "classification": "saurashtra_agro"
      },
      "geometry": {
        "type": "Point",
        "coordinates": [
          71.20869,
          21.12195
        ]
      }
    },
    {
      "type": "Feature",
      "properties": {
        "name": "Amreli - Kundla Taluka Center",
        "lat": 21.28707,
        "lng": 71.45927,
        "district": "Amreli",
        "taluk": "Kundla",
        "population": 6160,
        "density_km2": 1218.0,
        "income_tier": "low",
        "classification": "saurashtra_agro"
      },
      "geometry": {
        "type": "Point",
        "coordinates": [
          71.45927,
          21.28707
        ]
      }
    },
    {
      "type": "Feature",
      "properties": {
        "name": "Amreli - Lathi Taluka Center",
        "lat": 21.68135,
        "lng": 71.45763,
        "district": "Amreli",
        "taluk": "Lathi",
        "population": 5885,
        "density_km2": 1568.0,
        "income_tier": "low",
        "classification": "saurashtra_agro"
      },
      "geometry": {
        "type": "Point",
        "coordinates": [
          71.45763,
          21.68135
        ]
      }
    },
    {
      "type": "Feature",
      "properties": {
        "name": "Amreli - Lilia Taluka Center",
        "lat": 21.53631,
        "lng": 71.43456,
        "district": "Amreli",
        "taluk": "Lilia",
        "population": 6545,
        "density_km2": 1456.0,
        "income_tier": "low",
        "classification": "saurashtra_agro"
      },
      "geometry": {
        "type": "Point",
        "coordinates": [
          71.43456,
          21.53631
        ]
      }
    },
    {
      "type": "Feature",
      "properties": {
        "name": "Amreli - Amreli Sub-district Taluka Center",
        "lat": 21.2896,
        "lng": 70.87717,
        "district": "Amreli",
        "taluk": "Amreli Sub-district",
        "population": 6435,
        "density_km2": 1428.0,
        "income_tier": "low",
        "classification": "saurashtra_agro"
      },
      "geometry": {
        "type": "Point",
        "coordinates": [
          70.87717,
          21.2896
        ]
      }
    },
    {
      "type": "Feature",
      "properties": {
        "name": "Amreli - Rajula Taluka Center",
        "lat": 20.96204,
        "lng": 71.52849,
        "district": "Amreli",
        "taluk": "Rajula",
        "population": 5170,
        "density_km2": 1386.0,
        "income_tier": "low",
        "classification": "saurashtra_agro"
      },
      "geometry": {
        "type": "Point",
        "coordinates": [
          71.52849,
          20.96204
        ]
      }
    },
    {
      "type": "Feature",
      "properties": {
        "name": "Amreli - Vadia Taluka Center",
        "lat": 21.62204,
        "lng": 70.98146,
        "district": "Amreli",
        "taluk": "Vadia",
        "population": 5500,
        "density_km2": 1470.0,
        "income_tier": "low",
        "classification": "saurashtra_agro"
      },
      "geometry": {
        "type": "Point",
        "coordinates": [
          70.98146,
          21.62204
        ]
      }
    },
    {
      "type": "Feature",
      "properties": {
        "name": "Anand - Anand Taluka Center",
        "lat": 22.57105,
        "lng": 73.02968,
        "district": "Anand",
        "taluk": "Anand",
        "population": 9120,
        "density_km2": 2574.0,
        "income_tier": "medium",
        "classification": "agro_industrial"
      },
      "geometry": {
        "type": "Point",
        "coordinates": [
          73.02968,
          22.57105
        ]
      }
    },
    {
      "type": "Feature",
      "properties": {
        "name": "Anand - Borsad Taluka Center",
        "lat": 22.29177,
        "lng": 72.87324,
        "district": "Anand",
        "taluk": "Borsad",
        "population": 9520,
        "density_km2": 2704.0,
        "income_tier": "medium",
        "classification": "agro_industrial"
      },
      "geometry": {
        "type": "Point",
        "coordinates": [
          72.87324,
          22.29177
        ]
      }
    },
    {
      "type": "Feature",
      "properties": {
        "name": "Anand - Khambhat Taluka Center",
        "lat": 22.27171,
        "lng": 72.5159,
        "district": "Anand",
        "taluk": "Khambhat",
        "population": 8240,
        "density_km2": 2808.0,
        "income_tier": "medium",
        "classification": "agro_industrial"
      },
      "geometry": {
        "type": "Point",
        "coordinates": [
          72.5159,
          22.27171
        ]
      }
    },
    {
      "type": "Feature",
      "properties": {
        "name": "Anand - Petlad Taluka Center",
        "lat": 22.51766,
        "lng": 72.78674,
        "district": "Anand",
        "taluk": "Petlad",
        "population": 7680,
        "density_km2": 2366.0,
        "income_tier": "medium",
        "classification": "agro_industrial"
      },
      "geometry": {
        "type": "Point",
        "coordinates": [
          72.78674,
          22.51766
        ]
      }
    },
    {
      "type": "Feature",
      "properties": {
        "name": "Banas Kantha - Danta Taluka Center",
        "lat": 24.189,
        "lng": 72.83333,
        "district": "Banas Kantha",
        "taluk": "Danta",
        "population": 7280,
        "density_km2": 1649.0,
        "income_tier": "low",
        "classification": "dairy_agro_belt"
      },
      "geometry": {
        "type": "Point",
        "coordinates": [
          72.83333,
          24.189
        ]
      }
    },
    {
      "type": "Feature",
      "properties": {
        "name": "Banas Kantha - Dhanera Taluka Center",
        "lat": 24.51727,
        "lng": 72.17438,
        "district": "Banas Kantha",
        "taluk": "Dhanera",
        "population": 7410,
        "density_km2": 1513.0,
        "income_tier": "low",
        "classification": "dairy_agro_belt"
      },
      "geometry": {
        "type": "Point",
        "coordinates": [
          72.17438,
          24.51727
        ]
      }
    },
    {
      "type": "Feature",
      "properties": {
        "name": "Banas Kantha - Disa Taluka Center",
        "lat": 24.27542,
        "lng": 72.06646,
        "district": "Banas Kantha",
        "taluk": "Disa",
        "population": 5330,
        "density_km2": 1819.0,
        "income_tier": "low",
        "classification": "dairy_agro_belt"
      },
      "geometry": {
        "type": "Point",
        "coordinates": [
          72.06646,
          24.27542
        ]
      }
    },
    {
      "type": "Feature",
      "properties": {
        "name": "Banas Kantha - Diyodar Taluka Center",
        "lat": 24.12044,
        "lng": 71.70644,
        "district": "Banas Kantha",
        "taluk": "Diyodar",
        "population": 5915,
        "density_km2": 1462.0,
        "income_tier": "low",
        "classification": "dairy_agro_belt"
      },
      "geometry": {
        "type": "Point",
        "coordinates": [
          71.70644,
          24.12044
        ]
      }
    },
    {
      "type": "Feature",
      "properties": {
        "name": "Banas Kantha - Kankrej Taluka Center",
        "lat": 24.00219,
        "lng": 71.86625,
        "district": "Banas Kantha",
        "taluk": "Kankrej",
        "population": 5720,
        "density_km2": 1921.0,
        "income_tier": "low",
        "classification": "dairy_agro_belt"
      },
      "geometry": {
        "type": "Point",
        "coordinates": [
          71.86625,
          24.00219
        ]
      }
    },
    {
      "type": "Feature",
      "properties": {
        "name": "Banas Kantha - Palanpur Taluka Center",
        "lat": 24.23525,
        "lng": 72.45544,
        "district": "Banas Kantha",
        "taluk": "Palanpur",
        "population": 5200,
        "density_km2": 1785.0,
        "income_tier": "low",
        "classification": "dairy_agro_belt"
      },
      "geometry": {
        "type": "Point",
        "coordinates": [
          72.45544,
          24.23525
        ]
      }
    },
    {
      "type": "Feature",
      "properties": {
        "name": "Banas Kantha - Tharad Taluka Center",
        "lat": 24.49248,
        "lng": 71.67864,
        "district": "Banas Kantha",
        "taluk": "Tharad",
        "population": 6500,
        "density_km2": 1445.0,
        "income_tier": "low",
        "classification": "dairy_agro_belt"
      },
      "geometry": {
        "type": "Point",
        "coordinates": [
          71.67864,
          24.49248
        ]
      }
    },
    {
      "type": "Feature",
      "properties": {
        "name": "Banas Kantha - Vadgam Taluka Center",
        "lat": 24.04775,
        "lng": 72.52517,
        "district": "Banas Kantha",
        "taluk": "Vadgam",
        "population": 5200,
        "density_km2": 1445.0,
        "income_tier": "low",
        "classification": "dairy_agro_belt"
      },
      "geometry": {
        "type": "Point",
        "coordinates": [
          72.52517,
          24.04775
        ]
      }
    },
    {
      "type": "Feature",
      "properties": {
        "name": "Banas Kantha - Vav Taluka Center",
        "lat": 24.32219,
        "lng": 71.43002,
        "district": "Banas Kantha",
        "taluk": "Vav",
        "population": 6825,
        "density_km2": 1530.0,
        "income_tier": "low",
        "classification": "dairy_agro_belt"
      },
      "geometry": {
        "type": "Point",
        "coordinates": [
          71.43002,
          24.32219
        ]
      }
    },
    {
      "type": "Feature",
      "properties": {
        "name": "Bharuch - Amod Taluka Center",
        "lat": 21.97309,
        "lng": 72.9525,
        "district": "Bharuch",
        "taluk": "Amod",
        "population": 9180,
        "density_km2": 2232.0,
        "income_tier": "medium",
        "classification": "chemical_corridor"
      },
      "geometry": {
        "type": "Point",
        "coordinates": [
          72.9525,
          21.97309
        ]
      }
    },
    {
      "type": "Feature",
      "properties": {
        "name": "Bharuch - Ankleshwar Taluka Center",
        "lat": 21.58383,
        "lng": 72.98458,
        "district": "Bharuch",
        "taluk": "Ankleshwar",
        "population": 6970,
        "density_km2": 2568.0,
        "income_tier": "medium",
        "classification": "chemical_corridor"
      },
      "geometry": {
        "type": "Point",
        "coordinates": [
          72.98458,
          21.58383
        ]
      }
    },
    {
      "type": "Feature",
      "properties": {
        "name": "Bharuch - Bharuch Taluka Center",
        "lat": 21.71039,
        "lng": 72.87485,
        "district": "Bharuch",
        "taluk": "Bharuch",
        "population": 8245,
        "density_km2": 2208.0,
        "income_tier": "medium",
        "classification": "chemical_corridor"
      },
      "geometry": {
        "type": "Point",
        "coordinates": [
          72.87485,
          21.71039
        ]
      }
    },
    {
      "type": "Feature",
      "properties": {
        "name": "Bharuch - Hansot Mahal Taluka Center",
        "lat": 21.56288,
        "lng": 72.67505,
        "district": "Bharuch",
        "taluk": "Hansot Mahal",
        "population": 9350,
        "density_km2": 2040.0,
        "income_tier": "medium",
        "classification": "chemical_corridor"
      },
      "geometry": {
        "type": "Point",
        "coordinates": [
          72.67505,
          21.56288
        ]
      }
    },
    {
      "type": "Feature",
      "properties": {
        "name": "Bharuch - Jambusar Taluka Center",
        "lat": 22.0983,
        "lng": 72.64373,
        "district": "Bharuch",
        "taluk": "Jambusar",
        "population": 8670,
        "density_km2": 2088.0,
        "income_tier": "medium",
        "classification": "chemical_corridor"
      },
      "geometry": {
        "type": "Point",
        "coordinates": [
          72.64373,
          22.0983
        ]
      }
    },
    {
      "type": "Feature",
      "properties": {
        "name": "Bharuch - Jhagadia Taluka Center",
        "lat": 21.70327,
        "lng": 73.27434,
        "district": "Bharuch",
        "taluk": "Jhagadia",
        "population": 9350,
        "density_km2": 2040.0,
        "income_tier": "medium",
        "classification": "chemical_corridor"
      },
      "geometry": {
        "type": "Point",
        "coordinates": [
          73.27434,
          21.70327
        ]
      }
    },
    {
      "type": "Feature",
      "properties": {
        "name": "Bharuch - Vagra Taluka Center",
        "lat": 21.71926,
        "lng": 72.61289,
        "district": "Bharuch",
        "taluk": "Vagra",
        "population": 6800,
        "density_km2": 2520.0,
        "income_tier": "medium",
        "classification": "chemical_corridor"
      },
      "geometry": {
        "type": "Point",
        "coordinates": [
          72.61289,
          21.71926
        ]
      }
    },
    {
      "type": "Feature",
      "properties": {
        "name": "Bharuch - Valia Taluka Center",
        "lat": 21.57818,
        "lng": 73.27827,
        "district": "Bharuch",
        "taluk": "Valia",
        "population": 7310,
        "density_km2": 2184.0,
        "income_tier": "medium",
        "classification": "chemical_corridor"
      },
      "geometry": {
        "type": "Point",
        "coordinates": [
          73.27827,
          21.57818
        ]
      }
    },
    {
      "type": "Feature",
      "properties": {
        "name": "Bhavnagar - Bhavnagar Taluka Center",
        "lat": 21.75025,
        "lng": 72.11086,
        "district": "Bhavnagar",
        "taluk": "Bhavnagar",
        "population": 9595,
        "density_km2": 2408.0,
        "income_tier": "medium",
        "classification": "industrial_coastal"
      },
      "geometry": {
        "type": "Point",
        "coordinates": [
          72.11086,
          21.75025
        ]
      }
    },
    {
      "type": "Feature",
      "properties": {
        "name": "Bhavnagar - Botad Taluka Center",
        "lat": 22.15092,
        "lng": 71.66305,
        "district": "Bhavnagar",
        "taluk": "Botad",
        "population": 9215,
        "density_km2": 2856.0,
        "income_tier": "medium",
        "classification": "industrial_coastal"
      },
      "geometry": {
        "type": "Point",
        "coordinates": [
          71.66305,
          22.15092
        ]
      }
    },
    {
      "type": "Feature",
      "properties": {
        "name": "Bhavnagar - Gadhada Taluka Center",
        "lat": 21.93211,
        "lng": 71.58401,
        "district": "Bhavnagar",
        "taluk": "Gadhada",
        "population": 8550,
        "density_km2": 2380.0,
        "income_tier": "medium",
        "classification": "industrial_coastal"
      },
      "geometry": {
        "type": "Point",
        "coordinates": [
          71.58401,
          21.93211
        ]
      }
    },
    {
      "type": "Feature",
      "properties": {
        "name": "Bhavnagar - Gariyadhar Taluka Center",
        "lat": 21.52646,
        "lng": 71.64216,
        "district": "Bhavnagar",
        "taluk": "Gariyadhar",
        "population": 8550,
        "density_km2": 2380.0,
        "income_tier": "medium",
        "classification": "industrial_coastal"
      },
      "geometry": {
        "type": "Point",
        "coordinates": [
          71.64216,
          21.52646
        ]
      }
    },
    {
      "type": "Feature",
      "properties": {
        "name": "Bhavnagar - Ghogha Taluka Center",
        "lat": 21.67897,
        "lng": 72.2811,
        "district": "Bhavnagar",
        "taluk": "Ghogha",
        "population": 8265,
        "density_km2": 2576.0,
        "income_tier": "medium",
        "classification": "industrial_coastal"
      },
      "geometry": {
        "type": "Point",
        "coordinates": [
          72.2811,
          21.67897
        ]
      }
    },
    {
      "type": "Feature",
      "properties": {
        "name": "Bhavnagar - Mahuva Taluka Center",
        "lat": 21.11928,
        "lng": 71.84605,
        "district": "Bhavnagar",
        "taluk": "Mahuva",
        "population": 7885,
        "density_km2": 2464.0,
        "income_tier": "medium",
        "classification": "industrial_coastal"
      },
      "geometry": {
        "type": "Point",
        "coordinates": [
          71.84605,
          21.11928
        ]
      }
    },
    {
      "type": "Feature",
      "properties": {
        "name": "Bhavnagar - Bhavnagar Sub-district Taluka Center",
        "lat": 22.21921,
        "lng": 72.36943,
        "district": "Bhavnagar",
        "taluk": "Bhavnagar Sub-district",
        "population": 9120,
        "density_km2": 3108.0,
        "income_tier": "medium",
        "classification": "industrial_coastal"
      },
      "geometry": {
        "type": "Point",
        "coordinates": [
          72.36943,
          22.21921
        ]
      }
    },
    {
      "type": "Feature",
      "properties": {
        "name": "Bhavnagar - Palitana Taluka Center",
        "lat": 21.50293,
        "lng": 71.80512,
        "district": "Bhavnagar",
        "taluk": "Palitana",
        "population": 7885,
        "density_km2": 3024.0,
        "income_tier": "medium",
        "classification": "industrial_coastal"
      },
      "geometry": {
        "type": "Point",
        "coordinates": [
          71.80512,
          21.50293
        ]
      }
    },
    {
      "type": "Feature",
      "properties": {
        "name": "Bhavnagar - Sihor Taluka Center",
        "lat": 21.66656,
        "lng": 71.90031,
        "district": "Bhavnagar",
        "taluk": "Sihor",
        "population": 9120,
        "density_km2": 3108.0,
        "income_tier": "medium",
        "classification": "industrial_coastal"
      },
      "geometry": {
        "type": "Point",
        "coordinates": [
          71.90031,
          21.66656
        ]
      }
    },
    {
      "type": "Feature",
      "properties": {
        "name": "Bhavnagar - Talaja Taluka Center",
        "lat": 21.2846,
        "lng": 72.09756,
        "district": "Bhavnagar",
        "taluk": "Talaja",
        "population": 8930,
        "density_km2": 2492.0,
        "income_tier": "medium",
        "classification": "industrial_coastal"
      },
      "geometry": {
        "type": "Point",
        "coordinates": [
          72.09756,
          21.2846
        ]
      }
    },
    {
      "type": "Feature",
      "properties": {
        "name": "Bhavnagar - Umrala Taluka Center",
        "lat": 21.80347,
        "lng": 71.75961,
        "district": "Bhavnagar",
        "taluk": "Umrala",
        "population": 11305,
        "density_km2": 2912.0,
        "income_tier": "medium",
        "classification": "industrial_coastal"
      },
      "geometry": {
        "type": "Point",
        "coordinates": [
          71.75961,
          21.80347
        ]
      }
    },
    {
      "type": "Feature",
      "properties": {
        "name": "Bhavnagar - Valabhipur Taluka Center",
        "lat": 21.96351,
        "lng": 71.89443,
        "district": "Bhavnagar",
        "taluk": "Valabhipur",
        "population": 8740,
        "density_km2": 2996.0,
        "income_tier": "medium",
        "classification": "industrial_coastal"
      },
      "geometry": {
        "type": "Point",
        "coordinates": [
          71.89443,
          21.96351
        ]
      }
    },
    {
      "type": "Feature",
      "properties": {
        "name": "Dahod - Dahod Taluka Center",
        "lat": 22.80021,
        "lng": 74.29074,
        "district": "Dahod",
        "taluk": "Dahod",
        "population": 5450,
        "density_km2": 1596.0,
        "income_tier": "low",
        "classification": "tribal_eastern"
      },
      "geometry": {
        "type": "Point",
        "coordinates": [
          74.29074,
          22.80021
        ]
      }
    },
    {
      "type": "Feature",
      "properties": {
        "name": "Dahod - Devgadh Bariya Taluka Center",
        "lat": 22.65847,
        "lng": 73.82255,
        "district": "Dahod",
        "taluk": "Devgadh Bariya",
        "population": 4000,
        "density_km2": 1330.0,
        "income_tier": "low",
        "classification": "tribal_eastern"
      },
      "geometry": {
        "type": "Point",
        "coordinates": [
          73.82255,
          22.65847
        ]
      }
    },
    {
      "type": "Feature",
      "properties": {
        "name": "Dahod - Jhalod Taluka Center",
        "lat": 23.04664,
        "lng": 74.13805,
        "district": "Dahod",
        "taluk": "Jhalod",
        "population": 5000,
        "density_km2": 1190.0,
        "income_tier": "low",
        "classification": "tribal_eastern"
      },
      "geometry": {
        "type": "Point",
        "coordinates": [
          74.13805,
          23.04664
        ]
      }
    },
    {
      "type": "Feature",
      "properties": {
        "name": "Dahod - Limkheda Taluka Center",
        "lat": 22.76642,
        "lng": 74.08109,
        "district": "Dahod",
        "taluk": "Limkheda",
        "population": 5700,
        "density_km2": 1386.0,
        "income_tier": "low",
        "classification": "tribal_eastern"
      },
      "geometry": {
        "type": "Point",
        "coordinates": [
          74.08109,
          22.76642
        ]
      }
    },
    {
      "type": "Feature",
      "properties": {
        "name": "Dahod - Santrampur Taluka Center",
        "lat": 23.22165,
        "lng": 73.87342,
        "district": "Dahod",
        "taluk": "Santrampur",
        "population": 4400,
        "density_km2": 1302.0,
        "income_tier": "low",
        "classification": "tribal_eastern"
      },
      "geometry": {
        "type": "Point",
        "coordinates": [
          73.87342,
          23.22165
        ]
      }
    },
    {
      "type": "Feature",
      "properties": {
        "name": "Gandhinagar - Dahegam Taluka Center",
        "lat": 23.16713,
        "lng": 72.8923,
        "district": "Gandhinagar",
        "taluk": "Dahegam",
        "population": 11520,
        "density_km2": 3996.0,
        "income_tier": "high",
        "classification": "capital_corridor"
      },
      "geometry": {
        "type": "Point",
        "coordinates": [
          72.8923,
          23.16713
        ]
      }
    },
    {
      "type": "Feature",
      "properties": {
        "name": "Gandhinagar - Gandhinagar Taluka Center",
        "lat": 23.217,
        "lng": 72.68536,
        "district": "Gandhinagar",
        "taluk": "Gandhinagar",
        "population": 10200,
        "density_km2": 3960.0,
        "income_tier": "high",
        "classification": "capital_corridor"
      },
      "geometry": {
        "type": "Point",
        "coordinates": [
          72.68536,
          23.217
        ]
      }
    },
    {
      "type": "Feature",
      "properties": {
        "name": "Gandhinagar - Kalol Taluka Center",
        "lat": 23.23902,
        "lng": 72.51358,
        "district": "Gandhinagar",
        "taluk": "Kalol",
        "population": 10800,
        "density_km2": 3060.0,
        "income_tier": "high",
        "classification": "capital_corridor"
      },
      "geometry": {
        "type": "Point",
        "coordinates": [
          72.51358,
          23.23902
        ]
      }
    },
    {
      "type": "Feature",
      "properties": {
        "name": "Jamnagar - Bhanvad Taluka Center",
        "lat": 21.94936,
        "lng": 69.79153,
        "district": "Jamnagar",
        "taluk": "Bhanvad",
        "population": 9720,
        "density_km2": 2938.0,
        "income_tier": "medium",
        "classification": "industrial_refinery"
      },
      "geometry": {
        "type": "Point",
        "coordinates": [
          69.79153,
          21.94936
        ]
      }
    },
    {
      "type": "Feature",
      "properties": {
        "name": "Jamnagar - Dhrol Taluka Center",
        "lat": 22.5029,
        "lng": 70.46895,
        "district": "Jamnagar",
        "taluk": "Dhrol",
        "population": 8010,
        "density_km2": 2704.0,
        "income_tier": "medium",
        "classification": "industrial_refinery"
      },
      "geometry": {
        "type": "Point",
        "coordinates": [
          70.46895,
          22.5029
        ]
      }
    },
    {
      "type": "Feature",
      "properties": {
        "name": "Jamnagar - Dwarka Taluka Center",
        "lat": 22.29765,
        "lng": 69.09556,
        "district": "Jamnagar",
        "taluk": "Dwarka",
        "population": 7830,
        "density_km2": 2392.0,
        "income_tier": "medium",
        "classification": "industrial_refinery"
      },
      "geometry": {
        "type": "Point",
        "coordinates": [
          69.09556,
          22.29765
        ]
      }
    },
    {
      "type": "Feature",
      "properties": {
        "name": "Jamnagar - Jam Jodhpur Taluka Center",
        "lat": 21.92622,
        "lng": 70.04112,
        "district": "Jamnagar",
        "taluk": "Jam Jodhpur",
        "population": 9900,
        "density_km2": 2210.0,
        "income_tier": "medium",
        "classification": "industrial_refinery"
      },
      "geometry": {
        "type": "Point",
        "coordinates": [
          70.04112,
          21.92622
        ]
      }
    },
    {
      "type": "Feature",
      "properties": {
        "name": "Jamnagar - Jamnagar Taluka Center",
        "lat": 22.5117,
        "lng": 69.95681,
        "district": "Jamnagar",
        "taluk": "Jamnagar",
        "population": 7830,
        "density_km2": 2392.0,
        "income_tier": "medium",
        "classification": "industrial_refinery"
      },
      "geometry": {
        "type": "Point",
        "coordinates": [
          69.95681,
          22.5117
        ]
      }
    },
    {
      "type": "Feature",
      "properties": {
        "name": "Jamnagar - Jodiya Taluka Center",
        "lat": 22.76166,
        "lng": 70.42155,
        "district": "Jamnagar",
        "taluk": "Jodiya",
        "population": 7470,
        "density_km2": 2288.0,
        "income_tier": "medium",
        "classification": "industrial_refinery"
      },
      "geometry": {
        "type": "Point",
        "coordinates": [
          70.42155,
          22.76166
        ]
      }
    },
    {
      "type": "Feature",
      "properties": {
        "name": "Jamnagar - Kalavad Taluka Center",
        "lat": 22.17781,
        "lng": 70.40099,
        "district": "Jamnagar",
        "taluk": "Kalavad",
        "population": 8730,
        "density_km2": 2652.0,
        "income_tier": "medium",
        "classification": "industrial_refinery"
      },
      "geometry": {
        "type": "Point",
        "coordinates": [
          70.40099,
          22.17781
        ]
      }
    },
    {
      "type": "Feature",
      "properties": {
        "name": "Jamnagar - Kalyanpur Taluka Center",
        "lat": 22.18659,
        "lng": 69.34046,
        "district": "Jamnagar",
        "taluk": "Kalyanpur",
        "population": 9000,
        "density_km2": 2730.0,
        "income_tier": "medium",
        "classification": "industrial_refinery"
      },
      "geometry": {
        "type": "Point",
        "coordinates": [
          69.34046,
          22.18659
        ]
      }
    },
    {
      "type": "Feature",
      "properties": {
        "name": "Jamnagar - Khambhaliya Taluka Center",
        "lat": 22.38181,
        "lng": 69.62146,
        "district": "Jamnagar",
        "taluk": "Khambhaliya",
        "population": 7470,
        "density_km2": 2548.0,
        "income_tier": "medium",
        "classification": "industrial_refinery"
      },
      "geometry": {
        "type": "Point",
        "coordinates": [
          69.62146,
          22.38181
        ]
      }
    },
    {
      "type": "Feature",
      "properties": {
        "name": "Jamnagar - Lalpur Taluka Center",
        "lat": 22.25877,
        "lng": 69.92256,
        "district": "Jamnagar",
        "taluk": "Lalpur",
        "population": 8190,
        "density_km2": 2756.0,
        "income_tier": "medium",
        "classification": "industrial_refinery"
      },
      "geometry": {
        "type": "Point",
        "coordinates": [
          69.92256,
          22.25877
        ]
      }
    },
    {
      "type": "Feature",
      "properties": {
        "name": "Jamnagar - Jamnagar Sub-district Taluka Center",
        "lat": 22.92296,
        "lng": 70.44231,
        "district": "Jamnagar",
        "taluk": "Jamnagar Sub-district",
        "population": 9630,
        "density_km2": 2392.0,
        "income_tier": "medium",
        "classification": "industrial_refinery"
      },
      "geometry": {
        "type": "Point",
        "coordinates": [
          70.44231,
          22.92296
        ]
      }
    },
    {
      "type": "Feature",
      "properties": {
        "name": "Junagadh - Bhesan Taluka Center",
        "lat": 21.56304,
        "lng": 70.72965,
        "district": "Junagadh",
        "taluk": "Bhesan",
        "population": 8700,
        "density_km2": 1911.0,
        "income_tier": "medium",
        "classification": "heritage_agro"
      },
      "geometry": {
        "type": "Point",
        "coordinates": [
          70.72965,
          21.56304
        ]
      }
    },
    {
      "type": "Feature",
      "properties": {
        "name": "Junagadh - Junagadh Taluka Center",
        "lat": 21.49488,
        "lng": 70.53384,
        "district": "Junagadh",
        "taluk": "Junagadh",
        "population": 6600,
        "density_km2": 2163.0,
        "income_tier": "medium",
        "classification": "heritage_agro"
      },
      "geometry": {
        "type": "Point",
        "coordinates": [
          70.53384,
          21.49488
        ]
      }
    },
    {
      "type": "Feature",
      "properties": {
        "name": "Junagadh - Keshod Taluka Center",
        "lat": 21.309,
        "lng": 70.24817,
        "district": "Junagadh",
        "taluk": "Keshod",
        "population": 8475,
        "density_km2": 1848.0,
        "income_tier": "medium",
        "classification": "heritage_agro"
      },
      "geometry": {
        "type": "Point",
        "coordinates": [
          70.24817,
          21.309
        ]
      }
    },
    {
      "type": "Feature",
      "properties": {
        "name": "Junagadh - Maliya Taluka Center",
        "lat": 21.02646,
        "lng": 70.26434,
        "district": "Junagadh",
        "taluk": "Maliya",
        "population": 6900,
        "density_km2": 2247.0,
        "income_tier": "medium",
        "classification": "heritage_agro"
      },
      "geometry": {
        "type": "Point",
        "coordinates": [
          70.26434,
          21.02646
        ]
      }
    },
    {
      "type": "Feature",
      "properties": {
        "name": "Junagadh - Manavadar Taluka Center",
        "lat": 21.51713,
        "lng": 70.12663,
        "district": "Junagadh",
        "taluk": "Manavadar",
        "population": 8175,
        "density_km2": 2394.0,
        "income_tier": "medium",
        "classification": "heritage_agro"
      },
      "geometry": {
        "type": "Point",
        "coordinates": [
          70.12663,
          21.51713
        ]
      }
    },
    {
      "type": "Feature",
      "properties": {
        "name": "Junagadh - Mangrol Taluka Center",
        "lat": 21.13271,
        "lng": 70.09898,
        "district": "Junagadh",
        "taluk": "Mangrol",
        "population": 6150,
        "density_km2": 2037.0,
        "income_tier": "medium",
        "classification": "heritage_agro"
      },
      "geometry": {
        "type": "Point",
        "coordinates": [
          70.09898,
          21.13271
        ]
      }
    },
    {
      "type": "Feature",
      "properties": {
        "name": "Junagadh - Mendarda Taluka Center",
        "lat": 21.30179,
        "lng": 70.48722,
        "district": "Junagadh",
        "taluk": "Mendarda",
        "population": 6750,
        "density_km2": 2205.0,
        "income_tier": "medium",
        "classification": "heritage_agro"
      },
      "geometry": {
        "type": "Point",
        "coordinates": [
          70.48722,
          21.30179
        ]
      }
    },
    {
      "type": "Feature",
      "properties": {
        "name": "Junagadh - Junagadh Sub-district Taluka Center",
        "lat": 21.08745,
        "lng": 70.83554,
        "district": "Junagadh",
        "taluk": "Junagadh Sub-district",
        "population": 8325,
        "density_km2": 2016.0,
        "income_tier": "medium",
        "classification": "heritage_agro"
      },
      "geometry": {
        "type": "Point",
        "coordinates": [
          70.83554,
          21.08745
        ]
      }
    },
    {
      "type": "Feature",
      "properties": {
        "name": "Junagadh - Talala Taluka Center",
        "lat": 21.04569,
        "lng": 70.60317,
        "district": "Junagadh",
        "taluk": "Talala",
        "population": 6450,
        "density_km2": 1911.0,
        "income_tier": "medium",
        "classification": "heritage_agro"
      },
      "geometry": {
        "type": "Point",
        "coordinates": [
          70.60317,
          21.04569
        ]
      }
    },
    {
      "type": "Feature",
      "properties": {
        "name": "Junagadh - Una Taluka Center",
        "lat": 20.75989,
        "lng": 71.01056,
        "district": "Junagadh",
        "taluk": "Una",
        "population": 7500,
        "density_km2": 1785.0,
        "income_tier": "medium",
        "classification": "heritage_agro"
      },
      "geometry": {
        "type": "Point",
        "coordinates": [
          71.01056,
          20.75989
        ]
      }
    },
    {
      "type": "Feature",
      "properties": {
        "name": "Junagadh - Vanthli Taluka Center",
        "lat": 21.44848,
        "lng": 70.34875,
        "district": "Junagadh",
        "taluk": "Vanthli",
        "population": 6225,
        "density_km2": 2268.0,
        "income_tier": "medium",
        "classification": "heritage_agro"
      },
      "geometry": {
        "type": "Point",
        "coordinates": [
          70.34875,
          21.44848
        ]
      }
    },
    {
      "type": "Feature",
      "properties": {
        "name": "Junagadh - Veraval Taluka Center",
        "lat": 20.86417,
        "lng": 70.45738,
        "district": "Junagadh",
        "taluk": "Veraval",
        "population": 6675,
        "density_km2": 1974.0,
        "income_tier": "medium",
        "classification": "heritage_agro"
      },
      "geometry": {
        "type": "Point",
        "coordinates": [
          70.45738,
          20.86417
        ]
      }
    },
    {
      "type": "Feature",
      "properties": {
        "name": "Junagadh - Visavadar Taluka Center",
        "lat": 21.37563,
        "lng": 70.76253,
        "district": "Junagadh",
        "taluk": "Visavadar",
        "population": 6825,
        "density_km2": 2226.0,
        "income_tier": "medium",
        "classification": "heritage_agro"
      },
      "geometry": {
        "type": "Point",
        "coordinates": [
          70.76253,
          21.37563
        ]
      }
    },
    {
      "type": "Feature",
      "properties": {
        "name": "Kachchh - Anjar Taluka Center",
        "lat": 22.98641,
        "lng": 70.13182,
        "district": "Kachchh",
        "taluk": "Anjar",
        "population": 5445,
        "density_km2": 611.0,
        "income_tier": "medium",
        "classification": "renewable_port_belt"
      },
      "geometry": {
        "type": "Point",
        "coordinates": [
          70.13182,
          22.98641
        ]
      }
    },
    {
      "type": "Feature",
      "properties": {
        "name": "Kachchh - Bhachau Taluka Center",
        "lat": 23.33173,
        "lng": 70.42586,
        "district": "Kachchh",
        "taluk": "Bhachau",
        "population": 6270,
        "density_km2": 643.5,
        "income_tier": "medium",
        "classification": "renewable_port_belt"
      },
      "geometry": {
        "type": "Point",
        "coordinates": [
          70.42586,
          23.33173
        ]
      }
    },
    {
      "type": "Feature",
      "properties": {
        "name": "Kachchh - Bhuj Taluka Center",
        "lat": 23.4631,
        "lng": 69.71589,
        "district": "Kachchh",
        "taluk": "Bhuj",
        "population": 6270,
        "density_km2": 578.5,
        "income_tier": "medium",
        "classification": "renewable_port_belt"
      },
      "geometry": {
        "type": "Point",
        "coordinates": [
          69.71589,
          23.4631
        ]
      }
    },
    {
      "type": "Feature",
      "properties": {
        "name": "Kachchh - Lakhpat Taluka Center",
        "lat": 23.52655,
        "lng": 68.50332,
        "district": "Kachchh",
        "taluk": "Lakhpat",
        "population": 6380,
        "density_km2": 656.5,
        "income_tier": "medium",
        "classification": "renewable_port_belt"
      },
      "geometry": {
        "type": "Point",
        "coordinates": [
          68.50332,
          23.52655
        ]
      }
    },
    {
      "type": "Feature",
      "properties": {
        "name": "Kachchh - Mandvi Taluka Center",
        "lat": 22.85523,
        "lng": 69.30174,
        "district": "Kachchh",
        "taluk": "Mandvi",
        "population": 4675,
        "density_km2": 715.0,
        "income_tier": "medium",
        "classification": "renewable_port_belt"
      },
      "geometry": {
        "type": "Point",
        "coordinates": [
          69.30174,
          22.85523
        ]
      }
    },
    {
      "type": "Feature",
      "properties": {
        "name": "Kachchh - Mundra Taluka Center",
        "lat": 22.86298,
        "lng": 69.80512,
        "district": "Kachchh",
        "taluk": "Mundra",
        "population": 4565,
        "density_km2": 637.0,
        "income_tier": "medium",
        "classification": "renewable_port_belt"
      },
      "geometry": {
        "type": "Point",
        "coordinates": [
          69.80512,
          22.86298
        ]
      }
    },
    {
      "type": "Feature",
      "properties": {
        "name": "Kachchh - Kachchh Sub-district Taluka Center",
        "lat": 22.76432,
        "lng": 69.64973,
        "district": "Kachchh",
        "taluk": "Kachchh Sub-district",
        "population": 5995,
        "density_km2": 741.0,
        "income_tier": "medium",
        "classification": "renewable_port_belt"
      },
      "geometry": {
        "type": "Point",
        "coordinates": [
          69.64973,
          22.76432
        ]
      }
    },
    {
      "type": "Feature",
      "properties": {
        "name": "Kachchh - Nakhtarana Taluka Center",
        "lat": 23.37713,
        "lng": 69.2786,
        "district": "Kachchh",
        "taluk": "Nakhtarana",
        "population": 4620,
        "density_km2": 578.5,
        "income_tier": "medium",
        "classification": "renewable_port_belt"
      },
      "geometry": {
        "type": "Point",
        "coordinates": [
          69.2786,
          23.37713
        ]
      }
    },
    {
      "type": "Feature",
      "properties": {
        "name": "Kachchh - Naliya Taluka Center",
        "lat": 23.26503,
        "lng": 68.65335,
        "district": "Kachchh",
        "taluk": "Naliya",
        "population": 6050,
        "density_km2": 552.5,
        "income_tier": "medium",
        "classification": "renewable_port_belt"
      },
      "geometry": {
        "type": "Point",
        "coordinates": [
          68.65335,
          23.26503
        ]
      }
    },
    {
      "type": "Feature",
      "properties": {
        "name": "Kachchh - Rapar Taluka Center",
        "lat": 23.64185,
        "lng": 70.72818,
        "district": "Kachchh",
        "taluk": "Rapar",
        "population": 5170,
        "density_km2": 643.5,
        "income_tier": "medium",
        "classification": "renewable_port_belt"
      },
      "geometry": {
        "type": "Point",
        "coordinates": [
          70.72818,
          23.64185
        ]
      }
    },
    {
      "type": "Feature",
      "properties": {
        "name": "Kheda - Kapadvanj Taluka Center",
        "lat": 23.01369,
        "lng": 73.06053,
        "district": "Kheda",
        "taluk": "Kapadvanj",
        "population": 6930,
        "density_km2": 2288.0,
        "income_tier": "medium",
        "classification": "agro_central"
      },
      "geometry": {
        "type": "Point",
        "coordinates": [
          73.06053,
          23.01369
        ]
      }
    },
    {
      "type": "Feature",
      "properties": {
        "name": "Kheda - Mahemdavad Taluka Center",
        "lat": 22.85027,
        "lng": 72.79366,
        "district": "Kheda",
        "taluk": "Mahemdavad",
        "population": 7630,
        "density_km2": 2508.0,
        "income_tier": "medium",
        "classification": "agro_central"
      },
      "geometry": {
        "type": "Point",
        "coordinates": [
          72.79366,
          22.85027
        ]
      }
    },
    {
      "type": "Feature",
      "properties": {
        "name": "Kheda - Matar Taluka Center",
        "lat": 22.67244,
        "lng": 72.642,
        "district": "Kheda",
        "taluk": "Matar",
        "population": 8120,
        "density_km2": 2002.0,
        "income_tier": "medium",
        "classification": "agro_central"
      },
      "geometry": {
        "type": "Point",
        "coordinates": [
          72.642,
          22.67244
        ]
      }
    },
    {
      "type": "Feature",
      "properties": {
        "name": "Kheda - Nadiad Taluka Center",
        "lat": 22.7449,
        "lng": 72.92173,
        "district": "Kheda",
        "taluk": "Nadiad",
        "population": 8189,
        "density_km2": 2024.0,
        "income_tier": "medium",
        "classification": "agro_central"
      },
      "geometry": {
        "type": "Point",
        "coordinates": [
          72.92173,
          22.7449
        ]
      }
    },
    {
      "type": "Feature",
      "properties": {
        "name": "Kheda - Thasra Taluka Center",
        "lat": 22.83038,
        "lng": 73.23919,
        "district": "Kheda",
        "taluk": "Thasra",
        "population": 6580,
        "density_km2": 2398.0,
        "income_tier": "medium",
        "classification": "agro_central"
      },
      "geometry": {
        "type": "Point",
        "coordinates": [
          73.23919,
          22.83038
        ]
      }
    },
    {
      "type": "Feature",
      "properties": {
        "name": "Kheda - Vadasinor Taluka Center",
        "lat": 23.10764,
        "lng": 73.40955,
        "district": "Kheda",
        "taluk": "Vadasinor",
        "population": 6160,
        "density_km2": 2266.0,
        "income_tier": "medium",
        "classification": "agro_central"
      },
      "geometry": {
        "type": "Point",
        "coordinates": [
          73.40955,
          23.10764
        ]
      }
    },
    {
      "type": "Feature",
      "properties": {
        "name": "Mahesana - Chanasma Taluka Center",
        "lat": 23.55159,
        "lng": 72.1478,
        "district": "Mahesana",
        "taluk": "Chanasma",
        "population": 7950,
        "density_km2": 2093.0,
        "income_tier": "medium",
        "classification": "dairy_oil_belt"
      },
      "geometry": {
        "type": "Point",
        "coordinates": [
          72.1478,
          23.55159
        ]
      }
    },
    {
      "type": "Feature",
      "properties": {
        "name": "Mahesana - Kadi Taluka Center",
        "lat": 23.23687,
        "lng": 72.34781,
        "district": "Mahesana",
        "taluk": "Kadi",
        "population": 8325,
        "density_km2": 2208.0,
        "income_tier": "medium",
        "classification": "dairy_oil_belt"
      },
      "geometry": {
        "type": "Point",
        "coordinates": [
          72.34781,
          23.23687
        ]
      }
    },
    {
      "type": "Feature",
      "properties": {
        "name": "Mahesana - Kheralu Taluka Center",
        "lat": 23.89839,
        "lng": 72.67404,
        "district": "Mahesana",
        "taluk": "Kheralu",
        "population": 7875,
        "density_km2": 2070.0,
        "income_tier": "medium",
        "classification": "dairy_oil_belt"
      },
      "geometry": {
        "type": "Point",
        "coordinates": [
          72.67404,
          23.89839
        ]
      }
    },
    {
      "type": "Feature",
      "properties": {
        "name": "Mahesana - Mahesana Taluka Center",
        "lat": 23.51673,
        "lng": 72.36268,
        "district": "Mahesana",
        "taluk": "Mahesana",
        "population": 6900,
        "density_km2": 2461.0,
        "income_tier": "medium",
        "classification": "dairy_oil_belt"
      },
      "geometry": {
        "type": "Point",
        "coordinates": [
          72.36268,
          23.51673
        ]
      }
    },
    {
      "type": "Feature",
      "properties": {
        "name": "Mahesana - Vijapur Taluka Center",
        "lat": 23.55597,
        "lng": 72.69851,
        "district": "Mahesana",
        "taluk": "Vijapur",
        "population": 7875,
        "density_km2": 2530.0,
        "income_tier": "medium",
        "classification": "dairy_oil_belt"
      },
      "geometry": {
        "type": "Point",
        "coordinates": [
          72.69851,
          23.55597
        ]
      }
    },
    {
      "type": "Feature",
      "properties": {
        "name": "Mahesana - Visnagar Taluka Center",
        "lat": 23.67616,
        "lng": 72.51315,
        "district": "Mahesana",
        "taluk": "Visnagar",
        "population": 8025,
        "density_km2": 2576.0,
        "income_tier": "medium",
        "classification": "dairy_oil_belt"
      },
      "geometry": {
        "type": "Point",
        "coordinates": [
          72.51315,
          23.67616
        ]
      }
    },
    {
      "type": "Feature",
      "properties": {
        "name": "Narmada - Dediapada Taluka Center",
        "lat": 21.66494,
        "lng": 73.64353,
        "district": "Narmada",
        "taluk": "Dediapada",
        "population": 4905,
        "density_km2": 1254.0,
        "income_tier": "low",
        "classification": "hydro_tourism_tribal"
      },
      "geometry": {
        "type": "Point",
        "coordinates": [
          73.64353,
          21.66494
        ]
      }
    },
    {
      "type": "Feature",
      "properties": {
        "name": "Narmada - Rajpipla Taluka Center",
        "lat": 21.84591,
        "lng": 73.61038,
        "district": "Narmada",
        "taluk": "Rajpipla",
        "population": 3870,
        "density_km2": 1001.0,
        "income_tier": "low",
        "classification": "hydro_tourism_tribal"
      },
      "geometry": {
        "type": "Point",
        "coordinates": [
          73.61038,
          21.84591
        ]
      }
    },
    {
      "type": "Feature",
      "properties": {
        "name": "Narmada - Sagbara Taluka Center",
        "lat": 21.50716,
        "lng": 73.84609,
        "district": "Narmada",
        "taluk": "Sagbara",
        "population": 4095,
        "density_km2": 946.0,
        "income_tier": "low",
        "classification": "hydro_tourism_tribal"
      },
      "geometry": {
        "type": "Point",
        "coordinates": [
          73.84609,
          21.50716
        ]
      }
    },
    {
      "type": "Feature",
      "properties": {
        "name": "Navsari - Chikhli Taluka Center",
        "lat": 20.74864,
        "lng": 73.13945,
        "district": "Navsari",
        "taluk": "Chikhli",
        "population": 7140,
        "density_km2": 1914.0,
        "income_tier": "medium",
        "classification": "commercial_south"
      },
      "geometry": {
        "type": "Point",
        "coordinates": [
          73.13945,
          20.74864
        ]
      }
    },
    {
      "type": "Feature",
      "properties": {
        "name": "Navsari - Gandevi Taluka Center",
        "lat": 20.77492,
        "lng": 72.88503,
        "district": "Navsari",
        "taluk": "Gandevi",
        "population": 7210,
        "density_km2": 1936.0,
        "income_tier": "medium",
        "classification": "commercial_south"
      },
      "geometry": {
        "type": "Point",
        "coordinates": [
          72.88503,
          20.77492
        ]
      }
    },
    {
      "type": "Feature",
      "properties": {
        "name": "Navsari - Navsari Taluka Center",
        "lat": 20.93096,
        "lng": 72.8016,
        "district": "Navsari",
        "taluk": "Navsari",
        "population": 6370,
        "density_km2": 2112.0,
        "income_tier": "medium",
        "classification": "commercial_south"
      },
      "geometry": {
        "type": "Point",
        "coordinates": [
          72.8016,
          20.93096
        ]
      }
    },
    {
      "type": "Feature",
      "properties": {
        "name": "Navsari - Vansada Taluka Center",
        "lat": 20.73675,
        "lng": 73.3374,
        "district": "Navsari",
        "taluk": "Vansada",
        "population": 7700,
        "density_km2": 2090.0,
        "income_tier": "medium",
        "classification": "commercial_south"
      },
      "geometry": {
        "type": "Point",
        "coordinates": [
          73.3374,
          20.73675
        ]
      }
    },
    {
      "type": "Feature",
      "properties": {
        "name": "Panch Mahals - Godhra Taluka Center",
        "lat": 22.86251,
        "lng": 73.67095,
        "district": "Panch Mahals",
        "taluk": "Godhra",
        "population": 6540,
        "density_km2": 1938.0,
        "income_tier": "low",
        "classification": "agro_industrial"
      },
      "geometry": {
        "type": "Point",
        "coordinates": [
          73.67095,
          22.86251
        ]
      }
    },
    {
      "type": "Feature",
      "properties": {
        "name": "Panch Mahals - Halol Taluka Center",
        "lat": 22.44913,
        "lng": 73.55387,
        "district": "Panch Mahals",
        "taluk": "Halol",
        "population": 5040,
        "density_km2": 1513.0,
        "income_tier": "low",
        "classification": "agro_industrial"
      },
      "geometry": {
        "type": "Point",
        "coordinates": [
          73.55387,
          22.44913
        ]
      }
    },
    {
      "type": "Feature",
      "properties": {
        "name": "Panch Mahals - Jambughoda Taluka Center",
        "lat": 22.36766,
        "lng": 73.70658,
        "district": "Panch Mahals",
        "taluk": "Jambughoda",
        "population": 7080,
        "density_km2": 1581.0,
        "income_tier": "low",
        "classification": "agro_industrial"
      },
      "geometry": {
        "type": "Point",
        "coordinates": [
          73.70658,
          22.36766
        ]
      }
    },
    {
      "type": "Feature",
      "properties": {
        "name": "Panch Mahals - Kalol Taluka Center",
        "lat": 22.6453,
        "lng": 73.51282,
        "district": "Panch Mahals",
        "taluk": "Kalol",
        "population": 5760,
        "density_km2": 1547.0,
        "income_tier": "low",
        "classification": "agro_industrial"
      },
      "geometry": {
        "type": "Point",
        "coordinates": [
          73.51282,
          22.6453
        ]
      }
    },
    {
      "type": "Feature",
      "properties": {
        "name": "Panch Mahals - Lunavada Taluka Center",
        "lat": 23.17818,
        "lng": 73.61073,
        "district": "Panch Mahals",
        "taluk": "Lunavada",
        "population": 7140,
        "density_km2": 1598.0,
        "income_tier": "low",
        "classification": "agro_industrial"
      },
      "geometry": {
        "type": "Point",
        "coordinates": [
          73.61073,
          23.17818
        ]
      }
    },
    {
      "type": "Feature",
      "properties": {
        "name": "Panch Mahals - Shehera Taluka Center",
        "lat": 22.94189,
        "lng": 73.61899,
        "district": "Panch Mahals",
        "taluk": "Shehera",
        "population": 4980,
        "density_km2": 1496.0,
        "income_tier": "low",
        "classification": "agro_industrial"
      },
      "geometry": {
        "type": "Point",
        "coordinates": [
          73.61899,
          22.94189
        ]
      }
    },
    {
      "type": "Feature",
      "properties": {
        "name": "Patan - Harij Taluka Center",
        "lat": 23.77116,
        "lng": 71.92711,
        "district": "Patan",
        "taluk": "Harij",
        "population": 5665,
        "density_km2": 1320.0,
        "income_tier": "low",
        "classification": "solar_agro_belt"
      },
      "geometry": {
        "type": "Point",
        "coordinates": [
          71.92711,
          23.77116
        ]
      }
    },
    {
      "type": "Feature",
      "properties": {
        "name": "Patan - Patan Sub-district Taluka Center",
        "lat": 23.67848,
        "lng": 72.13673,
        "district": "Patan",
        "taluk": "Patan Sub-district",
        "population": 5060,
        "density_km2": 1305.0,
        "income_tier": "low",
        "classification": "solar_agro_belt"
      },
      "geometry": {
        "type": "Point",
        "coordinates": [
          72.13673,
          23.67848
        ]
      }
    },
    {
      "type": "Feature",
      "properties": {
        "name": "Patan - Patan Taluka Center",
        "lat": 23.92304,
        "lng": 72.15141,
        "district": "Patan",
        "taluk": "Patan",
        "population": 6490,
        "density_km2": 1395.0,
        "income_tier": "low",
        "classification": "solar_agro_belt"
      },
      "geometry": {
        "type": "Point",
        "coordinates": [
          72.15141,
          23.92304
        ]
      }
    },
    {
      "type": "Feature",
      "properties": {
        "name": "Patan - Radhanpur Taluka Center",
        "lat": 23.8262,
        "lng": 71.58251,
        "district": "Patan",
        "taluk": "Radhanpur",
        "population": 4620,
        "density_km2": 1635.0,
        "income_tier": "low",
        "classification": "solar_agro_belt"
      },
      "geometry": {
        "type": "Point",
        "coordinates": [
          71.58251,
          23.8262
        ]
      }
    },
    {
      "type": "Feature",
      "properties": {
        "name": "Patan - Sami Taluka Center",
        "lat": 23.62559,
        "lng": 71.70469,
        "district": "Patan",
        "taluk": "Sami",
        "population": 5280,
        "density_km2": 1365.0,
        "income_tier": "low",
        "classification": "solar_agro_belt"
      },
      "geometry": {
        "type": "Point",
        "coordinates": [
          71.70469,
          23.62559
        ]
      }
    },
    {
      "type": "Feature",
      "properties": {
        "name": "Patan - Santalpur Taluka Center",
        "lat": 23.81075,
        "lng": 71.3098,
        "district": "Patan",
        "taluk": "Santalpur",
        "population": 4455,
        "density_km2": 1440.0,
        "income_tier": "low",
        "classification": "solar_agro_belt"
      },
      "geometry": {
        "type": "Point",
        "coordinates": [
          71.3098,
          23.81075
        ]
      }
    },
    {
      "type": "Feature",
      "properties": {
        "name": "Patan - Siddhapur Taluka Center",
        "lat": 23.89162,
        "lng": 72.35871,
        "district": "Patan",
        "taluk": "Siddhapur",
        "population": 5885,
        "density_km2": 1680.0,
        "income_tier": "low",
        "classification": "solar_agro_belt"
      },
      "geometry": {
        "type": "Point",
        "coordinates": [
          72.35871,
          23.89162
        ]
      }
    },
    {
      "type": "Feature",
      "properties": {
        "name": "Porbandar - Kutiyana Taluka Center",
        "lat": 21.59521,
        "lng": 70.01074,
        "district": "Porbandar",
        "taluk": "Kutiyana",
        "population": 6240,
        "density_km2": 1638.0,
        "income_tier": "medium",
        "classification": "coastal_limestone"
      },
      "geometry": {
        "type": "Point",
        "coordinates": [
          70.01074,
          21.59521
        ]
      }
    },
    {
      "type": "Feature",
      "properties": {
        "name": "Porbandar - Porbandar Taluka Center",
        "lat": 21.53874,
        "lng": 69.70951,
        "district": "Porbandar",
        "taluk": "Porbandar",
        "population": 5785,
        "density_km2": 1692.0,
        "income_tier": "medium",
        "classification": "coastal_limestone"
      },
      "geometry": {
        "type": "Point",
        "coordinates": [
          69.70951,
          21.53874
        ]
      }
    },
    {
      "type": "Feature",
      "properties": {
        "name": "Porbandar - Ranavav Taluka Center",
        "lat": 21.62403,
        "lng": 69.74055,
        "district": "Porbandar",
        "taluk": "Ranavav",
        "population": 6370,
        "density_km2": 1674.0,
        "income_tier": "medium",
        "classification": "coastal_limestone"
      },
      "geometry": {
        "type": "Point",
        "coordinates": [
          69.74055,
          21.62403
        ]
      }
    },
    {
      "type": "Feature",
      "properties": {
        "name": "Rajkot - Dhoraji Taluka Center",
        "lat": 21.69356,
        "lng": 70.3935,
        "district": "Rajkot",
        "taluk": "Dhoraji",
        "population": 15680,
        "density_km2": 4176.0,
        "income_tier": "high",
        "classification": "tier2_city"
      },
      "geometry": {
        "type": "Point",
        "coordinates": [
          70.3935,
          21.69356
        ]
      }
    },
    {
      "type": "Feature",
      "properties": {
        "name": "Rajkot - Gondal Taluka Center",
        "lat": 21.90845,
        "lng": 70.81891,
        "district": "Rajkot",
        "taluk": "Gondal",
        "population": 12600,
        "density_km2": 4080.0,
        "income_tier": "high",
        "classification": "tier2_city"
      },
      "geometry": {
        "type": "Point",
        "coordinates": [
          70.81891,
          21.90845
        ]
      }
    },
    {
      "type": "Feature",
      "properties": {
        "name": "Rajkot - Jam Kandorna Taluka Center",
        "lat": 21.9273,
        "lng": 70.47169,
        "district": "Rajkot",
        "taluk": "Jam Kandorna",
        "population": 15960,
        "density_km2": 4752.0,
        "income_tier": "high",
        "classification": "tier2_city"
      },
      "geometry": {
        "type": "Point",
        "coordinates": [
          70.47169,
          21.9273
        ]
      }
    },
    {
      "type": "Feature",
      "properties": {
        "name": "Rajkot - Jasdan Taluka Center",
        "lat": 22.07815,
        "lng": 71.22703,
        "district": "Rajkot",
        "taluk": "Jasdan",
        "population": 11200,
        "density_km2": 4080.0,
        "income_tier": "high",
        "classification": "tier2_city"
      },
      "geometry": {
        "type": "Point",
        "coordinates": [
          71.22703,
          22.07815
        ]
      }
    },
    {
      "type": "Feature",
      "properties": {
        "name": "Rajkot - Jetpur Taluka Center",
        "lat": 21.75964,
        "lng": 70.68124,
        "district": "Rajkot",
        "taluk": "Jetpur",
        "population": 14980,
        "density_km2": 5376.0,
        "income_tier": "high",
        "classification": "tier2_city"
      },
      "geometry": {
        "type": "Point",
        "coordinates": [
          70.68124,
          21.75964
        ]
      }
    },
    {
      "type": "Feature",
      "properties": {
        "name": "Rajkot - Kotda Sangani Taluka Center",
        "lat": 22.03368,
        "lng": 70.91231,
        "district": "Rajkot",
        "taluk": "Kotda Sangani",
        "population": 14560,
        "density_km2": 5232.0,
        "income_tier": "high",
        "classification": "tier2_city"
      },
      "geometry": {
        "type": "Point",
        "coordinates": [
          70.91231,
          22.03368
        ]
      }
    },
    {
      "type": "Feature",
      "properties": {
        "name": "Rajkot - Lodhi ka Mahal Taluka Center",
        "lat": 22.21166,
        "lng": 70.66321,
        "district": "Rajkot",
        "taluk": "Lodhi ka Mahal",
        "population": 16379,
        "density_km2": 4896.0,
        "income_tier": "high",
        "classification": "tier2_city"
      },
      "geometry": {
        "type": "Point",
        "coordinates": [
          70.66321,
          22.21166
        ]
      }
    },
    {
      "type": "Feature",
      "properties": {
        "name": "Rajkot - Maliya Miyana Taluka Center",
        "lat": 23.05471,
        "lng": 70.79805,
        "district": "Rajkot",
        "taluk": "Maliya Miyana",
        "population": 15960,
        "density_km2": 4272.0,
        "income_tier": "high",
        "classification": "tier2_city"
      },
      "geometry": {
        "type": "Point",
        "coordinates": [
          70.79805,
          23.05471
        ]
      }
    },
    {
      "type": "Feature",
      "properties": {
        "name": "Rajkot - Morbi Taluka Center",
        "lat": 22.83334,
        "lng": 70.85128,
        "district": "Rajkot",
        "taluk": "Morbi",
        "population": 13720,
        "density_km2": 4944.0,
        "income_tier": "high",
        "classification": "tier2_city"
      },
      "geometry": {
        "type": "Point",
        "coordinates": [
          70.85128,
          22.83334
        ]
      }
    },
    {
      "type": "Feature",
      "properties": {
        "name": "Rajkot - Rajkot Sub-district Taluka Center",
        "lat": 22.06978,
        "lng": 70.63595,
        "district": "Rajkot",
        "taluk": "Rajkot Sub-district",
        "population": 15820,
        "density_km2": 4224.0,
        "income_tier": "high",
        "classification": "tier2_city"
      },
      "geometry": {
        "type": "Point",
        "coordinates": [
          70.63595,
          22.06978
        ]
      }
    },
    {
      "type": "Feature",
      "properties": {
        "name": "Rajkot - Padadhari Taluka Center",
        "lat": 22.42196,
        "lng": 70.59886,
        "district": "Rajkot",
        "taluk": "Padadhari",
        "population": 11340,
        "density_km2": 5088.0,
        "income_tier": "high",
        "classification": "tier2_city"
      },
      "geometry": {
        "type": "Point",
        "coordinates": [
          70.59886,
          22.42196
        ]
      }
    },
    {
      "type": "Feature",
      "properties": {
        "name": "Rajkot - Rajkot Taluka Center",
        "lat": 22.26354,
        "lng": 70.91827,
        "district": "Rajkot",
        "taluk": "Rajkot",
        "population": 13300,
        "density_km2": 5280.0,
        "income_tier": "high",
        "classification": "tier2_city"
      },
      "geometry": {
        "type": "Point",
        "coordinates": [
          70.91827,
          22.26354
        ]
      }
    },
    {
      "type": "Feature",
      "properties": {
        "name": "Rajkot - Upleta Taluka Center",
        "lat": 21.80949,
        "lng": 70.23282,
        "district": "Rajkot",
        "taluk": "Upleta",
        "population": 15680,
        "density_km2": 4176.0,
        "income_tier": "high",
        "classification": "tier2_city"
      },
      "geometry": {
        "type": "Point",
        "coordinates": [
          70.23282,
          21.80949
        ]
      }
    },
    {
      "type": "Feature",
      "properties": {
        "name": "Rajkot - Wankaner Taluka Center",
        "lat": 22.58281,
        "lng": 70.99515,
        "district": "Rajkot",
        "taluk": "Wankaner",
        "population": 11480,
        "density_km2": 5136.0,
        "income_tier": "high",
        "classification": "tier2_city"
      },
      "geometry": {
        "type": "Point",
        "coordinates": [
          70.99515,
          22.58281
        ]
      }
    },
    {
      "type": "Feature",
      "properties": {
        "name": "Sabar Kantha - Bayad Taluka Center",
        "lat": 23.289,
        "lng": 73.31223,
        "district": "Sabar Kantha",
        "taluk": "Bayad",
        "population": 6000,
        "density_km2": 1680.0,
        "income_tier": "low",
        "classification": "agro_tribal"
      },
      "geometry": {
        "type": "Point",
        "coordinates": [
          73.31223,
          23.289
        ]
      }
    },
    {
      "type": "Feature",
      "properties": {
        "name": "Sabar Kantha - Bhiloda Taluka Center",
        "lat": 23.74139,
        "lng": 73.31296,
        "district": "Sabar Kantha",
        "taluk": "Bhiloda",
        "population": 6720,
        "density_km2": 1552.0,
        "income_tier": "low",
        "classification": "agro_tribal"
      },
      "geometry": {
        "type": "Point",
        "coordinates": [
          73.31296,
          23.74139
        ]
      }
    },
    {
      "type": "Feature",
      "properties": {
        "name": "Sabar Kantha - Himatnagar Taluka Center",
        "lat": 23.61607,
        "lng": 73.01661,
        "district": "Sabar Kantha",
        "taluk": "Himatnagar",
        "population": 5820,
        "density_km2": 1632.0,
        "income_tier": "low",
        "classification": "agro_tribal"
      },
      "geometry": {
        "type": "Point",
        "coordinates": [
          73.01661,
          23.61607
        ]
      }
    },
    {
      "type": "Feature",
      "properties": {
        "name": "Sabar Kantha - Idar Taluka Center",
        "lat": 23.84393,
        "lng": 73.00184,
        "district": "Sabar Kantha",
        "taluk": "Idar",
        "population": 5040,
        "density_km2": 1584.0,
        "income_tier": "low",
        "classification": "agro_tribal"
      },
      "geometry": {
        "type": "Point",
        "coordinates": [
          73.00184,
          23.84393
        ]
      }
    },
    {
      "type": "Feature",
      "properties": {
        "name": "Sabar Kantha - Khed Brahma Taluka Center",
        "lat": 24.22668,
        "lng": 73.06991,
        "district": "Sabar Kantha",
        "taluk": "Khed Brahma",
        "population": 6780,
        "density_km2": 1408.0,
        "income_tier": "low",
        "classification": "agro_tribal"
      },
      "geometry": {
        "type": "Point",
        "coordinates": [
          73.06991,
          24.22668
        ]
      }
    },
    {
      "type": "Feature",
      "properties": {
        "name": "Sabar Kantha - Meghraj Taluka Center",
        "lat": 23.51596,
        "lng": 73.53327,
        "district": "Sabar Kantha",
        "taluk": "Meghraj",
        "population": 6540,
        "density_km2": 1504.0,
        "income_tier": "low",
        "classification": "agro_tribal"
      },
      "geometry": {
        "type": "Point",
        "coordinates": [
          73.53327,
          23.51596
        ]
      }
    },
    {
      "type": "Feature",
      "properties": {
        "name": "Sabar Kantha - Modasa Taluka Center",
        "lat": 23.45375,
        "lng": 73.2557,
        "district": "Sabar Kantha",
        "taluk": "Modasa",
        "population": 7140,
        "density_km2": 1664.0,
        "income_tier": "low",
        "classification": "agro_tribal"
      },
      "geometry": {
        "type": "Point",
        "coordinates": [
          73.2557,
          23.45375
        ]
      }
    },
    {
      "type": "Feature",
      "properties": {
        "name": "Sabar Kantha - Prantij Taluka Center",
        "lat": 23.39617,
        "lng": 72.95662,
        "district": "Sabar Kantha",
        "taluk": "Prantij",
        "population": 5460,
        "density_km2": 1376.0,
        "income_tier": "low",
        "classification": "agro_tribal"
      },
      "geometry": {
        "type": "Point",
        "coordinates": [
          72.95662,
          23.39617
        ]
      }
    },
    {
      "type": "Feature",
      "properties": {
        "name": "Sabar Kantha - Vijayanagar Taluka Center",
        "lat": 23.96955,
        "lng": 73.2812,
        "district": "Sabar Kantha",
        "taluk": "Vijayanagar",
        "population": 5820,
        "density_km2": 1472.0,
        "income_tier": "low",
        "classification": "agro_tribal"
      },
      "geometry": {
        "type": "Point",
        "coordinates": [
          73.2812,
          23.96955
        ]
      }
    },
    {
      "type": "Feature",
      "properties": {
        "name": "Surat - Bardoli Taluka Center",
        "lat": 21.11915,
        "lng": 73.16245,
        "district": "Surat",
        "taluk": "Bardoli",
        "population": 25299,
        "density_km2": 7020.0,
        "income_tier": "high",
        "classification": "tier1_metro"
      },
      "geometry": {
        "type": "Point",
        "coordinates": [
          73.16245,
          21.11915
        ]
      }
    },
    {
      "type": "Feature",
      "properties": {
        "name": "Surat - Chorasi Taluka Center",
        "lat": 21.10509,
        "lng": 72.7865,
        "district": "Surat",
        "taluk": "Chorasi",
        "population": 18260,
        "density_km2": 8424.0,
        "income_tier": "high",
        "classification": "tier1_metro"
      },
      "geometry": {
        "type": "Point",
        "coordinates": [
          72.7865,
          21.10509
        ]
      }
    },
    {
      "type": "Feature",
      "properties": {
        "name": "Surat - Kamrej Taluka Center",
        "lat": 21.26142,
        "lng": 73.01111,
        "district": "Surat",
        "taluk": "Kamrej",
        "population": 22440,
        "density_km2": 6786.0,
        "income_tier": "high",
        "classification": "tier1_metro"
      },
      "geometry": {
        "type": "Point",
        "coordinates": [
          73.01111,
          21.26142
        ]
      }
    },
    {
      "type": "Feature",
      "properties": {
        "name": "Surat - Mahuva Taluka Center",
        "lat": 20.94359,
        "lng": 73.2148,
        "district": "Surat",
        "taluk": "Mahuva",
        "population": 23100,
        "density_km2": 7020.0,
        "income_tier": "high",
        "classification": "tier1_metro"
      },
      "geometry": {
        "type": "Point",
        "coordinates": [
          73.2148,
          20.94359
        ]
      }
    },
    {
      "type": "Feature",
      "properties": {
        "name": "Vadodara - Chhota Udaipur Taluka Center",
        "lat": 22.29098,
        "lng": 74.0747,
        "district": "Vadodara",
        "taluk": "Chhota Udaipur",
        "population": 15680,
        "density_km2": 4836.0,
        "income_tier": "high",
        "classification": "tier2_city"
      },
      "geometry": {
        "type": "Point",
        "coordinates": [
          74.0747,
          22.29098
        ]
      }
    },
    {
      "type": "Feature",
      "properties": {
        "name": "Vadodara - Dabhoi Taluka Center",
        "lat": 22.10846,
        "lng": 73.38218,
        "district": "Vadodara",
        "taluk": "Dabhoi",
        "population": 13760,
        "density_km2": 5252.0,
        "income_tier": "high",
        "classification": "tier2_city"
      },
      "geometry": {
        "type": "Point",
        "coordinates": [
          73.38218,
          22.10846
        ]
      }
    },
    {
      "type": "Feature",
      "properties": {
        "name": "Vadodara - Jetpur Pavi Taluka Center",
        "lat": 22.30918,
        "lng": 73.8428,
        "district": "Vadodara",
        "taluk": "Jetpur Pavi",
        "population": 14880,
        "density_km2": 4576.0,
        "income_tier": "high",
        "classification": "tier2_city"
      },
      "geometry": {
        "type": "Point",
        "coordinates": [
          73.8428,
          22.30918
        ]
      }
    },
    {
      "type": "Feature",
      "properties": {
        "name": "Vadodara - Karjan Taluka Center",
        "lat": 22.00239,
        "lng": 73.104,
        "district": "Vadodara",
        "taluk": "Karjan",
        "population": 14720,
        "density_km2": 5044.0,
        "income_tier": "high",
        "classification": "tier2_city"
      },
      "geometry": {
        "type": "Point",
        "coordinates": [
          73.104,
          22.00239
        ]
      }
    },
    {
      "type": "Feature",
      "properties": {
        "name": "Vadodara - Naswadi Taluka Center",
        "lat": 22.01284,
        "lng": 73.80434,
        "district": "Vadodara",
        "taluk": "Naswadi",
        "population": 14880,
        "density_km2": 4576.0,
        "income_tier": "high",
        "classification": "tier2_city"
      },
      "geometry": {
        "type": "Point",
        "coordinates": [
          73.80434,
          22.01284
        ]
      }
    },
    {
      "type": "Feature",
      "properties": {
        "name": "Vadodara - Padra Taluka Center",
        "lat": 22.20596,
        "lng": 72.94629,
        "district": "Vadodara",
        "taluk": "Padra",
        "population": 12800,
        "density_km2": 4420.0,
        "income_tier": "high",
        "classification": "tier2_city"
      },
      "geometry": {
        "type": "Point",
        "coordinates": [
          72.94629,
          22.20596
        ]
      }
    },
    {
      "type": "Feature",
      "properties": {
        "name": "Vadodara - Sankheda Taluka Center",
        "lat": 22.21643,
        "lng": 73.64247,
        "district": "Vadodara",
        "taluk": "Sankheda",
        "population": 12800,
        "density_km2": 5460.0,
        "income_tier": "high",
        "classification": "tier2_city"
      },
      "geometry": {
        "type": "Point",
        "coordinates": [
          73.64247,
          22.21643
        ]
      }
    },
    {
      "type": "Feature",
      "properties": {
        "name": "Vadodara - Savli Taluka Center",
        "lat": 22.60689,
        "lng": 73.3144,
        "district": "Vadodara",
        "taluk": "Savli",
        "population": 18880,
        "density_km2": 4836.0,
        "income_tier": "high",
        "classification": "tier2_city"
      },
      "geometry": {
        "type": "Point",
        "coordinates": [
          73.3144,
          22.60689
        ]
      }
    },
    {
      "type": "Feature",
      "properties": {
        "name": "Vadodara - Sinor Taluka Center",
        "lat": 21.98548,
        "lng": 73.34632,
        "district": "Vadodara",
        "taluk": "Sinor",
        "population": 16000,
        "density_km2": 5460.0,
        "income_tier": "high",
        "classification": "tier2_city"
      },
      "geometry": {
        "type": "Point",
        "coordinates": [
          73.34632,
          21.98548
        ]
      }
    },
    {
      "type": "Feature",
      "properties": {
        "name": "Vadodara - Tilakwada Taluka Center",
        "lat": 22.00234,
        "lng": 73.63682,
        "district": "Vadodara",
        "taluk": "Tilakwada",
        "population": 16960,
        "density_km2": 4732.0,
        "income_tier": "high",
        "classification": "tier2_city"
      },
      "geometry": {
        "type": "Point",
        "coordinates": [
          73.63682,
          22.00234
        ]
      }
    },
    {
      "type": "Feature",
      "properties": {
        "name": "Vadodara - Vadodara Taluka Center",
        "lat": 22.26398,
        "lng": 73.19973,
        "district": "Vadodara",
        "taluk": "Vadodara",
        "population": 13280,
        "density_km2": 5616.0,
        "income_tier": "high",
        "classification": "tier2_city"
      },
      "geometry": {
        "type": "Point",
        "coordinates": [
          73.19973,
          22.26398
        ]
      }
    },
    {
      "type": "Feature",
      "properties": {
        "name": "Vadodara - Waghoriya Taluka Center",
        "lat": 22.34285,
        "lng": 73.3938,
        "district": "Vadodara",
        "taluk": "Waghoriya",
        "population": 13120,
        "density_km2": 5564.0,
        "income_tier": "high",
        "classification": "tier2_city"
      },
      "geometry": {
        "type": "Point",
        "coordinates": [
          73.3938,
          22.34285
        ]
      }
    },
    {
      "type": "Feature",
      "properties": {
        "name": "Valsad - Dharampur Taluka Center",
        "lat": 20.34345,
        "lng": 73.23165,
        "district": "Valsad",
        "taluk": "Dharampur",
        "population": 9010,
        "density_km2": 2366.0,
        "income_tier": "medium",
        "classification": "industrial_south"
      },
      "geometry": {
        "type": "Point",
        "coordinates": [
          73.23165,
          20.34345
        ]
      }
    },
    {
      "type": "Feature",
      "properties": {
        "name": "Valsad - Pardi Taluka Center",
        "lat": 20.46395,
        "lng": 72.91888,
        "district": "Valsad",
        "taluk": "Pardi",
        "population": 8075,
        "density_km2": 2860.0,
        "income_tier": "medium",
        "classification": "industrial_south"
      },
      "geometry": {
        "type": "Point",
        "coordinates": [
          72.91888,
          20.46395
        ]
      }
    },
    {
      "type": "Feature",
      "properties": {
        "name": "Valsad - Umargam Taluka Center",
        "lat": 20.27635,
        "lng": 72.78806,
        "district": "Valsad",
        "taluk": "Umargam",
        "population": 8075,
        "density_km2": 2860.0,
        "income_tier": "medium",
        "classification": "industrial_south"
      },
      "geometry": {
        "type": "Point",
        "coordinates": [
          72.78806,
          20.27635
        ]
      }
    },
    {
      "type": "Feature",
      "properties": {
        "name": "Valsad - Valsad Taluka Center",
        "lat": 20.64034,
        "lng": 72.90341,
        "district": "Valsad",
        "taluk": "Valsad",
        "population": 9350,
        "density_km2": 2210.0,
        "income_tier": "medium",
        "classification": "industrial_south"
      },
      "geometry": {
        "type": "Point",
        "coordinates": [
          72.90341,
          20.64034
        ]
      }
    }
  ]
}