{
  "type": "FeatureCollection",
  "features": [
    {
      "type": "Feature",
      "geometry": {
        "type": "Point",
        "coordinates": [
          72.5714,
          23.0225
        ]
      },
      "properties": {
        "name": "Ahmedabad Core",
        "population": 1275000,
        "density_per_sq_km": 20557.7,
        "city": "Ahmedabad",
        "district": "Ahmedabad",
        "income_index": 0.76,
        "value": 0.89
      }
    },
    {
      "type": "Feature",
      "geometry": {
        "type": "Point",
        "coordinates": [
          72.677,
          23.03902
        ]
      },
      "properties": {
        "name": "Ahmedabad Sector 1",
        "population": 19557,
        "density_per_sq_km": 16297.5,
        "city": "Ahmedabad",
        "district": "Ahmedabad",
        "income_index": 0.6,
        "value": 0.431
      }
    },
    {
      "type": "Feature",
      "geometry": {
        "type": "Point",
        "coordinates": [
          72.60978,
          23.0806
        ]
      },
      "properties": {
        "name": "Ahmedabad Sector 2",
        "population": 17790,
        "density_per_sq_km": 14825.0,
        "city": "Ahmedabad",
        "district": "Ahmedabad",
        "income_index": 0.69,
        "value": 0.466
      }
    },
    {
      "type": "Feature",
      "geometry": {
        "type": "Point",
        "coordinates": [
          72.57065,
          23.00212
        ]
      },
      "properties": {
        "name": "Ahmedabad Sector 3",
        "population": 31179,
        "density_per_sq_km": 25982.5,
        "city": "Ahmedabad",
        "district": "Ahmedabad",
        "income_index": 0.84,
        "value": 0.817
      }
    },
    {
      "type": "Feature",
      "geometry": {
        "type": "Point",
        "coordinates": [
          72.55617,
          22.97419
        ]
      },
      "properties": {
        "name": "Ahmedabad Sector 4",
        "population": 32613,
        "density_per_sq_km": 27177.5,
        "city": "Ahmedabad",
        "district": "Ahmedabad",
        "income_index": 0.74,
        "value": 0.683
      }
    },
    {
      "type": "Feature",
      "geometry": {
        "type": "Point",
        "coordinates": [
          72.57617,
          23.13
        ]
      },
      "properties": {
        "name": "Ahmedabad Sector 5",
        "population": 17002,
        "density_per_sq_km": 14168.3,
        "city": "Ahmedabad",
        "district": "Ahmedabad",
        "income_index": 0.57,
        "value": 0.271
      }
    },
    {
      "type": "Feature",
      "geometry": {
        "type": "Point",
        "coordinates": [
          72.69436,
          23.09891
        ]
      },
      "properties": {
        "name": "Ahmedabad Sector 6",
        "population": 6282,
        "density_per_sq_km": 5235.0,
        "city": "Ahmedabad",
        "district": "Ahmedabad",
        "income_index": 0.48,
        "value": 0.1
      }
    },
    {
      "type": "Feature",
      "geometry": {
        "type": "Point",
        "coordinates": [
          72.642,
          23.11592
        ]
      },
      "properties": {
        "name": "Ahmedabad Sector 7",
        "population": 14230,
        "density_per_sq_km": 11858.3,
        "city": "Ahmedabad",
        "district": "Ahmedabad",
        "income_index": 0.55,
        "value": 0.33
      }
    },
    {
      "type": "Feature",
      "geometry": {
        "type": "Point",
        "coordinates": [
          72.48753,
          23.01262
        ]
      },
      "properties": {
        "name": "Ahmedabad Sector 8",
        "population": 30531,
        "density_per_sq_km": 25442.5,
        "city": "Ahmedabad",
        "district": "Ahmedabad",
        "income_index": 0.66,
        "value": 0.444
      }
    },
    {
      "type": "Feature",
      "geometry": {
        "type": "Point",
        "coordinates": [
          72.53266,
          22.91737
        ]
      },
      "properties": {
        "name": "Ahmedabad Sector 9",
        "population": 15189,
        "density_per_sq_km": 12657.5,
        "city": "Ahmedabad",
        "district": "Ahmedabad",
        "income_index": 0.56,
        "value": 0.356
      }
    },
    {
      "type": "Feature",
      "geometry": {
        "type": "Point",
        "coordinates": [
          72.52326,
          22.93864
        ]
      },
      "properties": {
        "name": "Ahmedabad Sector 10",
        "population": 12916,
        "density_per_sq_km": 10763.3,
        "city": "Ahmedabad",
        "district": "Ahmedabad",
        "income_index": 0.61,
        "value": 0.319
      }
    },
    {
      "type": "Feature",
      "geometry": {
        "type": "Point",
        "coordinates": [
          72.60517,
          23.01465
        ]
      },
      "properties": {
        "name": "Ahmedabad Sector 11",
        "population": 29424,
        "density_per_sq_km": 24520.0,
        "city": "Ahmedabad",
        "district": "Ahmedabad",
        "income_index": 0.8,
        "value": 0.642
      }
    },
    {
      "type": "Feature",
      "geometry": {
        "type": "Point",
        "coordinates": [
          72.66491,
          23.00722
        ]
      },
      "properties": {
        "name": "Ahmedabad Sector 12",
        "population": 18718,
        "density_per_sq_km": 15598.3,
        "city": "Ahmedabad",
        "district": "Ahmedabad",
        "income_index": 0.63,
        "value": 0.389
      }
    },
    {
      "type": "Feature",
      "geometry": {
        "type": "Point",
        "coordinates": [
          72.62914,
          23.03632
        ]
      },
      "properties": {
        "name": "Ahmedabad Sector 13",
        "population": 38106,
        "density_per_sq_km": 31755.0,
        "city": "Ahmedabad",
        "district": "Ahmedabad",
        "income_index": 0.73,
        "value": 0.625
      }
    },
    {
      "type": "Feature",
      "geometry": {
        "type": "Point",
        "coordinates": [
          72.54054,
          22.98778
        ]
      },
      "properties": {
        "name": "Ahmedabad Sector 14",
        "population": 37210,
        "density_per_sq_km": 31008.3,
        "city": "Ahmedabad",
        "district": "Ahmedabad",
        "income_index": 0.76,
        "value": 0.584
      }
    },
    {
      "type": "Feature",
      "geometry": {
        "type": "Point",
        "coordinates": [
          72.68299,
          22.91388
        ]
      },
      "properties": {
        "name": "Ahmedabad Sector 15",
        "population": 4878,
        "density_per_sq_km": 4065.0,
        "city": "Ahmedabad",
        "district": "Ahmedabad",
        "income_index": 0.45,
        "value": 0.101
      }
    },
    {
      "type": "Feature",
      "geometry": {
        "type": "Point",
        "coordinates": [
          72.45877,
          22.97735
        ]
      },
      "properties": {
        "name": "Ahmedabad Sector 16",
        "population": 15997,
        "density_per_sq_km": 13330.8,
        "city": "Ahmedabad",
        "district": "Ahmedabad",
        "income_index": 0.55,
        "value": 0.218
      }
    },
    {
      "type": "Feature",
      "geometry": {
        "type": "Point",
        "coordinates": [
          72.58431,
          23.08059
        ]
      },
      "properties": {
        "name": "Ahmedabad Sector 17",
        "population": 23924,
        "density_per_sq_km": 19936.7,
        "city": "Ahmedabad",
        "district": "Ahmedabad",
        "income_index": 0.72,
        "value": 0.513
      }
    },
    {
      "type": "Feature",
      "geometry": {
        "type": "Point",
        "coordinates": [
          72.52616,
          23.13356
        ]
      },
      "properties": {
        "name": "Ahmedabad Sector 18",
        "population": 10503,
        "density_per_sq_km": 8752.5,
        "city": "Ahmedabad",
        "district": "Ahmedabad",
        "income_index": 0.53,
        "value": 0.273
      }
    },
    {
      "type": "Feature",
      "geometry": {
        "type": "Point",
        "coordinates": [
          72.65485,
          22.92267
        ]
      },
      "properties": {
        "name": "Ahmedabad Sector 19",
        "population": 9689,
        "density_per_sq_km": 8074.2,
        "city": "Ahmedabad",
        "district": "Ahmedabad",
        "income_index": 0.51,
        "value": 0.154
      }
    },
    {
      "type": "Feature",
      "geometry": {
        "type": "Point",
        "coordinates": [
          72.65845,
          23.0242
        ]
      },
      "properties": {
        "name": "Ahmedabad Sector 20",
        "population": 19002,
        "density_per_sq_km": 15835.0,
        "city": "Ahmedabad",
        "district": "Ahmedabad",
        "income_index": 0.65,
        "value": 0.472
      }
    },
    {
      "type": "Feature",
      "geometry": {
        "type": "Point",
        "coordinates": [
          72.52834,
          23.0755
        ]
      },
      "properties": {
        "name": "Ahmedabad Sector 21",
        "population": 21471,
        "density_per_sq_km": 17892.5,
        "city": "Ahmedabad",
        "district": "Ahmedabad",
        "income_index": 0.7,
        "value": 0.632
      }
    },
    {
      "type": "Feature",
      "geometry": {
        "type": "Point",
        "coordinates": [
          72.5692,
          22.98864
        ]
      },
      "properties": {
        "name": "Ahmedabad Sector 22",
        "population": 24636,
        "density_per_sq_km": 20530.0,
        "city": "Ahmedabad",
        "district": "Ahmedabad",
        "income_index": 0.8,
        "value": 0.634
      }
    },
    {
      "type": "Feature",
      "geometry": {
        "type": "Point",
        "coordinates": [
          72.48896,
          22.94893
        ]
      },
      "properties": {
        "name": "Ahmedabad Sector 23",
        "population": 14734,
        "density_per_sq_km": 12278.3,
        "city": "Ahmedabad",
        "district": "Ahmedabad",
        "income_index": 0.57,
        "value": 0.226
      }
    },
    {
      "type": "Feature",
      "geometry": {
        "type": "Point",
        "coordinates": [
          72.68503,
          22.90884
        ]
      },
      "properties": {
        "name": "Ahmedabad Sector 24",
        "population": 4549,
        "density_per_sq_km": 3790.8,
        "city": "Ahmedabad",
        "district": "Ahmedabad",
        "income_index": 0.45,
        "value": 0.184
      }
    },
    {
      "type": "Feature",
      "geometry": {
        "type": "Point",
        "coordinates": [
          72.55893,
          23.03209
        ]
      },
      "properties": {
        "name": "Ahmedabad Sector 25",
        "population": 46469,
        "density_per_sq_km": 38724.2,
        "city": "Ahmedabad",
        "district": "Ahmedabad",
        "income_index": 0.85,
        "value": 0.853
      }
    },
    {
      "type": "Feature",
      "geometry": {
        "type": "Point",
        "coordinates": [
          72.55767,
          22.96908
        ]
      },
      "properties": {
        "name": "Ahmedabad Sector 26",
        "population": 32292,
        "density_per_sq_km": 26910.0,
        "city": "Ahmedabad",
        "district": "Ahmedabad",
        "income_index": 0.73,
        "value": 0.518
      }
    },
    {
      "type": "Feature",
      "geometry": {
        "type": "Point",
        "coordinates": [
          72.60198,
          22.95773
        ]
      },
      "properties": {
        "name": "Ahmedabad Sector 27",
        "population": 32812,
        "density_per_sq_km": 27343.3,
        "city": "Ahmedabad",
        "district": "Ahmedabad",
        "income_index": 0.68,
        "value": 0.583
      }
    },
    {
      "type": "Feature",
      "geometry": {
        "type": "Point",
        "coordinates": [
          72.65221,
          23.01623
        ]
      },
      "properties": {
        "name": "Ahmedabad Sector 28",
        "population": 18926,
        "density_per_sq_km": 15771.7,
        "city": "Ahmedabad",
        "district": "Ahmedabad",
        "income_index": 0.67,
        "value": 0.568
      }
    },
    {
      "type": "Feature",
      "geometry": {
        "type": "Point",
        "coordinates": [
          72.52576,
          23.0622
        ]
      },
      "properties": {
        "name": "Ahmedabad Sector 29",
        "population": 31380,
        "density_per_sq_km": 26150.0,
        "city": "Ahmedabad",
        "district": "Ahmedabad",
        "income_index": 0.72,
        "value": 0.601
      }
    },
    {
      "type": "Feature",
      "geometry": {
        "type": "Point",
        "coordinates": [
          72.66204,
          23.08086
        ]
      },
      "properties": {
        "name": "Ahmedabad Sector 30",
        "population": 17045,
        "density_per_sq_km": 14204.2,
        "city": "Ahmedabad",
        "district": "Ahmedabad",
        "income_index": 0.59,
        "value": 0.391
      }
    },
    {
      "type": "Feature",
      "geometry": {
        "type": "Point",
        "coordinates": [
          72.56999,
          23.01579
        ]
      },
      "properties": {
        "name": "Ahmedabad Sector 31",
        "population": 37732,
        "density_per_sq_km": 31443.3,
        "city": "Ahmedabad",
        "district": "Ahmedabad",
        "income_index": 0.88,
        "value": 0.766
      }
    },
    {
      "type": "Feature",
      "geometry": {
        "type": "Point",
        "coordinates": [
          72.51567,
          23.12991
        ]
      },
      "properties": {
        "name": "Ahmedabad Sector 32",
        "population": 14493,
        "density_per_sq_km": 12077.5,
        "city": "Ahmedabad",
        "district": "Ahmedabad",
        "income_index": 0.53,
        "value": 0.201
      }
    },
    {
      "type": "Feature",
      "geometry": {
        "type": "Point",
        "coordinates": [
          72.61739,
          23.13362
        ]
      },
      "properties": {
        "name": "Ahmedabad Sector 33",
        "population": 15451,
        "density_per_sq_km": 12875.8,
        "city": "Ahmedabad",
        "district": "Ahmedabad",
        "income_index": 0.53,
        "value": 0.157
      }
    },
    {
      "type": "Feature",
      "geometry": {
        "type": "Point",
        "coordinates": [
          72.57428,
          22.99245
        ]
      },
      "properties": {
        "name": "Ahmedabad Sector 34",
        "population": 42633,
        "density_per_sq_km": 35527.5,
        "city": "Ahmedabad",
        "district": "Ahmedabad",
        "income_index": 0.81,
        "value": 0.786
      }
    },
    {
      "type": "Feature",
      "geometry": {
        "type": "Point",
        "coordinates": [
          72.62823,
          23.07262
        ]
      },
      "properties": {
        "name": "Ahmedabad Sector 35",
        "population": 25508,
        "density_per_sq_km": 21256.7,
        "city": "Ahmedabad",
        "district": "Ahmedabad",
        "income_index": 0.68,
        "value": 0.451
      }
    },
    {
      "type": "Feature",
      "geometry": {
        "type": "Point",
        "coordinates": [
          72.51825,
          23.06987
        ]
      },
      "properties": {
        "name": "Ahmedabad Sector 36",
        "population": 20912,
        "density_per_sq_km": 17426.7,
        "city": "Ahmedabad",
        "district": "Ahmedabad",
        "income_index": 0.69,
        "value": 0.53
      }
    },
    {
      "type": "Feature",
      "geometry": {
        "type": "Point",
        "coordinates": [
          72.51938,
          23.01643
        ]
      },
      "properties": {
        "name": "Ahmedabad Sector 37",
        "population": 27410,
        "density_per_sq_km": 22841.7,
        "city": "Ahmedabad",
        "district": "Ahmedabad",
        "income_index": 0.75,
        "value": 0.731
      }
    },
    {
      "type": "Feature",
      "geometry": {
        "type": "Point",
        "coordinates": [
          72.5105,
          22.98171
        ]
      },
      "properties": {
        "name": "Ahmedabad Sector 38",
        "population": 25847,
        "density_per_sq_km": 21539.2,
        "city": "Ahmedabad",
        "district": "Ahmedabad",
        "income_index": 0.69,
        "value": 0.439
      }
    },
    {
      "type": "Feature",
      "geometry": {
        "type": "Point",
        "coordinates": [
          72.63709,
          23.03219
        ]
      },
      "properties": {
        "name": "Ahmedabad Sector 39",
        "population": 29411,
        "density_per_sq_km": 24509.2,
        "city": "Ahmedabad",
        "district": "Ahmedabad",
        "income_index": 0.71,
        "value": 0.506
      }
    },
    {
      "type": "Feature",
      "geometry": {
        "type": "Point",
        "coordinates": [
          72.60396,
          23.02817
        ]
      },
      "properties": {
        "name": "Ahmedabad Sector 40",
        "population": 39399,
        "density_per_sq_km": 32832.5,
        "city": "Ahmedabad",
        "district": "Ahmedabad",
        "income_index": 0.81,
        "value": 0.677
      }
    },
    {
      "type": "Feature",
      "geometry": {
        "type": "Point",
        "coordinates": [
          72.50098,
          23.11841
        ]
      },
      "properties": {
        "name": "Ahmedabad Sector 41",
        "population": 9116,
        "density_per_sq_km": 7596.7,
        "city": "Ahmedabad",
        "district": "Ahmedabad",
        "income_index": 0.54,
        "value": 0.205
      }
    },
    {
      "type": "Feature",
      "geometry": {
        "type": "Point",
        "coordinates": [
          72.52429,
          22.9983
        ]
      },
      "properties": {
        "name": "Ahmedabad Sector 42",
        "population": 23370,
        "density_per_sq_km": 19475.0,
        "city": "Ahmedabad",
        "district": "Ahmedabad",
        "income_index": 0.75,
        "value": 0.712
      }
    },
    {
      "type": "Feature",
      "geometry": {
        "type": "Point",
        "coordinates": [
          72.53752,
          22.95735
        ]
      },
      "properties": {
        "name": "Ahmedabad Sector 43",
        "population": 29446,
        "density_per_sq_km": 24538.3,
        "city": "Ahmedabad",
        "district": "Ahmedabad",
        "income_index": 0.68,
        "value": 0.561
      }
    },
    {
      "type": "Feature",
      "geometry": {
        "type": "Point",
        "coordinates": [
          72.60667,
          23.03526
        ]
      },
      "properties": {
        "name": "Ahmedabad Sector 44",
        "population": 33417,
        "density_per_sq_km": 27847.5,
        "city": "Ahmedabad",
        "district": "Ahmedabad",
        "income_index": 0.79,
        "value": 0.691
      }
    },
    {
      "type": "Feature",
      "geometry": {
        "type": "Point",
        "coordinates": [
          72.59324,
          22.92689
        ]
      },
      "properties": {
        "name": "Ahmedabad Sector 45",
        "population": 19790,
        "density_per_sq_km": 16491.7,
        "city": "Ahmedabad",
        "district": "Ahmedabad",
        "income_index": 0.6,
        "value": 0.455
      }
    },
    {
      "type": "Feature",
      "geometry": {
        "type": "Point",
        "coordinates": [
          72.61325,
          23.07663
        ]
      },
      "properties": {
        "name": "Ahmedabad Sector 46",
        "population": 23520,
        "density_per_sq_km": 19600.0,
        "city": "Ahmedabad",
        "district": "Ahmedabad",
        "income_index": 0.7,
        "value": 0.604
      }
    },
    {
      "type": "Feature",
      "geometry": {
        "type": "Point",
        "coordinates": [
          72.62252,
          23.0229
        ]
      },
      "properties": {
        "name": "Ahmedabad Sector 47",
        "population": 30592,
        "density_per_sq_km": 25493.3,
        "city": "Ahmedabad",
        "district": "Ahmedabad",
        "income_index": 0.75,
        "value": 0.623
      }
    },
    {
      "type": "Feature",
      "geometry": {
        "type": "Point",
        "coordinates": [
          72.62834,
          23.013
        ]
      },
      "properties": {
        "name": "Ahmedabad Sector 48",
        "population": 38424,
        "density_per_sq_km": 32020.0,
        "city": "Ahmedabad",
        "district": "Ahmedabad",
        "income_index": 0.74,
        "value": 0.593
      }
    },
    {
      "type": "Feature",
      "geometry": {
        "type": "Point",
        "coordinates": [
          72.50564,
          23.07344
        ]
      },
      "properties": {
        "name": "Ahmedabad Sector 49",
        "population": 16007,
        "density_per_sq_km": 13339.2,
        "city": "Ahmedabad",
        "district": "Ahmedabad",
        "income_index": 0.66,
        "value": 0.561
      }
    },
    {
      "type": "Feature",
      "geometry": {
        "type": "Point",
        "coordinates": [
          72.8311,
          21.1702
        ]
      },
      "properties": {
        "name": "Surat Core",
        "population": 975000,
        "density_per_sq_km": 21344.1,
        "city": "Surat",
        "district": "Surat",
        "income_index": 0.94,
        "value": 0.99
      }
    },
    {
      "type": "Feature",
      "geometry": {
        "type": "Point",
        "coordinates": [
          72.80056,
          21.19053
        ]
      },
      "properties": {
        "name": "Surat Sector 1",
        "population": 24422,
        "density_per_sq_km": 20351.7,
        "city": "Surat",
        "district": "Surat",
        "income_index": 0.76,
        "value": 0.593
      }
    },
    {
      "type": "Feature",
      "geometry": {
        "type": "Point",
        "coordinates": [
          72.84522,
          21.15183
        ]
      },
      "properties": {
        "name": "Surat Sector 2",
        "population": 25748,
        "density_per_sq_km": 21456.7,
        "city": "Surat",
        "district": "Surat",
        "income_index": 0.81,
        "value": 0.836
      }
    },
    {
      "type": "Feature",
      "geometry": {
        "type": "Point",
        "coordinates": [
          72.91815,
          21.16242
        ]
      },
      "properties": {
        "name": "Surat Sector 3",
        "population": 11699,
        "density_per_sq_km": 9749.2,
        "city": "Surat",
        "district": "Surat",
        "income_index": 0.58,
        "value": 0.303
      }
    },
    {
      "type": "Feature",
      "geometry": {
        "type": "Point",
        "coordinates": [
          72.7971,
          21.28556
        ]
      },
      "properties": {
        "name": "Surat Sector 4",
        "population": 3539,
        "density_per_sq_km": 2949.2,
        "city": "Surat",
        "district": "Surat",
        "income_index": 0.45,
        "value": 0.134
      }
    },
    {
      "type": "Feature",
      "geometry": {
        "type": "Point",
        "coordinates": [
          72.87118,
          21.19567
        ]
      },
      "properties": {
        "name": "Surat Sector 5",
        "population": 28729,
        "density_per_sq_km": 23940.8,
        "city": "Surat",
        "district": "Surat",
        "income_index": 0.72,
        "value": 0.593
      }
    },
    {
      "type": "Feature",
      "geometry": {
        "type": "Point",
        "coordinates": [
          72.80919,
          21.09496
        ]
      },
      "properties": {
        "name": "Surat Sector 6",
        "population": 9183,
        "density_per_sq_km": 7652.5,
        "city": "Surat",
        "district": "Surat",
        "income_index": 0.59,
        "value": 0.361
      }
    },
    {
      "type": "Feature",
      "geometry": {
        "type": "Point",
        "coordinates": [
          72.82938,
          21.08091
        ]
      },
      "properties": {
        "name": "Surat Sector 7",
        "population": 7686,
        "density_per_sq_km": 6405.0,
        "city": "Surat",
        "district": "Surat",
        "income_index": 0.55,
        "value": 0.355
      }
    },
    {
      "type": "Feature",
      "geometry": {
        "type": "Point",
        "coordinates": [
          72.8501,
          21.20237
        ]
      },
      "properties": {
        "name": "Surat Sector 8",
        "population": 25720,
        "density_per_sq_km": 21433.3,
        "city": "Surat",
        "district": "Surat",
        "income_index": 0.75,
        "value": 0.673
      }
    },
    {
      "type": "Feature",
      "geometry": {
        "type": "Point",
        "coordinates": [
          72.86355,
          21.17302
        ]
      },
      "properties": {
        "name": "Surat Sector 9",
        "population": 32643,
        "density_per_sq_km": 27202.5,
        "city": "Surat",
        "district": "Surat",
        "income_index": 0.78,
        "value": 0.632
      }
    },
    {
      "type": "Feature",
      "geometry": {
        "type": "Point",
        "coordinates": [
          72.79093,
          21.11472
        ]
      },
      "properties": {
        "name": "Surat Sector 10",
        "population": 15151,
        "density_per_sq_km": 12625.8,
        "city": "Surat",
        "district": "Surat",
        "income_index": 0.63,
        "value": 0.439
      }
    },
    {
      "type": "Feature",
      "geometry": {
        "type": "Point",
        "coordinates": [
          72.81555,
          21.06963
        ]
      },
      "properties": {
        "name": "Surat Sector 11",
        "population": 5324,
        "density_per_sq_km": 4436.7,
        "city": "Surat",
        "district": "Surat",
        "income_index": 0.5,
        "value": 0.218
      }
    },
    {
      "type": "Feature",
      "geometry": {
        "type": "Point",
        "coordinates": [
          72.88625,
          21.17386
        ]
      },
      "properties": {
        "name": "Surat Sector 12",
        "population": 22485,
        "density_per_sq_km": 18737.5,
        "city": "Surat",
        "district": "Surat",
        "income_index": 0.7,
        "value": 0.492
      }
    },
    {
      "type": "Feature",
      "geometry": {
        "type": "Point",
        "coordinates": [
          72.90795,
          21.13856
        ]
      },
      "properties": {
        "name": "Surat Sector 13",
        "population": 9245,
        "density_per_sq_km": 7704.2,
        "city": "Surat",
        "district": "Surat",
        "income_index": 0.59,
        "value": 0.333
      }
    },
    {
      "type": "Feature",
      "geometry": {
        "type": "Point",
        "coordinates": [
          72.82985,
          21.29033
        ]
      },
      "properties": {
        "name": "Surat Sector 14",
        "population": 2441,
        "density_per_sq_km": 2034.2,
        "city": "Surat",
        "district": "Surat",
        "income_index": 0.45,
        "value": 0.1
      }
    },
    {
      "type": "Feature",
      "geometry": {
        "type": "Point",
        "coordinates": [
          72.93928,
          21.16054
        ]
      },
      "properties": {
        "name": "Surat Sector 15",
        "population": 8408,
        "density_per_sq_km": 7006.7,
        "city": "Surat",
        "district": "Surat",
        "income_index": 0.5,
        "value": 0.253
      }
    },
    {
      "type": "Feature",
      "geometry": {
        "type": "Point",
        "coordinates": [
          72.85791,
          21.14687
        ]
      },
      "properties": {
        "name": "Surat Sector 16",
        "population": 30407,
        "density_per_sq_km": 25339.2,
        "city": "Surat",
        "district": "Surat",
        "income_index": 0.76,
        "value": 0.697
      }
    },
    {
      "type": "Feature",
      "geometry": {
        "type": "Point",
        "coordinates": [
          72.7513,
          21.08215
        ]
      },
      "properties": {
        "name": "Surat Sector 17",
        "population": 3762,
        "density_per_sq_km": 3135.0,
        "city": "Surat",
        "district": "Surat",
        "income_index": 0.45,
        "value": 0.1
      }
    },
    {
      "type": "Feature",
      "geometry": {
        "type": "Point",
        "coordinates": [
          72.78667,
          21.18878
        ]
      },
      "properties": {
        "name": "Surat Sector 18",
        "population": 24218,
        "density_per_sq_km": 20181.7,
        "city": "Surat",
        "district": "Surat",
        "income_index": 0.72,
        "value": 0.664
      }
    },
    {
      "type": "Feature",
      "geometry": {
        "type": "Point",
        "coordinates": [
          72.85506,
          21.19007
        ]
      },
      "properties": {
        "name": "Surat Sector 19",
        "population": 19214,
        "density_per_sq_km": 16011.7,
        "city": "Surat",
        "district": "Surat",
        "income_index": 0.78,
        "value": 0.697
      }
    },
    {
      "type": "Feature",
      "geometry": {
        "type": "Point",
        "coordinates": [
          72.90099,
          21.16099
        ]
      },
      "properties": {
        "name": "Surat Sector 20",
        "population": 18684,
        "density_per_sq_km": 15570.0,
        "city": "Surat",
        "district": "Surat",
        "income_index": 0.64,
        "value": 0.371
      }
    },
    {
      "type": "Feature",
      "geometry": {
        "type": "Point",
        "coordinates": [
          72.79673,
          21.14167
        ]
      },
      "properties": {
        "name": "Surat Sector 21",
        "population": 22342,
        "density_per_sq_km": 18618.3,
        "city": "Surat",
        "district": "Surat",
        "income_index": 0.73,
        "value": 0.675
      }
    },
    {
      "type": "Feature",
      "geometry": {
        "type": "Point",
        "coordinates": [
          72.80708,
          21.18565
        ]
      },
      "properties": {
        "name": "Surat Sector 22",
        "population": 25398,
        "density_per_sq_km": 21165.0,
        "city": "Surat",
        "district": "Surat",
        "income_index": 0.79,
        "value": 0.661
      }
    },
    {
      "type": "Feature",
      "geometry": {
        "type": "Point",
        "coordinates": [
          72.83302,
          21.25041
        ]
      },
      "properties": {
        "name": "Surat Sector 23",
        "population": 13553,
        "density_per_sq_km": 11294.2,
        "city": "Surat",
        "district": "Surat",
        "income_index": 0.58,
        "value": 0.28
      }
    },
    {
      "type": "Feature",
      "geometry": {
        "type": "Point",
        "coordinates": [
          72.76483,
          21.16679
        ]
      },
      "properties": {
        "name": "Surat Sector 24",
        "population": 16541,
        "density_per_sq_km": 13784.2,
        "city": "Surat",
        "district": "Surat",
        "income_index": 0.65,
        "value": 0.36
      }
    },
    {
      "type": "Feature",
      "geometry": {
        "type": "Point",
        "coordinates": [
          72.87667,
          21.25329
        ]
      },
      "properties": {
        "name": "Surat Sector 25",
        "population": 11264,
        "density_per_sq_km": 9386.7,
        "city": "Surat",
        "district": "Surat",
        "income_index": 0.53,
        "value": 0.243
      }
    },
    {
      "type": "Feature",
      "geometry": {
        "type": "Point",
        "coordinates": [
          72.77181,
          21.20271
        ]
      },
      "properties": {
        "name": "Surat Sector 26",
        "population": 12836,
        "density_per_sq_km": 10696.7,
        "city": "Surat",
        "district": "Surat",
        "income_index": 0.65,
        "value": 0.368
      }
    },
    {
      "type": "Feature",
      "geometry": {
        "type": "Point",
        "coordinates": [
          72.92686,
          21.13597
        ]
      },
      "properties": {
        "name": "Surat Sector 27",
        "population": 9878,
        "density_per_sq_km": 8231.7,
        "city": "Surat",
        "district": "Surat",
        "income_index": 0.52,
        "value": 0.29
      }
    },
    {
      "type": "Feature",
      "geometry": {
        "type": "Point",
        "coordinates": [
          72.80644,
          21.20141
        ]
      },
      "properties": {
        "name": "Surat Sector 28",
        "population": 19689,
        "density_per_sq_km": 16407.5,
        "city": "Surat",
        "district": "Surat",
        "income_index": 0.75,
        "value": 0.544
      }
    },
    {
      "type": "Feature",
      "geometry": {
        "type": "Point",
        "coordinates": [
          72.73265,
          21.18778
        ]
      },
      "properties": {
        "name": "Surat Sector 29",
        "population": 8283,
        "density_per_sq_km": 6902.5,
        "city": "Surat",
        "district": "Surat",
        "income_index": 0.53,
        "value": 0.257
      }
    },
    {
      "type": "Feature",
      "geometry": {
        "type": "Point",
        "coordinates": [
          72.92026,
          21.22705
        ]
      },
      "properties": {
        "name": "Surat Sector 30",
        "population": 8544,
        "density_per_sq_km": 7120.0,
        "city": "Surat",
        "district": "Surat",
        "income_index": 0.5,
        "value": 0.277
      }
    },
    {
      "type": "Feature",
      "geometry": {
        "type": "Point",
        "coordinates": [
          72.73846,
          21.20489
        ]
      },
      "properties": {
        "name": "Surat Sector 31",
        "population": 6106,
        "density_per_sq_km": 5088.3,
        "city": "Surat",
        "district": "Surat",
        "income_index": 0.53,
        "value": 0.283
      }
    },
    {
      "type": "Feature",
      "geometry": {
        "type": "Point",
        "coordinates": [
          72.92519,
          21.12039
        ]
      },
      "properties": {
        "name": "Surat Sector 32",
        "population": 8203,
        "density_per_sq_km": 6835.8,
        "city": "Surat",
        "district": "Surat",
        "income_index": 0.5,
        "value": 0.253
      }
    },
    {
      "type": "Feature",
      "geometry": {
        "type": "Point",
        "coordinates": [
          72.78819,
          21.18626
        ]
      },
      "properties": {
        "name": "Surat Sector 33",
        "population": 26761,
        "density_per_sq_km": 22300.8,
        "city": "Surat",
        "district": "Surat",
        "income_index": 0.73,
        "value": 0.514
      }
    },
    {
      "type": "Feature",
      "geometry": {
        "type": "Point",
        "coordinates": [
          72.76161,
          21.23273
        ]
      },
      "properties": {
        "name": "Surat Sector 34",
        "population": 7954,
        "density_per_sq_km": 6628.3,
        "city": "Surat",
        "district": "Surat",
        "income_index": 0.54,
        "value": 0.321
      }
    },
    {
      "type": "Feature",
      "geometry": {
        "type": "Point",
        "coordinates": [
          72.84322,
          21.12582
        ]
      },
      "properties": {
        "name": "Surat Sector 35",
        "population": 26012,
        "density_per_sq_km": 21676.7,
        "city": "Surat",
        "district": "Surat",
        "income_index": 0.72,
        "value": 0.519
      }
    },
    {
      "type": "Feature",
      "geometry": {
        "type": "Point",
        "coordinates": [
          72.83703,
          21.20714
        ]
      },
      "properties": {
        "name": "Surat Sector 36",
        "population": 21268,
        "density_per_sq_km": 17723.3,
        "city": "Surat",
        "district": "Surat",
        "income_index": 0.75,
        "value": 0.706
      }
    },
    {
      "type": "Feature",
      "geometry": {
        "type": "Point",
        "coordinates": [
          72.82135,
          21.21325
        ]
      },
      "properties": {
        "name": "Surat Sector 37",
        "population": 24316,
        "density_per_sq_km": 20263.3,
        "city": "Surat",
        "district": "Surat",
        "income_index": 0.73,
        "value": 0.566
      }
    },
    {
      "type": "Feature",
      "geometry": {
        "type": "Point",
        "coordinates": [
          72.8234,
          21.23057
        ]
      },
      "properties": {
        "name": "Surat Sector 38",
        "population": 22853,
        "density_per_sq_km": 19044.2,
        "city": "Surat",
        "district": "Surat",
        "income_index": 0.66,
        "value": 0.389
      }
    },
    {
      "type": "Feature",
      "geometry": {
        "type": "Point",
        "coordinates": [
          72.82394,
          21.20567
        ]
      },
      "properties": {
        "name": "Surat Sector 39",
        "population": 31870,
        "density_per_sq_km": 26558.3,
        "city": "Surat",
        "district": "Surat",
        "income_index": 0.76,
        "value": 0.596
      }
    },
    {
      "type": "Feature",
      "geometry": {
        "type": "Point",
        "coordinates": [
          72.86755,
          21.21214
        ]
      },
      "properties": {
        "name": "Surat Sector 40",
        "population": 22492,
        "density_per_sq_km": 18743.3,
        "city": "Surat",
        "district": "Surat",
        "income_index": 0.69,
        "value": 0.478
      }
    },
    {
      "type": "Feature",
      "geometry": {
        "type": "Point",
        "coordinates": [
          72.7919,
          21.1238
        ]
      },
      "properties": {
        "name": "Surat Sector 41",
        "population": 16754,
        "density_per_sq_km": 13961.7,
        "city": "Surat",
        "district": "Surat",
        "income_index": 0.67,
        "value": 0.494
      }
    },
    {
      "type": "Feature",
      "geometry": {
        "type": "Point",
        "coordinates": [
          72.9108,
          21.16799
        ]
      },
      "properties": {
        "name": "Surat Sector 42",
        "population": 9354,
        "density_per_sq_km": 7795.0,
        "city": "Surat",
        "district": "Surat",
        "income_index": 0.61,
        "value": 0.455
      }
    },
    {
      "type": "Feature",
      "geometry": {
        "type": "Point",
        "coordinates": [
          72.81178,
          21.09708
        ]
      },
      "properties": {
        "name": "Surat Sector 43",
        "population": 15966,
        "density_per_sq_km": 13305.0,
        "city": "Surat",
        "district": "Surat",
        "income_index": 0.6,
        "value": 0.397
      }
    },
    {
      "type": "Feature",
      "geometry": {
        "type": "Point",
        "coordinates": [
          72.85071,
          21.15423
        ]
      },
      "properties": {
        "name": "Surat Sector 44",
        "population": 30573,
        "density_per_sq_km": 25477.5,
        "city": "Surat",
        "district": "Surat",
        "income_index": 0.8,
        "value": 0.693
      }
    },
    {
      "type": "Feature",
      "geometry": {
        "type": "Point",
        "coordinates": [
          72.91868,
          21.13552
        ]
      },
      "properties": {
        "name": "Surat Sector 45",
        "population": 11601,
        "density_per_sq_km": 9667.5,
        "city": "Surat",
        "district": "Surat",
        "income_index": 0.55,
        "value": 0.227
      }
    },
    {
      "type": "Feature",
      "geometry": {
        "type": "Point",
        "coordinates": [
          72.88337,
          21.15115
        ]
      },
      "properties": {
        "name": "Surat Sector 46",
        "population": 18665,
        "density_per_sq_km": 15554.2,
        "city": "Surat",
        "district": "Surat",
        "income_index": 0.69,
        "value": 0.486
      }
    },
    {
      "type": "Feature",
      "geometry": {
        "type": "Point",
        "coordinates": [
          72.87193,
          21.2072
        ]
      },
      "properties": {
        "name": "Surat Sector 47",
        "population": 25561,
        "density_per_sq_km": 21300.8,
        "city": "Surat",
        "district": "Surat",
        "income_index": 0.69,
        "value": 0.557
      }
    },
    {
      "type": "Feature",
      "geometry": {
        "type": "Point",
        "coordinates": [
          72.79012,
          21.22479
        ]
      },
      "properties": {
        "name": "Surat Sector 48",
        "population": 13959,
        "density_per_sq_km": 11632.5,
        "city": "Surat",
        "district": "Surat",
        "income_index": 0.64,
        "value": 0.434
      }
    },
    {
      "type": "Feature",
      "geometry": {
        "type": "Point",
        "coordinates": [
          72.83122,
          21.21475
        ]
      },
      "properties": {
        "name": "Surat Sector 49",
        "population": 21040,
        "density_per_sq_km": 17533.3,
        "city": "Surat",
        "district": "Surat",
        "income_index": 0.72,
        "value": 0.598
      }
    },
    {
      "type": "Feature",
      "geometry": {
        "type": "Point",
        "coordinates": [
          73.1812,
          22.3072
        ]
      },
      "properties": {
        "name": "Vadodara Core",
        "population": 345000,
        "density_per_sq_km": 20618.8,
        "city": "Vadodara",
        "district": "Vadodara",
        "income_index": 0.84,
        "value": 0.92
      }
    },
    {
      "type": "Feature",
      "geometry": {
        "type": "Point",
        "coordinates": [
          73.22408,
          22.31641
        ]
      },
      "properties": {
        "name": "Vadodara Sector 1",
        "population": 8386,
        "density_per_sq_km": 6988.3,
        "city": "Vadodara",
        "district": "Vadodara",
        "income_index": 0.67,
        "value": 0.552
      }
    },
    {
      "type": "Feature",
      "geometry": {
        "type": "Point",
        "coordinates": [
          73.19978,
          22.31669
        ]
      },
      "properties": {
        "name": "Vadodara Sector 2",
        "population": 9540,
        "density_per_sq_km": 7950.0,
        "city": "Vadodara",
        "district": "Vadodara",
        "income_index": 0.79,
        "value": 0.73
      }
    },
    {
      "type": "Feature",
      "geometry": {
        "type": "Point",
        "coordinates": [
          73.23801,
          22.27603
        ]
      },
      "properties": {
        "name": "Vadodara Sector 3",
        "population": 4535,
        "density_per_sq_km": 3779.2,
        "city": "Vadodara",
        "district": "Vadodara",
        "income_index": 0.56,
        "value": 0.324
      }
    },
    {
      "type": "Feature",
      "geometry": {
        "type": "Point",
        "coordinates": [
          73.21075,
          22.31159
        ]
      },
      "properties": {
        "name": "Vadodara Sector 4",
        "population": 5712,
        "density_per_sq_km": 4760.0,
        "city": "Vadodara",
        "district": "Vadodara",
        "income_index": 0.75,
        "value": 0.572
      }
    },
    {
      "type": "Feature",
      "geometry": {
        "type": "Point",
        "coordinates": [
          73.19192,
          22.24425
        ]
      },
      "properties": {
        "name": "Vadodara Sector 5",
        "population": 2527,
        "density_per_sq_km": 2105.8,
        "city": "Vadodara",
        "district": "Vadodara",
        "income_index": 0.55,
        "value": 0.246
      }
    },
    {
      "type": "Feature",
      "geometry": {
        "type": "Point",
        "coordinates": [
          73.15963,
          22.28841
        ]
      },
      "properties": {
        "name": "Vadodara Sector 6",
        "population": 9500,
        "density_per_sq_km": 7916.7,
        "city": "Vadodara",
        "district": "Vadodara",
        "income_index": 0.75,
        "value": 0.625
      }
    },
    {
      "type": "Feature",
      "geometry": {
        "type": "Point",
        "coordinates": [
          73.23542,
          22.3091
        ]
      },
      "properties": {
        "name": "Vadodara Sector 7",
        "population": 3584,
        "density_per_sq_km": 2986.7,
        "city": "Vadodara",
        "district": "Vadodara",
        "income_index": 0.62,
        "value": 0.449
      }
    },
    {
      "type": "Feature",
      "geometry": {
        "type": "Point",
        "coordinates": [
          73.15818,
          22.3099
        ]
      },
      "properties": {
        "name": "Vadodara Sector 8",
        "population": 8739,
        "density_per_sq_km": 7282.5,
        "city": "Vadodara",
        "district": "Vadodara",
        "income_index": 0.78,
        "value": 0.621
      }
    },
    {
      "type": "Feature",
      "geometry": {
        "type": "Point",
        "coordinates": [
          73.1691,
          22.34858
        ]
      },
      "properties": {
        "name": "Vadodara Sector 9",
        "population": 4431,
        "density_per_sq_km": 3692.5,
        "city": "Vadodara",
        "district": "Vadodara",
        "income_index": 0.66,
        "value": 0.422
      }
    },
    {
      "type": "Feature",
      "geometry": {
        "type": "Point",
        "coordinates": [
          73.14601,
          22.33034
        ]
      },
      "properties": {
        "name": "Vadodara Sector 10",
        "population": 8071,
        "density_per_sq_km": 6725.8,
        "city": "Vadodara",
        "district": "Vadodara",
        "income_index": 0.68,
        "value": 0.534
      }
    },
    {
      "type": "Feature",
      "geometry": {
        "type": "Point",
        "coordinates": [
          73.17735,
          22.35389
        ]
      },
      "properties": {
        "name": "Vadodara Sector 11",
        "population": 7538,
        "density_per_sq_km": 6281.7,
        "city": "Vadodara",
        "district": "Vadodara",
        "income_index": 0.64,
        "value": 0.51
      }
    },
    {
      "type": "Feature",
      "geometry": {
        "type": "Point",
        "coordinates": [
          73.14321,
          22.26613
        ]
      },
      "properties": {
        "name": "Vadodara Sector 12",
        "population": 4845,
        "density_per_sq_km": 4037.5,
        "city": "Vadodara",
        "district": "Vadodara",
        "income_index": 0.6,
        "value": 0.426
      }
    },
    {
      "type": "Feature",
      "geometry": {
        "type": "Point",
        "coordinates": [
          73.15933,
          22.24198
        ]
      },
      "properties": {
        "name": "Vadodara Sector 13",
        "population": 3397,
        "density_per_sq_km": 2830.8,
        "city": "Vadodara",
        "district": "Vadodara",
        "income_index": 0.52,
        "value": 0.213
      }
    },
    {
      "type": "Feature",
      "geometry": {
        "type": "Point",
        "coordinates": [
          73.21393,
          22.30545
        ]
      },
      "properties": {
        "name": "Vadodara Sector 14",
        "population": 8744,
        "density_per_sq_km": 7286.7,
        "city": "Vadodara",
        "district": "Vadodara",
        "income_index": 0.73,
        "value": 0.65
      }
    },
    {
      "type": "Feature",
      "geometry": {
        "type": "Point",
        "coordinates": [
          73.1742,
          22.2591
        ]
      },
      "properties": {
        "name": "Vadodara Sector 15",
        "population": 4732,
        "density_per_sq_km": 3943.3,
        "city": "Vadodara",
        "district": "Vadodara",
        "income_index": 0.63,
        "value": 0.331
      }
    },
    {
      "type": "Feature",
      "geometry": {
        "type": "Point",
        "coordinates": [
          73.21448,
          22.30017
        ]
      },
      "properties": {
        "name": "Vadodara Sector 16",
        "population": 6899,
        "density_per_sq_km": 5749.2,
        "city": "Vadodara",
        "district": "Vadodara",
        "income_index": 0.72,
        "value": 0.593
      }
    },
    {
      "type": "Feature",
      "geometry": {
        "type": "Point",
        "coordinates": [
          73.20555,
          22.32623
        ]
      },
      "properties": {
        "name": "Vadodara Sector 17",
        "population": 9173,
        "density_per_sq_km": 7644.2,
        "city": "Vadodara",
        "district": "Vadodara",
        "income_index": 0.74,
        "value": 0.647
      }
    },
    {
      "type": "Feature",
      "geometry": {
        "type": "Point",
        "coordinates": [
          73.19722,
          22.34191
        ]
      },
      "properties": {
        "name": "Vadodara Sector 18",
        "population": 7216,
        "density_per_sq_km": 6013.3,
        "city": "Vadodara",
        "district": "Vadodara",
        "income_index": 0.69,
        "value": 0.506
      }
    },
    {
      "type": "Feature",
      "geometry": {
        "type": "Point",
        "coordinates": [
          73.22108,
          22.31746
        ]
      },
      "properties": {
        "name": "Vadodara Sector 19",
        "population": 8815,
        "density_per_sq_km": 7345.8,
        "city": "Vadodara",
        "district": "Vadodara",
        "income_index": 0.69,
        "value": 0.534
      }
    },
    {
      "type": "Feature",
      "geometry": {
        "type": "Point",
        "coordinates": [
          73.11568,
          22.2856
        ]
      },
      "properties": {
        "name": "Vadodara Sector 20",
        "population": 4061,
        "density_per_sq_km": 3384.2,
        "city": "Vadodara",
        "district": "Vadodara",
        "income_index": 0.54,
        "value": 0.233
      }
    },
    {
      "type": "Feature",
      "geometry": {
        "type": "Point",
        "coordinates": [
          73.18261,
          22.34249
        ]
      },
      "properties": {
        "name": "Vadodara Sector 21",
        "population": 8582,
        "density_per_sq_km": 7151.7,
        "city": "Vadodara",
        "district": "Vadodara",
        "income_index": 0.7,
        "value": 0.618
      }
    },
    {
      "type": "Feature",
      "geometry": {
        "type": "Point",
        "coordinates": [
          73.16928,
          22.34382
        ]
      },
      "properties": {
        "name": "Vadodara Sector 22",
        "population": 8095,
        "density_per_sq_km": 6745.8,
        "city": "Vadodara",
        "district": "Vadodara",
        "income_index": 0.69,
        "value": 0.527
      }
    },
    {
      "type": "Feature",
      "geometry": {
        "type": "Point",
        "coordinates": [
          73.16233,
          22.28417
        ]
      },
      "properties": {
        "name": "Vadodara Sector 23",
        "population": 6667,
        "density_per_sq_km": 5555.8,
        "city": "Vadodara",
        "district": "Vadodara",
        "income_index": 0.74,
        "value": 0.598
      }
    },
    {
      "type": "Feature",
      "geometry": {
        "type": "Point",
        "coordinates": [
          73.18799,
          22.34125
        ]
      },
      "properties": {
        "name": "Vadodara Sector 24",
        "population": 8322,
        "density_per_sq_km": 6935.0,
        "city": "Vadodara",
        "district": "Vadodara",
        "income_index": 0.71,
        "value": 0.535
      }
    },
    {
      "type": "Feature",
      "geometry": {
        "type": "Point",
        "coordinates": [
          73.21884,
          22.32778
        ]
      },
      "properties": {
        "name": "Vadodara Sector 25",
        "population": 5001,
        "density_per_sq_km": 4167.5,
        "city": "Vadodara",
        "district": "Vadodara",
        "income_index": 0.68,
        "value": 0.52
      }
    },
    {
      "type": "Feature",
      "geometry": {
        "type": "Point",
        "coordinates": [
          73.18797,
          22.34381
        ]
      },
      "properties": {
        "name": "Vadodara Sector 26",
        "population": 7401,
        "density_per_sq_km": 6167.5,
        "city": "Vadodara",
        "district": "Vadodara",
        "income_index": 0.69,
        "value": 0.434
      }
    },
    {
      "type": "Feature",
      "geometry": {
        "type": "Point",
        "coordinates": [
          73.16123,
          22.29245
        ]
      },
      "properties": {
        "name": "Vadodara Sector 27",
        "population": 8678,
        "density_per_sq_km": 7231.7,
        "city": "Vadodara",
        "district": "Vadodara",
        "income_index": 0.77,
        "value": 0.574
      }
    },
    {
      "type": "Feature",
      "geometry": {
        "type": "Point",
        "coordinates": [
          73.20234,
          22.2866
        ]
      },
      "properties": {
        "name": "Vadodara Sector 28",
        "population": 7313,
        "density_per_sq_km": 6094.2,
        "city": "Vadodara",
        "district": "Vadodara",
        "income_index": 0.74,
        "value": 0.668
      }
    },
    {
      "type": "Feature",
      "geometry": {
        "type": "Point",
        "coordinates": [
          73.22304,
          22.26643
        ]
      },
      "properties": {
        "name": "Vadodara Sector 29",
        "population": 5544,
        "density_per_sq_km": 4620.0,
        "city": "Vadodara",
        "district": "Vadodara",
        "income_index": 0.59,
        "value": 0.289
      }
    },
    {
      "type": "Feature",
      "geometry": {
        "type": "Point",
        "coordinates": [
          73.18744,
          22.31742
        ]
      },
      "properties": {
        "name": "Vadodara Sector 30",
        "population": 10777,
        "density_per_sq_km": 8980.8,
        "city": "Vadodara",
        "district": "Vadodara",
        "income_index": 0.83,
        "value": 0.883
      }
    },
    {
      "type": "Feature",
      "geometry": {
        "type": "Point",
        "coordinates": [
          73.22481,
          22.2779
        ]
      },
      "properties": {
        "name": "Vadodara Sector 31",
        "population": 6403,
        "density_per_sq_km": 5335.8,
        "city": "Vadodara",
        "district": "Vadodara",
        "income_index": 0.62,
        "value": 0.432
      }
    },
    {
      "type": "Feature",
      "geometry": {
        "type": "Point",
        "coordinates": [
          73.10035,
          22.30919
        ]
      },
      "properties": {
        "name": "Vadodara Sector 32",
        "population": 1636,
        "density_per_sq_km": 1363.3,
        "city": "Vadodara",
        "district": "Vadodara",
        "income_index": 0.48,
        "value": 0.1
      }
    },
    {
      "type": "Feature",
      "geometry": {
        "type": "Point",
        "coordinates": [
          73.20149,
          22.32042
        ]
      },
      "properties": {
        "name": "Vadodara Sector 33",
        "population": 10014,
        "density_per_sq_km": 8345.0,
        "city": "Vadodara",
        "district": "Vadodara",
        "income_index": 0.77,
        "value": 0.683
      }
    },
    {
      "type": "Feature",
      "geometry": {
        "type": "Point",
        "coordinates": [
          73.23712,
          22.31776
        ]
      },
      "properties": {
        "name": "Vadodara Sector 34",
        "population": 5886,
        "density_per_sq_km": 4905.0,
        "city": "Vadodara",
        "district": "Vadodara",
        "income_index": 0.61,
        "value": 0.306
      }
    },
    {
      "type": "Feature",
      "geometry": {
        "type": "Point",
        "coordinates": [
          73.14347,
          22.26349
        ]
      },
      "properties": {
        "name": "Vadodara Sector 35",
        "population": 3400,
        "density_per_sq_km": 2833.3,
        "city": "Vadodara",
        "district": "Vadodara",
        "income_index": 0.59,
        "value": 0.405
      }
    },
    {
      "type": "Feature",
      "geometry": {
        "type": "Point",
        "coordinates": [
          73.17607,
          22.32826
        ]
      },
      "properties": {
        "name": "Vadodara Sector 36",
        "population": 6278,
        "density_per_sq_km": 5231.7,
        "city": "Vadodara",
        "district": "Vadodara",
        "income_index": 0.78,
        "value": 0.647
      }
    },
    {
      "type": "Feature",
      "geometry": {
        "type": "Point",
        "coordinates": [
          73.10729,
          22.27362
        ]
      },
      "properties": {
        "name": "Vadodara Sector 37",
        "population": 1736,
        "density_per_sq_km": 1446.7,
        "city": "Vadodara",
        "district": "Vadodara",
        "income_index": 0.48,
        "value": 0.182
      }
    },
    {
      "type": "Feature",
      "geometry": {
        "type": "Point",
        "coordinates": [
          73.20716,
          22.35361
        ]
      },
      "properties": {
        "name": "Vadodara Sector 38",
        "population": 5500,
        "density_per_sq_km": 4583.3,
        "city": "Vadodara",
        "district": "Vadodara",
        "income_index": 0.61,
        "value": 0.298
      }
    },
    {
      "type": "Feature",
      "geometry": {
        "type": "Point",
        "coordinates": [
          73.11295,
          22.31618
        ]
      },
      "properties": {
        "name": "Vadodara Sector 39",
        "population": 3763,
        "density_per_sq_km": 3135.8,
        "city": "Vadodara",
        "district": "Vadodara",
        "income_index": 0.55,
        "value": 0.187
      }
    },
    {
      "type": "Feature",
      "geometry": {
        "type": "Point",
        "coordinates": [
          73.17481,
          22.36528
        ]
      },
      "properties": {
        "name": "Vadodara Sector 40",
        "population": 3817,
        "density_per_sq_km": 3180.8,
        "city": "Vadodara",
        "district": "Vadodara",
        "income_index": 0.58,
        "value": 0.302
      }
    },
    {
      "type": "Feature",
      "geometry": {
        "type": "Point",
        "coordinates": [
          73.2144,
          22.27815
        ]
      },
      "properties": {
        "name": "Vadodara Sector 41",
        "population": 5729,
        "density_per_sq_km": 4774.2,
        "city": "Vadodara",
        "district": "Vadodara",
        "income_index": 0.67,
        "value": 0.548
      }
    },
    {
      "type": "Feature",
      "geometry": {
        "type": "Point",
        "coordinates": [
          73.16044,
          22.31659
        ]
      },
      "properties": {
        "name": "Vadodara Sector 42",
        "population": 12038,
        "density_per_sq_km": 10031.7,
        "city": "Vadodara",
        "district": "Vadodara",
        "income_index": 0.78,
        "value": 0.714
      }
    },
    {
      "type": "Feature",
      "geometry": {
        "type": "Point",
        "coordinates": [
          73.1305,
          22.33249
        ]
      },
      "properties": {
        "name": "Vadodara Sector 43",
        "population": 4719,
        "density_per_sq_km": 3932.5,
        "city": "Vadodara",
        "district": "Vadodara",
        "income_index": 0.6,
        "value": 0.414
      }
    },
    {
      "type": "Feature",
      "geometry": {
        "type": "Point",
        "coordinates": [
          73.17387,
          22.33796
        ]
      },
      "properties": {
        "name": "Vadodara Sector 44",
        "population": 9466,
        "density_per_sq_km": 7888.3,
        "city": "Vadodara",
        "district": "Vadodara",
        "income_index": 0.73,
        "value": 0.593
      }
    },
    {
      "type": "Feature",
      "geometry": {
        "type": "Point",
        "coordinates": [
          73.18556,
          22.26842
        ]
      },
      "properties": {
        "name": "Vadodara Sector 45",
        "population": 7903,
        "density_per_sq_km": 6585.8,
        "city": "Vadodara",
        "district": "Vadodara",
        "income_index": 0.68,
        "value": 0.464
      }
    },
    {
      "type": "Feature",
      "geometry": {
        "type": "Point",
        "coordinates": [
          73.12732,
          22.34424
        ]
      },
      "properties": {
        "name": "Vadodara Sector 46",
        "population": 2717,
        "density_per_sq_km": 2264.2,
        "city": "Vadodara",
        "district": "Vadodara",
        "income_index": 0.56,
        "value": 0.356
      }
    },
    {
      "type": "Feature",
      "geometry": {
        "type": "Point",
        "coordinates": [
          73.22476,
          22.30875
        ]
      },
      "properties": {
        "name": "Vadodara Sector 47",
        "population": 7160,
        "density_per_sq_km": 5966.7,
        "city": "Vadodara",
        "district": "Vadodara",
        "income_index": 0.68,
        "value": 0.473
      }
    },
    {
      "type": "Feature",
      "geometry": {
        "type": "Point",
        "coordinates": [
          73.19357,
          22.37
        ]
      },
      "properties": {
        "name": "Vadodara Sector 48",
        "population": 2773,
        "density_per_sq_km": 2310.8,
        "city": "Vadodara",
        "district": "Vadodara",
        "income_index": 0.55,
        "value": 0.205
      }
    },
    {
      "type": "Feature",
      "geometry": {
        "type": "Point",
        "coordinates": [
          73.14526,
          22.31751
        ]
      },
      "properties": {
        "name": "Vadodara Sector 49",
        "population": 9287,
        "density_per_sq_km": 7739.2,
        "city": "Vadodara",
        "district": "Vadodara",
        "income_index": 0.71,
        "value": 0.592
      }
    },
    {
      "type": "Feature",
      "geometry": {
        "type": "Point",
        "coordinates": [
          70.8022,
          22.3039
        ]
      },
      "properties": {
        "name": "Rajkot Core",
        "population": 285000,
        "density_per_sq_km": 19105.1,
        "city": "Rajkot",
        "district": "Rajkot",
        "income_index": 0.75,
        "value": 0.99
      }
    },
    {
      "type": "Feature",
      "geometry": {
        "type": "Point",
        "coordinates": [
          70.82922,
          22.3458
        ]
      },
      "properties": {
        "name": "Rajkot Sector 1",
        "population": 3942,
        "density_per_sq_km": 3285.0,
        "city": "Rajkot",
        "district": "Rajkot",
        "income_index": 0.6,
        "value": 0.41
      }
    },
    {
      "type": "Feature",
      "geometry": {
        "type": "Point",
        "coordinates": [
          70.75715,
          22.28758
        ]
      },
      "properties": {
        "name": "Rajkot Sector 2",
        "population": 4440,
        "density_per_sq_km": 3700.0,
        "city": "Rajkot",
        "district": "Rajkot",
        "income_index": 0.62,
        "value": 0.462
      }
    },
    {
      "type": "Feature",
      "geometry": {
        "type": "Point",
        "coordinates": [
          70.81787,
          22.32581
        ]
      },
      "properties": {
        "name": "Rajkot Sector 3",
        "population": 7604,
        "density_per_sq_km": 6336.7,
        "city": "Rajkot",
        "district": "Rajkot",
        "income_index": 0.74,
        "value": 0.57
      }
    },
    {
      "type": "Feature",
      "geometry": {
        "type": "Point",
        "coordinates": [
          70.78271,
          22.27184
        ]
      },
      "properties": {
        "name": "Rajkot Sector 4",
        "population": 5562,
        "density_per_sq_km": 4635.0,
        "city": "Rajkot",
        "district": "Rajkot",
        "income_index": 0.67,
        "value": 0.477
      }
    },
    {
      "type": "Feature",
      "geometry": {
        "type": "Point",
        "coordinates": [
          70.76859,
          22.30311
        ]
      },
      "properties": {
        "name": "Rajkot Sector 5",
        "population": 6980,
        "density_per_sq_km": 5816.7,
        "city": "Rajkot",
        "district": "Rajkot",
        "income_index": 0.71,
        "value": 0.509
      }
    },
    {
      "type": "Feature",
      "geometry": {
        "type": "Point",
        "coordinates": [
          70.82443,
          22.30372
        ]
      },
      "properties": {
        "name": "Rajkot Sector 6",
        "population": 5918,
        "density_per_sq_km": 4931.7,
        "city": "Rajkot",
        "district": "Rajkot",
        "income_index": 0.77,
        "value": 0.596
      }
    },
    {
      "type": "Feature",
      "geometry": {
        "type": "Point",
        "coordinates": [
          70.78981,
          22.25388
        ]
      },
      "properties": {
        "name": "Rajkot Sector 7",
        "population": 2893,
        "density_per_sq_km": 2410.8,
        "city": "Rajkot",
        "district": "Rajkot",
        "income_index": 0.58,
        "value": 0.274
      }
    },
    {
      "type": "Feature",
      "geometry": {
        "type": "Point",
        "coordinates": [
          70.80745,
          22.25509
        ]
      },
      "properties": {
        "name": "Rajkot Sector 8",
        "population": 5192,
        "density_per_sq_km": 4326.7,
        "city": "Rajkot",
        "district": "Rajkot",
        "income_index": 0.6,
        "value": 0.36
      }
    },
    {
      "type": "Feature",
      "geometry": {
        "type": "Point",
        "coordinates": [
          70.82247,
          22.29995
        ]
      },
      "properties": {
        "name": "Rajkot Sector 9",
        "population": 6063,
        "density_per_sq_km": 5052.5,
        "city": "Rajkot",
        "district": "Rajkot",
        "income_index": 0.78,
        "value": 0.633
      }
    },
    {
      "type": "Feature",
      "geometry": {
        "type": "Point",
        "coordinates": [
          70.81197,
          22.30819
        ]
      },
      "properties": {
        "name": "Rajkot Sector 10",
        "population": 8943,
        "density_per_sq_km": 7452.5,
        "city": "Rajkot",
        "district": "Rajkot",
        "income_index": 0.84,
        "value": 0.744
      }
    },
    {
      "type": "Feature",
      "geometry": {
        "type": "Point",
        "coordinates": [
          70.7952,
          22.34367
        ]
      },
      "properties": {
        "name": "Rajkot Sector 11",
        "population": 5678,
        "density_per_sq_km": 4731.7,
        "city": "Rajkot",
        "district": "Rajkot",
        "income_index": 0.65,
        "value": 0.378
      }
    },
    {
      "type": "Feature",
      "geometry": {
        "type": "Point",
        "coordinates": [
          70.77236,
          22.32933
        ]
      },
      "properties": {
        "name": "Rajkot Sector 12",
        "population": 6689,
        "density_per_sq_km": 5574.2,
        "city": "Rajkot",
        "district": "Rajkot",
        "income_index": 0.67,
        "value": 0.498
      }
    },
    {
      "type": "Feature",
      "geometry": {
        "type": "Point",
        "coordinates": [
          70.80952,
          22.26913
        ]
      },
      "properties": {
        "name": "Rajkot Sector 13",
        "population": 4434,
        "density_per_sq_km": 3695.0,
        "city": "Rajkot",
        "district": "Rajkot",
        "income_index": 0.68,
        "value": 0.417
      }
    },
    {
      "type": "Feature",
      "geometry": {
        "type": "Point",
        "coordinates": [
          70.78774,
          22.33837
        ]
      },
      "properties": {
        "name": "Rajkot Sector 14",
        "population": 6591,
        "density_per_sq_km": 5492.5,
        "city": "Rajkot",
        "district": "Rajkot",
        "income_index": 0.67,
        "value": 0.47
      }
    },
    {
      "type": "Feature",
      "geometry": {
        "type": "Point",
        "coordinates": [
          70.82351,
          22.34315
        ]
      },
      "properties": {
        "name": "Rajkot Sector 15",
        "population": 3210,
        "density_per_sq_km": 2675.0,
        "city": "Rajkot",
        "district": "Rajkot",
        "income_index": 0.63,
        "value": 0.342
      }
    },
    {
      "type": "Feature",
      "geometry": {
        "type": "Point",
        "coordinates": [
          70.78973,
          22.27621
        ]
      },
      "properties": {
        "name": "Rajkot Sector 16",
        "population": 8354,
        "density_per_sq_km": 6961.7,
        "city": "Rajkot",
        "district": "Rajkot",
        "income_index": 0.72,
        "value": 0.491
      }
    },
    {
      "type": "Feature",
      "geometry": {
        "type": "Point",
        "coordinates": [
          70.75615,
          22.30778
        ]
      },
      "properties": {
        "name": "Rajkot Sector 17",
        "population": 5624,
        "density_per_sq_km": 4686.7,
        "city": "Rajkot",
        "district": "Rajkot",
        "income_index": 0.64,
        "value": 0.37
      }
    },
    {
      "type": "Feature",
      "geometry": {
        "type": "Point",
        "coordinates": [
          70.79672,
          22.26842
        ]
      },
      "properties": {
        "name": "Rajkot Sector 18",
        "population": 5353,
        "density_per_sq_km": 4460.8,
        "city": "Rajkot",
        "district": "Rajkot",
        "income_index": 0.68,
        "value": 0.574
      }
    },
    {
      "type": "Feature",
      "geometry": {
        "type": "Point",
        "coordinates": [
          70.80017,
          22.3339
        ]
      },
      "properties": {
        "name": "Rajkot Sector 19",
        "population": 6783,
        "density_per_sq_km": 5652.5,
        "city": "Rajkot",
        "district": "Rajkot",
        "income_index": 0.71,
        "value": 0.588
      }
    },
    {
      "type": "Feature",
      "geometry": {
        "type": "Point",
        "coordinates": [
          70.72981,
          22.29972
        ]
      },
      "properties": {
        "name": "Rajkot Sector 20",
        "population": 1384,
        "density_per_sq_km": 1153.3,
        "city": "Rajkot",
        "district": "Rajkot",
        "income_index": 0.49,
        "value": 0.1
      }
    },
    {
      "type": "Feature",
      "geometry": {
        "type": "Point",
        "coordinates": [
          70.78133,
          22.29172
        ]
      },
      "properties": {
        "name": "Rajkot Sector 21",
        "population": 5607,
        "density_per_sq_km": 4672.5,
        "city": "Rajkot",
        "district": "Rajkot",
        "income_index": 0.76,
        "value": 0.562
      }
    },
    {
      "type": "Feature",
      "geometry": {
        "type": "Point",
        "coordinates": [
          70.80285,
          22.33973
        ]
      },
      "properties": {
        "name": "Rajkot Sector 22",
        "population": 5914,
        "density_per_sq_km": 4928.3,
        "city": "Rajkot",
        "district": "Rajkot",
        "income_index": 0.68,
        "value": 0.46
      }
    },
    {
      "type": "Feature",
      "geometry": {
        "type": "Point",
        "coordinates": [
          70.85377,
          22.30948
        ]
      },
      "properties": {
        "name": "Rajkot Sector 23",
        "population": 4614,
        "density_per_sq_km": 3845.0,
        "city": "Rajkot",
        "district": "Rajkot",
        "income_index": 0.6,
        "value": 0.358
      }
    },
    {
      "type": "Feature",
      "geometry": {
        "type": "Point",
        "coordinates": [
          70.73806,
          22.27927
        ]
      },
      "properties": {
        "name": "Rajkot Sector 24",
        "population": 2468,
        "density_per_sq_km": 2056.7,
        "city": "Rajkot",
        "district": "Rajkot",
        "income_index": 0.5,
        "value": 0.212
      }
    },
    {
      "type": "Feature",
      "geometry": {
        "type": "Point",
        "coordinates": [
          70.74227,
          22.26929
        ]
      },
      "properties": {
        "name": "Rajkot Sector 25",
        "population": 1837,
        "density_per_sq_km": 1530.8,
        "city": "Rajkot",
        "district": "Rajkot",
        "income_index": 0.5,
        "value": 0.183
      }
    },
    {
      "type": "Feature",
      "geometry": {
        "type": "Point",
        "coordinates": [
          70.74805,
          22.26635
        ]
      },
      "properties": {
        "name": "Rajkot Sector 26",
        "population": 2767,
        "density_per_sq_km": 2305.8,
        "city": "Rajkot",
        "district": "Rajkot",
        "income_index": 0.51,
        "value": 0.119
      }
    },
    {
      "type": "Feature",
      "geometry": {
        "type": "Point",
        "coordinates": [
          70.83035,
          22.3191
        ]
      },
      "properties": {
        "name": "Rajkot Sector 27",
        "population": 7305,
        "density_per_sq_km": 6087.5,
        "city": "Rajkot",
        "district": "Rajkot",
        "income_index": 0.71,
        "value": 0.579
      }
    },
    {
      "type": "Feature",
      "geometry": {
        "type": "Point",
        "coordinates": [
          70.82404,
          22.2989
        ]
      },
      "properties": {
        "name": "Rajkot Sector 28",
        "population": 8347,
        "density_per_sq_km": 6955.8,
        "city": "Rajkot",
        "district": "Rajkot",
        "income_index": 0.77,
        "value": 0.709
      }
    },
    {
      "type": "Feature",
      "geometry": {
        "type": "Point",
        "coordinates": [
          70.78775,
          22.33941
        ]
      },
      "properties": {
        "name": "Rajkot Sector 29",
        "population": 5285,
        "density_per_sq_km": 4404.2,
        "city": "Rajkot",
        "district": "Rajkot",
        "income_index": 0.67,
        "value": 0.395
      }
    },
    {
      "type": "Feature",
      "geometry": {
        "type": "Point",
        "coordinates": [
          70.8116,
          22.33789
        ]
      },
      "properties": {
        "name": "Rajkot Sector 30",
        "population": 4988,
        "density_per_sq_km": 4156.7,
        "city": "Rajkot",
        "district": "Rajkot",
        "income_index": 0.68,
        "value": 0.461
      }
    },
    {
      "type": "Feature",
      "geometry": {
        "type": "Point",
        "coordinates": [
          70.84278,
          22.36199
        ]
      },
      "properties": {
        "name": "Rajkot Sector 31",
        "population": 1793,
        "density_per_sq_km": 1494.2,
        "city": "Rajkot",
        "district": "Rajkot",
        "income_index": 0.47,
        "value": 0.147
      }
    },
    {
      "type": "Feature",
      "geometry": {
        "type": "Point",
        "coordinates": [
          70.77595,
          22.37993
        ]
      },
      "properties": {
        "name": "Rajkot Sector 32",
        "population": 1112,
        "density_per_sq_km": 926.7,
        "city": "Rajkot",
        "district": "Rajkot",
        "income_index": 0.45,
        "value": 0.1
      }
    },
    {
      "type": "Feature",
      "geometry": {
        "type": "Point",
        "coordinates": [
          70.81597,
          22.35323
        ]
      },
      "properties": {
        "name": "Rajkot Sector 33",
        "population": 3634,
        "density_per_sq_km": 3028.3,
        "city": "Rajkot",
        "district": "Rajkot",
        "income_index": 0.59,
        "value": 0.365
      }
    },
    {
      "type": "Feature",
      "geometry": {
        "type": "Point",
        "coordinates": [
          70.78903,
          22.32482
        ]
      },
      "properties": {
        "name": "Rajkot Sector 34",
        "population": 7395,
        "density_per_sq_km": 6162.5,
        "city": "Rajkot",
        "district": "Rajkot",
        "income_index": 0.75,
        "value": 0.658
      }
    },
    {
      "type": "Feature",
      "geometry": {
        "type": "Point",
        "coordinates": [
          70.80324,
          22.28545
        ]
      },
      "properties": {
        "name": "Rajkot Sector 35",
        "population": 6921,
        "density_per_sq_km": 5767.5,
        "city": "Rajkot",
        "district": "Rajkot",
        "income_index": 0.79,
        "value": 0.662
      }
    },
    {
      "type": "Feature",
      "geometry": {
        "type": "Point",
        "coordinates": [
          70.74718,
          22.27597
        ]
      },
      "properties": {
        "name": "Rajkot Sector 36",
        "population": 2510,
        "density_per_sq_km": 2091.7,
        "city": "Rajkot",
        "district": "Rajkot",
        "income_index": 0.54,
        "value": 0.294
      }
    },
    {
      "type": "Feature",
      "geometry": {
        "type": "Point",
        "coordinates": [
          70.87232,
          22.28801
        ]
      },
      "properties": {
        "name": "Rajkot Sector 37",
        "population": 2125,
        "density_per_sq_km": 1770.8,
        "city": "Rajkot",
        "district": "Rajkot",
        "income_index": 0.49,
        "value": 0.169
      }
    },
    {
      "type": "Feature",
      "geometry": {
        "type": "Point",
        "coordinates": [
          70.81141,
          22.27468
        ]
      },
      "properties": {
        "name": "Rajkot Sector 38",
        "population": 5496,
        "density_per_sq_km": 4580.0,
        "city": "Rajkot",
        "district": "Rajkot",
        "income_index": 0.71,
        "value": 0.656
      }
    },
    {
      "type": "Feature",
      "geometry": {
        "type": "Point",
        "coordinates": [
          70.8258,
          22.27212
        ]
      },
      "properties": {
        "name": "Rajkot Sector 39",
        "population": 6933,
        "density_per_sq_km": 5777.5,
        "city": "Rajkot",
        "district": "Rajkot",
        "income_index": 0.66,
        "value": 0.504
      }
    },
    {
      "type": "Feature",
      "geometry": {
        "type": "Point",
        "coordinates": [
          70.79239,
          22.27079
        ]
      },
      "properties": {
        "name": "Rajkot Sector 40",
        "population": 4553,
        "density_per_sq_km": 3794.2,
        "city": "Rajkot",
        "district": "Rajkot",
        "income_index": 0.69,
        "value": 0.491
      }
    },
    {
      "type": "Feature",
      "geometry": {
        "type": "Point",
        "coordinates": [
          70.75498,
          22.30567
        ]
      },
      "properties": {
        "name": "Rajkot Sector 41",
        "population": 5392,
        "density_per_sq_km": 4493.3,
        "city": "Rajkot",
        "district": "Rajkot",
        "income_index": 0.63,
        "value": 0.355
      }
    },
    {
      "type": "Feature",
      "geometry": {
        "type": "Point",
        "coordinates": [
          70.78093,
          22.2423
        ]
      },
      "properties": {
        "name": "Rajkot Sector 42",
        "population": 1936,
        "density_per_sq_km": 1613.3,
        "city": "Rajkot",
        "district": "Rajkot",
        "income_index": 0.5,
        "value": 0.222
      }
    },
    {
      "type": "Feature",
      "geometry": {
        "type": "Point",
        "coordinates": [
          70.85529,
          22.35528
        ]
      },
      "properties": {
        "name": "Rajkot Sector 43",
        "population": 1319,
        "density_per_sq_km": 1099.2,
        "city": "Rajkot",
        "district": "Rajkot",
        "income_index": 0.46,
        "value": 0.1
      }
    },
    {
      "type": "Feature",
      "geometry": {
        "type": "Point",
        "coordinates": [
          70.83863,
          22.32577
        ]
      },
      "properties": {
        "name": "Rajkot Sector 44",
        "population": 5207,
        "density_per_sq_km": 4339.2,
        "city": "Rajkot",
        "district": "Rajkot",
        "income_index": 0.65,
        "value": 0.373
      }
    },
    {
      "type": "Feature",
      "geometry": {
        "type": "Point",
        "coordinates": [
          70.79888,
          22.3669
        ]
      },
      "properties": {
        "name": "Rajkot Sector 45",
        "population": 2158,
        "density_per_sq_km": 1798.3,
        "city": "Rajkot",
        "district": "Rajkot",
        "income_index": 0.51,
        "value": 0.123
      }
    },
    {
      "type": "Feature",
      "geometry": {
        "type": "Point",
        "coordinates": [
          70.76662,
          22.32258
        ]
      },
      "properties": {
        "name": "Rajkot Sector 46",
        "population": 6086,
        "density_per_sq_km": 5071.7,
        "city": "Rajkot",
        "district": "Rajkot",
        "income_index": 0.67,
        "value": 0.482
      }
    },
    {
      "type": "Feature",
      "geometry": {
        "type": "Point",
        "coordinates": [
          70.86236,
          22.29565
        ]
      },
      "properties": {
        "name": "Rajkot Sector 47",
        "population": 4030,
        "density_per_sq_km": 3358.3,
        "city": "Rajkot",
        "district": "Rajkot",
        "income_index": 0.55,
        "value": 0.224
      }
    },
    {
      "type": "Feature",
      "geometry": {
        "type": "Point",
        "coordinates": [
          70.79085,
          22.27244
        ]
      },
      "properties": {
        "name": "Rajkot Sector 48",
        "population": 7553,
        "density_per_sq_km": 6294.2,
        "city": "Rajkot",
        "district": "Rajkot",
        "income_index": 0.7,
        "value": 0.534
      }
    },
    {
      "type": "Feature",
      "geometry": {
        "type": "Point",
        "coordinates": [
          70.75867,
          22.34643
        ]
      },
      "properties": {
        "name": "Rajkot Sector 49",
        "population": 2355,
        "density_per_sq_km": 1962.5,
        "city": "Rajkot",
        "district": "Rajkot",
        "income_index": 0.54,
        "value": 0.308
      }
    },
    {
      "type": "Feature",
      "geometry": {
        "type": "Point",
        "coordinates": [
          72.6369,
          23.2156
        ]
      },
      "properties": {
        "name": "Gandhinagar Core",
        "population": 67500,
        "density_per_sq_km": 19659.8,
        "city": "Gandhinagar",
        "district": "Gandhinagar",
        "income_index": 0.94,
        "value": 0.93
      }
    },
    {
      "type": "Feature",
      "geometry": {
        "type": "Point",
        "coordinates": [
          72.61725,
          23.22417
        ]
      },
      "properties": {
        "name": "Gandhinagar Sector 1",
        "population": 1288,
        "density_per_sq_km": 1073.3,
        "city": "Gandhinagar",
        "district": "Gandhinagar",
        "income_index": 0.72,
        "value": 0.585
      }
    },
    {
      "type": "Feature",
      "geometry": {
        "type": "Point",
        "coordinates": [
          72.63671,
          23.24102
        ]
      },
      "properties": {
        "name": "Gandhinagar Sector 2",
        "population": 958,
        "density_per_sq_km": 798.3,
        "city": "Gandhinagar",
        "district": "Gandhinagar",
        "income_index": 0.66,
        "value": 0.485
      }
    },
    {
      "type": "Feature",
      "geometry": {
        "type": "Point",
        "coordinates": [
          72.66138,
          23.20028
        ]
      },
      "properties": {
        "name": "Gandhinagar Sector 3",
        "population": 1206,
        "density_per_sq_km": 1005.0,
        "city": "Gandhinagar",
        "district": "Gandhinagar",
        "income_index": 0.65,
        "value": 0.438
      }
    },
    {
      "type": "Feature",
      "geometry": {
        "type": "Point",
        "coordinates": [
          72.6537,
          23.20812
        ]
      },
      "properties": {
        "name": "Gandhinagar Sector 4",
        "population": 1825,
        "density_per_sq_km": 1520.8,
        "city": "Gandhinagar",
        "district": "Gandhinagar",
        "income_index": 0.74,
        "value": 0.629
      }
    },
    {
      "type": "Feature",
      "geometry": {
        "type": "Point",
        "coordinates": [
          72.67485,
          23.21921
        ]
      },
      "properties": {
        "name": "Gandhinagar Sector 5",
        "population": 577,
        "density_per_sq_km": 480.8,
        "city": "Gandhinagar",
        "district": "Gandhinagar",
        "income_index": 0.58,
        "value": 0.365
      }
    },
    {
      "type": "Feature",
      "geometry": {
        "type": "Point",
        "coordinates": [
          72.59859,
          23.20543
        ]
      },
      "properties": {
        "name": "Gandhinagar Sector 6",
        "population": 703,
        "density_per_sq_km": 585.8,
        "city": "Gandhinagar",
        "district": "Gandhinagar",
        "income_index": 0.56,
        "value": 0.323
      }
    },
    {
      "type": "Feature",
      "geometry": {
        "type": "Point",
        "coordinates": [
          72.58925,
          23.23646
        ]
      },
      "properties": {
        "name": "Gandhinagar Sector 7",
        "population": 450,
        "density_per_sq_km": 300.0,
        "city": "Gandhinagar",
        "district": "Gandhinagar",
        "income_index": 0.45,
        "value": 0.1
      }
    },
    {
      "type": "Feature",
      "geometry": {
        "type": "Point",
        "coordinates": [
          72.63646,
          23.18721
        ]
      },
      "properties": {
        "name": "Gandhinagar Sector 8",
        "population": 1398,
        "density_per_sq_km": 1165.0,
        "city": "Gandhinagar",
        "district": "Gandhinagar",
        "income_index": 0.64,
        "value": 0.502
      }
    },
    {
      "type": "Feature",
      "geometry": {
        "type": "Point",
        "coordinates": [
          72.64744,
          23.19099
        ]
      },
      "properties": {
        "name": "Gandhinagar Sector 9",
        "population": 1171,
        "density_per_sq_km": 975.8,
        "city": "Gandhinagar",
        "district": "Gandhinagar",
        "income_index": 0.66,
        "value": 0.504
      }
    },
    {
      "type": "Feature",
      "geometry": {
        "type": "Point",
        "coordinates": [
          72.65469,
          23.18985
        ]
      },
      "properties": {
        "name": "Gandhinagar Sector 10",
        "population": 792,
        "density_per_sq_km": 660.0,
        "city": "Gandhinagar",
        "district": "Gandhinagar",
        "income_index": 0.62,
        "value": 0.386
      }
    },
    {
      "type": "Feature",
      "geometry": {
        "type": "Point",
        "coordinates": [
          72.63241,
          23.23665
        ]
      },
      "properties": {
        "name": "Gandhinagar Sector 11",
        "population": 1608,
        "density_per_sq_km": 1340.0,
        "city": "Gandhinagar",
        "district": "Gandhinagar",
        "income_index": 0.7,
        "value": 0.573
      }
    },
    {
      "type": "Feature",
      "geometry": {
        "type": "Point",
        "coordinates": [
          72.60315,
          23.23866
        ]
      },
      "properties": {
        "name": "Gandhinagar Sector 12",
        "population": 834,
        "density_per_sq_km": 695.0,
        "city": "Gandhinagar",
        "district": "Gandhinagar",
        "income_index": 0.54,
        "value": 0.232
      }
    },
    {
      "type": "Feature",
      "geometry": {
        "type": "Point",
        "coordinates": [
          72.6695,
          23.20226
        ]
      },
      "properties": {
        "name": "Gandhinagar Sector 13",
        "population": 1089,
        "density_per_sq_km": 907.5,
        "city": "Gandhinagar",
        "district": "Gandhinagar",
        "income_index": 0.6,
        "value": 0.428
      }
    },
    {
      "type": "Feature",
      "geometry": {
        "type": "Point",
        "coordinates": [
          72.63985,
          23.22742
        ]
      },
      "properties": {
        "name": "Gandhinagar Sector 14",
        "population": 1992,
        "density_per_sq_km": 1660.0,
        "city": "Gandhinagar",
        "district": "Gandhinagar",
        "income_index": 0.79,
        "value": 0.782
      }
    },
    {
      "type": "Feature",
      "geometry": {
        "type": "Point",
        "coordinates": [
          72.6363,
          23.24948
        ]
      },
      "properties": {
        "name": "Gandhinagar Sector 15",
        "population": 842,
        "density_per_sq_km": 701.7,
        "city": "Gandhinagar",
        "district": "Gandhinagar",
        "income_index": 0.59,
        "value": 0.256
      }
    },
    {
      "type": "Feature",
      "geometry": {
        "type": "Point",
        "coordinates": [
          72.60469,
          23.18908
        ]
      },
      "properties": {
        "name": "Gandhinagar Sector 16",
        "population": 601,
        "density_per_sq_km": 500.8,
        "city": "Gandhinagar",
        "district": "Gandhinagar",
        "income_index": 0.53,
        "value": 0.277
      }
    },
    {
      "type": "Feature",
      "geometry": {
        "type": "Point",
        "coordinates": [
          72.63023,
          23.22443
        ]
      },
      "properties": {
        "name": "Gandhinagar Sector 17",
        "population": 2266,
        "density_per_sq_km": 1888.3,
        "city": "Gandhinagar",
        "district": "Gandhinagar",
        "income_index": 0.8,
        "value": 0.68
      }
    },
    {
      "type": "Feature",
      "geometry": {
        "type": "Point",
        "coordinates": [
          72.64893,
          23.20457
        ]
      },
      "properties": {
        "name": "Gandhinagar Sector 18",
        "population": 1714,
        "density_per_sq_km": 1428.3,
        "city": "Gandhinagar",
        "district": "Gandhinagar",
        "income_index": 0.76,
        "value": 0.653
      }
    },
    {
      "type": "Feature",
      "geometry": {
        "type": "Point",
        "coordinates": [
          72.61957,
          23.21996
        ]
      },
      "properties": {
        "name": "Gandhinagar Sector 19",
        "population": 1180,
        "density_per_sq_km": 983.3,
        "city": "Gandhinagar",
        "district": "Gandhinagar",
        "income_index": 0.75,
        "value": 0.699
      }
    },
    {
      "type": "Feature",
      "geometry": {
        "type": "Point",
        "coordinates": [
          72.62293,
          23.20187
        ]
      },
      "properties": {
        "name": "Gandhinagar Sector 20",
        "population": 1965,
        "density_per_sq_km": 1637.5,
        "city": "Gandhinagar",
        "district": "Gandhinagar",
        "income_index": 0.73,
        "value": 0.516
      }
    },
    {
      "type": "Feature",
      "geometry": {
        "type": "Point",
        "coordinates": [
          72.64194,
          23.19699
        ]
      },
      "properties": {
        "name": "Gandhinagar Sector 21",
        "population": 1275,
        "density_per_sq_km": 1062.5,
        "city": "Gandhinagar",
        "district": "Gandhinagar",
        "income_index": 0.72,
        "value": 0.483
      }
    },
    {
      "type": "Feature",
      "geometry": {
        "type": "Point",
        "coordinates": [
          72.59443,
          23.22955
        ]
      },
      "properties": {
        "name": "Gandhinagar Sector 22",
        "population": 615,
        "density_per_sq_km": 512.5,
        "city": "Gandhinagar",
        "district": "Gandhinagar",
        "income_index": 0.52,
        "value": 0.141
      }
    },
    {
      "type": "Feature",
      "geometry": {
        "type": "Point",
        "coordinates": [
          72.64532,
          23.19541
        ]
      },
      "properties": {
        "name": "Gandhinagar Sector 23",
        "population": 1500,
        "density_per_sq_km": 1250.0,
        "city": "Gandhinagar",
        "district": "Gandhinagar",
        "income_index": 0.7,
        "value": 0.568
      }
    },
    {
      "type": "Feature",
      "geometry": {
        "type": "Point",
        "coordinates": [
          72.6464,
          23.19865
        ]
      },
      "properties": {
        "name": "Gandhinagar Sector 24",
        "population": 1881,
        "density_per_sq_km": 1567.5,
        "city": "Gandhinagar",
        "district": "Gandhinagar",
        "income_index": 0.72,
        "value": 0.522
      }
    },
    {
      "type": "Feature",
      "geometry": {
        "type": "Point",
        "coordinates": [
          72.6551,
          23.1967
        ]
      },
      "properties": {
        "name": "Gandhinagar Sector 25",
        "population": 1038,
        "density_per_sq_km": 865.0,
        "city": "Gandhinagar",
        "district": "Gandhinagar",
        "income_index": 0.67,
        "value": 0.494
      }
    },
    {
      "type": "Feature",
      "geometry": {
        "type": "Point",
        "coordinates": [
          72.61195,
          23.17046
        ]
      },
      "properties": {
        "name": "Gandhinagar Sector 26",
        "population": 450,
        "density_per_sq_km": 300.0,
        "city": "Gandhinagar",
        "district": "Gandhinagar",
        "income_index": 0.45,
        "value": 0.186
      }
    },
    {
      "type": "Feature",
      "geometry": {
        "type": "Point",
        "coordinates": [
          72.61887,
          23.20483
        ]
      },
      "properties": {
        "name": "Gandhinagar Sector 27",
        "population": 1564,
        "density_per_sq_km": 1303.3,
        "city": "Gandhinagar",
        "district": "Gandhinagar",
        "income_index": 0.72,
        "value": 0.608
      }
    },
    {
      "type": "Feature",
      "geometry": {
        "type": "Point",
        "coordinates": [
          72.62499,
          23.21523
        ]
      },
      "properties": {
        "name": "Gandhinagar Sector 28",
        "population": 2017,
        "density_per_sq_km": 1680.8,
        "city": "Gandhinagar",
        "district": "Gandhinagar",
        "income_index": 0.8,
        "value": 0.717
      }
    },
    {
      "type": "Feature",
      "geometry": {
        "type": "Point",
        "coordinates": [
          72.62452,
          23.23215
        ]
      },
      "properties": {
        "name": "Gandhinagar Sector 29",
        "population": 1780,
        "density_per_sq_km": 1483.3,
        "city": "Gandhinagar",
        "district": "Gandhinagar",
        "income_index": 0.71,
        "value": 0.587
      }
    },
    {
      "type": "Feature",
      "geometry": {
        "type": "Point",
        "coordinates": [
          72.66293,
          23.19768
        ]
      },
      "properties": {
        "name": "Gandhinagar Sector 30",
        "population": 1141,
        "density_per_sq_km": 950.8,
        "city": "Gandhinagar",
        "district": "Gandhinagar",
        "income_index": 0.62,
        "value": 0.438
      }
    },
    {
      "type": "Feature",
      "geometry": {
        "type": "Point",
        "coordinates": [
          72.6041,
          23.21003
        ]
      },
      "properties": {
        "name": "Gandhinagar Sector 31",
        "population": 1253,
        "density_per_sq_km": 1044.2,
        "city": "Gandhinagar",
        "district": "Gandhinagar",
        "income_index": 0.62,
        "value": 0.415
      }
    },
    {
      "type": "Feature",
      "geometry": {
        "type": "Point",
        "coordinates": [
          72.61815,
          23.24042
        ]
      },
      "properties": {
        "name": "Gandhinagar Sector 32",
        "population": 909,
        "density_per_sq_km": 757.5,
        "city": "Gandhinagar",
        "district": "Gandhinagar",
        "income_index": 0.62,
        "value": 0.385
      }
    },
    {
      "type": "Feature",
      "geometry": {
        "type": "Point",
        "coordinates": [
          72.61952,
          23.18636
        ]
      },
      "properties": {
        "name": "Gandhinagar Sector 33",
        "population": 658,
        "density_per_sq_km": 548.3,
        "city": "Gandhinagar",
        "district": "Gandhinagar",
        "income_index": 0.59,
        "value": 0.304
      }
    },
    {
      "type": "Feature",
      "geometry": {
        "type": "Point",
        "coordinates": [
          72.61872,
          23.21534
        ]
      },
      "properties": {
        "name": "Gandhinagar Sector 34",
        "population": 1231,
        "density_per_sq_km": 1025.8,
        "city": "Gandhinagar",
        "district": "Gandhinagar",
        "income_index": 0.75,
        "value": 0.63
      }
    },
    {
      "type": "Feature",
      "geometry": {
        "type": "Point",
        "coordinates": [
          72.63174,
          23.24177
        ]
      },
      "properties": {
        "name": "Gandhinagar Sector 35",
        "population": 1530,
        "density_per_sq_km": 1275.0,
        "city": "Gandhinagar",
        "district": "Gandhinagar",
        "income_index": 0.65,
        "value": 0.523
      }
    },
    {
      "type": "Feature",
      "geometry": {
        "type": "Point",
        "coordinates": [
          72.67741,
          23.21397
        ]
      },
      "properties": {
        "name": "Gandhinagar Sector 36",
        "population": 724,
        "density_per_sq_km": 603.3,
        "city": "Gandhinagar",
        "district": "Gandhinagar",
        "income_index": 0.56,
        "value": 0.341
      }
    },
    {
      "type": "Feature",
      "geometry": {
        "type": "Point",
        "coordinates": [
          72.61356,
          23.21514
        ]
      },
      "properties": {
        "name": "Gandhinagar Sector 37",
        "population": 1059,
        "density_per_sq_km": 882.5,
        "city": "Gandhinagar",
        "district": "Gandhinagar",
        "income_index": 0.7,
        "value": 0.635
      }
    },
    {
      "type": "Feature",
      "geometry": {
        "type": "Point",
        "coordinates": [
          72.67622,
          23.24521
        ]
      },
      "properties": {
        "name": "Gandhinagar Sector 38",
        "population": 450,
        "density_per_sq_km": 330.8,
        "city": "Gandhinagar",
        "district": "Gandhinagar",
        "income_index": 0.47,
        "value": 0.167
      }
    },
    {
      "type": "Feature",
      "geometry": {
        "type": "Point",
        "coordinates": [
          72.6305,
          23.26203
        ]
      },
      "properties": {
        "name": "Gandhinagar Sector 39",
        "population": 450,
        "density_per_sq_km": 317.5,
        "city": "Gandhinagar",
        "district": "Gandhinagar",
        "income_index": 0.47,
        "value": 0.1
      }
    },
    {
      "type": "Feature",
      "geometry": {
        "type": "Point",
        "coordinates": [
          72.62854,
          23.21761
        ]
      },
      "properties": {
        "name": "Gandhinagar Sector 40",
        "population": 2064,
        "density_per_sq_km": 1720.0,
        "city": "Gandhinagar",
        "district": "Gandhinagar",
        "income_index": 0.83,
        "value": 0.759
      }
    },
    {
      "type": "Feature",
      "geometry": {
        "type": "Point",
        "coordinates": [
          72.60695,
          23.2011
        ]
      },
      "properties": {
        "name": "Gandhinagar Sector 41",
        "population": 1059,
        "density_per_sq_km": 882.5,
        "city": "Gandhinagar",
        "district": "Gandhinagar",
        "income_index": 0.61,
        "value": 0.447
      }
    },
    {
      "type": "Feature",
      "geometry": {
        "type": "Point",
        "coordinates": [
          72.63128,
          23.22871
        ]
      },
      "properties": {
        "name": "Gandhinagar Sector 42",
        "population": 1436,
        "density_per_sq_km": 1196.7,
        "city": "Gandhinagar",
        "district": "Gandhinagar",
        "income_index": 0.77,
        "value": 0.57
      }
    },
    {
      "type": "Feature",
      "geometry": {
        "type": "Point",
        "coordinates": [
          72.617,
          23.23614
        ]
      },
      "properties": {
        "name": "Gandhinagar Sector 43",
        "population": 1481,
        "density_per_sq_km": 1234.2,
        "city": "Gandhinagar",
        "district": "Gandhinagar",
        "income_index": 0.65,
        "value": 0.386
      }
    },
    {
      "type": "Feature",
      "geometry": {
        "type": "Point",
        "coordinates": [
          72.65257,
          23.24993
        ]
      },
      "properties": {
        "name": "Gandhinagar Sector 44",
        "population": 936,
        "density_per_sq_km": 780.0,
        "city": "Gandhinagar",
        "district": "Gandhinagar",
        "income_index": 0.56,
        "value": 0.241
      }
    },
    {
      "type": "Feature",
      "geometry": {
        "type": "Point",
        "coordinates": [
          72.64603,
          23.20269
        ]
      },
      "properties": {
        "name": "Gandhinagar Sector 45",
        "population": 2192,
        "density_per_sq_km": 1826.7,
        "city": "Gandhinagar",
        "district": "Gandhinagar",
        "income_index": 0.76,
        "value": 0.605
      }
    },
    {
      "type": "Feature",
      "geometry": {
        "type": "Point",
        "coordinates": [
          72.63758,
          23.20203
        ]
      },
      "properties": {
        "name": "Gandhinagar Sector 46",
        "population": 2225,
        "density_per_sq_km": 1854.2,
        "city": "Gandhinagar",
        "district": "Gandhinagar",
        "income_index": 0.77,
        "value": 0.601
      }
    },
    {
      "type": "Feature",
      "geometry": {
        "type": "Point",
        "coordinates": [
          72.6466,
          23.18586
        ]
      },
      "properties": {
        "name": "Gandhinagar Sector 47",
        "population": 1168,
        "density_per_sq_km": 973.3,
        "city": "Gandhinagar",
        "district": "Gandhinagar",
        "income_index": 0.61,
        "value": 0.472
      }
    },
    {
      "type": "Feature",
      "geometry": {
        "type": "Point",
        "coordinates": [
          72.65474,
          23.18616
        ]
      },
      "properties": {
        "name": "Gandhinagar Sector 48",
        "population": 684,
        "density_per_sq_km": 570.0,
        "city": "Gandhinagar",
        "district": "Gandhinagar",
        "income_index": 0.59,
        "value": 0.322
      }
    },
    {
      "type": "Feature",
      "geometry": {
        "type": "Point",
        "coordinates": [
          72.65301,
          23.23625
        ]
      },
      "properties": {
        "name": "Gandhinagar Sector 49",
        "population": 1175,
        "density_per_sq_km": 979.2,
        "city": "Gandhinagar",
        "district": "Gandhinagar",
        "income_index": 0.66,
        "value": 0.567
      }
    },
    {
      "type": "Feature",
      "geometry": {
        "type": "Point",
        "coordinates": [
          72.1519,
          21.7645
        ]
      },
      "properties": {
        "name": "Bhavnagar Core",
        "population": 105000,
        "density_per_sq_km": 18130.9,
        "city": "Bhavnagar",
        "district": "Bhavnagar",
        "income_index": 0.82,
        "value": 0.92
      }
    },
    {
      "type": "Feature",
      "geometry": {
        "type": "Point",
        "coordinates": [
          72.13703,
          21.8075
        ]
      },
      "properties": {
        "name": "Bhavnagar Sector 1",
        "population": 764,
        "density_per_sq_km": 636.7,
        "city": "Bhavnagar",
        "district": "Bhavnagar",
        "income_index": 0.54,
        "value": 0.293
      }
    },
    {
      "type": "Feature",
      "geometry": {
        "type": "Point",
        "coordinates": [
          72.13526,
          21.71062
        ]
      },
      "properties": {
        "name": "Bhavnagar Sector 2",
        "population": 450,
        "density_per_sq_km": 307.5,
        "city": "Bhavnagar",
        "district": "Bhavnagar",
        "income_index": 0.46,
        "value": 0.1
      }
    },
    {
      "type": "Feature",
      "geometry": {
        "type": "Point",
        "coordinates": [
          72.16859,
          21.77066
        ]
      },
      "properties": {
        "name": "Bhavnagar Sector 3",
        "population": 3330,
        "density_per_sq_km": 2775.0,
        "city": "Bhavnagar",
        "district": "Bhavnagar",
        "income_index": 0.77,
        "value": 0.653
      }
    },
    {
      "type": "Feature",
      "geometry": {
        "type": "Point",
        "coordinates": [
          72.11984,
          21.74632
        ]
      },
      "properties": {
        "name": "Bhavnagar Sector 4",
        "population": 1748,
        "density_per_sq_km": 1456.7,
        "city": "Bhavnagar",
        "district": "Bhavnagar",
        "income_index": 0.62,
        "value": 0.306
      }
    },
    {
      "type": "Feature",
      "geometry": {
        "type": "Point",
        "coordinates": [
          72.12916,
          21.76947
        ]
      },
      "properties": {
        "name": "Bhavnagar Sector 5",
        "population": 1809,
        "density_per_sq_km": 1507.5,
        "city": "Bhavnagar",
        "district": "Bhavnagar",
        "income_index": 0.73,
        "value": 0.603
      }
    },
    {
      "type": "Feature",
      "geometry": {
        "type": "Point",
        "coordinates": [
          72.17001,
          21.80107
        ]
      },
      "properties": {
        "name": "Bhavnagar Sector 6",
        "population": 1069,
        "density_per_sq_km": 890.8,
        "city": "Bhavnagar",
        "district": "Bhavnagar",
        "income_index": 0.58,
        "value": 0.269
      }
    },
    {
      "type": "Feature",
      "geometry": {
        "type": "Point",
        "coordinates": [
          72.13266,
          21.78122
        ]
      },
      "properties": {
        "name": "Bhavnagar Sector 7",
        "population": 1720,
        "density_per_sq_km": 1433.3,
        "city": "Bhavnagar",
        "district": "Bhavnagar",
        "income_index": 0.71,
        "value": 0.631
      }
    },
    {
      "type": "Feature",
      "geometry": {
        "type": "Point",
        "coordinates": [
          72.15277,
          21.80984
        ]
      },
      "properties": {
        "name": "Bhavnagar Sector 8",
        "population": 787,
        "density_per_sq_km": 655.8,
        "city": "Bhavnagar",
        "district": "Bhavnagar",
        "income_index": 0.54,
        "value": 0.179
      }
    },
    {
      "type": "Feature",
      "geometry": {
        "type": "Point",
        "coordinates": [
          72.17242,
          21.76442
        ]
      },
      "properties": {
        "name": "Bhavnagar Sector 9",
        "population": 2839,
        "density_per_sq_km": 2365.8,
        "city": "Bhavnagar",
        "district": "Bhavnagar",
        "income_index": 0.75,
        "value": 0.533
      }
    },
    {
      "type": "Feature",
      "geometry": {
        "type": "Point",
        "coordinates": [
          72.15607,
          21.80581
        ]
      },
      "properties": {
        "name": "Bhavnagar Sector 10",
        "population": 1037,
        "density_per_sq_km": 864.2,
        "city": "Bhavnagar",
        "district": "Bhavnagar",
        "income_index": 0.57,
        "value": 0.273
      }
    },
    {
      "type": "Feature",
      "geometry": {
        "type": "Point",
        "coordinates": [
          72.16384,
          21.77022
        ]
      },
      "properties": {
        "name": "Bhavnagar Sector 11",
        "population": 3422,
        "density_per_sq_km": 2851.7,
        "city": "Bhavnagar",
        "district": "Bhavnagar",
        "income_index": 0.8,
        "value": 0.727
      }
    },
    {
      "type": "Feature",
      "geometry": {
        "type": "Point",
        "coordinates": [
          72.12069,
          21.76371
        ]
      },
      "properties": {
        "name": "Bhavnagar Sector 12",
        "population": 2353,
        "density_per_sq_km": 1960.8,
        "city": "Bhavnagar",
        "district": "Bhavnagar",
        "income_index": 0.67,
        "value": 0.489
      }
    },
    {
      "type": "Feature",
      "geometry": {
        "type": "Point",
        "coordinates": [
          72.17228,
          21.78766
        ]
      },
      "properties": {
        "name": "Bhavnagar Sector 13",
        "population": 2505,
        "density_per_sq_km": 2087.5,
        "city": "Bhavnagar",
        "district": "Bhavnagar",
        "income_index": 0.66,
        "value": 0.382
      }
    },
    {
      "type": "Feature",
      "geometry": {
        "type": "Point",
        "coordinates": [
          72.10356,
          21.77401
        ]
      },
      "properties": {
        "name": "Bhavnagar Sector 14",
        "population": 1014,
        "density_per_sq_km": 845.0,
        "city": "Bhavnagar",
        "district": "Bhavnagar",
        "income_index": 0.54,
        "value": 0.237
      }
    },
    {
      "type": "Feature",
      "geometry": {
        "type": "Point",
        "coordinates": [
          72.14874,
          21.77726
        ]
      },
      "properties": {
        "name": "Bhavnagar Sector 15",
        "population": 2871,
        "density_per_sq_km": 2392.5,
        "city": "Bhavnagar",
        "district": "Bhavnagar",
        "income_index": 0.8,
        "value": 0.693
      }
    },
    {
      "type": "Feature",
      "geometry": {
        "type": "Point",
        "coordinates": [
          72.12271,
          21.75299
        ]
      },
      "properties": {
        "name": "Bhavnagar Sector 16",
        "population": 2493,
        "density_per_sq_km": 2077.5,
        "city": "Bhavnagar",
        "district": "Bhavnagar",
        "income_index": 0.67,
        "value": 0.394
      }
    },
    {
      "type": "Feature",
      "geometry": {
        "type": "Point",
        "coordinates": [
          72.16949,
          21.79387
        ]
      },
      "properties": {
        "name": "Bhavnagar Sector 17",
        "population": 1219,
        "density_per_sq_km": 1015.8,
        "city": "Bhavnagar",
        "district": "Bhavnagar",
        "income_index": 0.63,
        "value": 0.375
      }
    },
    {
      "type": "Feature",
      "geometry": {
        "type": "Point",
        "coordinates": [
          72.12679,
          21.74343
        ]
      },
      "properties": {
        "name": "Bhavnagar Sector 18",
        "population": 1628,
        "density_per_sq_km": 1356.7,
        "city": "Bhavnagar",
        "district": "Bhavnagar",
        "income_index": 0.65,
        "value": 0.55
      }
    },
    {
      "type": "Feature",
      "geometry": {
        "type": "Point",
        "coordinates": [
          72.14609,
          21.73675
        ]
      },
      "properties": {
        "name": "Bhavnagar Sector 19",
        "population": 2169,
        "density_per_sq_km": 1807.5,
        "city": "Bhavnagar",
        "district": "Bhavnagar",
        "income_index": 0.68,
        "value": 0.416
      }
    },
    {
      "type": "Feature",
      "geometry": {
        "type": "Point",
        "coordinates": [
          72.10565,
          21.75107
        ]
      },
      "properties": {
        "name": "Bhavnagar Sector 20",
        "population": 1158,
        "density_per_sq_km": 965.0,
        "city": "Bhavnagar",
        "district": "Bhavnagar",
        "income_index": 0.54,
        "value": 0.312
      }
    },
    {
      "type": "Feature",
      "geometry": {
        "type": "Point",
        "coordinates": [
          72.13003,
          21.76074
        ]
      },
      "properties": {
        "name": "Bhavnagar Sector 21",
        "population": 2391,
        "density_per_sq_km": 1992.5,
        "city": "Bhavnagar",
        "district": "Bhavnagar",
        "income_index": 0.74,
        "value": 0.551
      }
    },
    {
      "type": "Feature",
      "geometry": {
        "type": "Point",
        "coordinates": [
          72.17771,
          21.74952
        ]
      },
      "properties": {
        "name": "Bhavnagar Sector 22",
        "population": 1914,
        "density_per_sq_km": 1595.0,
        "city": "Bhavnagar",
        "district": "Bhavnagar",
        "income_index": 0.68,
        "value": 0.416
      }
    },
    {
      "type": "Feature",
      "geometry": {
        "type": "Point",
        "coordinates": [
          72.16903,
          21.7324
        ]
      },
      "properties": {
        "name": "Bhavnagar Sector 23",
        "population": 1454,
        "density_per_sq_km": 1211.7,
        "city": "Bhavnagar",
        "district": "Bhavnagar",
        "income_index": 0.62,
        "value": 0.319
      }
    },
    {
      "type": "Feature",
      "geometry": {
        "type": "Point",
        "coordinates": [
          72.14512,
          21.77648
        ]
      },
      "properties": {
        "name": "Bhavnagar Sector 24",
        "population": 3524,
        "density_per_sq_km": 2936.7,
        "city": "Bhavnagar",
        "district": "Bhavnagar",
        "income_index": 0.79,
        "value": 0.626
      }
    },
    {
      "type": "Feature",
      "geometry": {
        "type": "Point",
        "coordinates": [
          72.17585,
          21.79654
        ]
      },
      "properties": {
        "name": "Bhavnagar Sector 25",
        "population": 1693,
        "density_per_sq_km": 1410.8,
        "city": "Bhavnagar",
        "district": "Bhavnagar",
        "income_index": 0.59,
        "value": 0.355
      }
    },
    {
      "type": "Feature",
      "geometry": {
        "type": "Point",
        "coordinates": [
          72.13415,
          21.7372
        ]
      },
      "properties": {
        "name": "Bhavnagar Sector 26",
        "population": 1610,
        "density_per_sq_km": 1341.7,
        "city": "Bhavnagar",
        "district": "Bhavnagar",
        "income_index": 0.65,
        "value": 0.369
      }
    },
    {
      "type": "Feature",
      "geometry": {
        "type": "Point",
        "coordinates": [
          72.18259,
          21.74279
        ]
      },
      "properties": {
        "name": "Bhavnagar Sector 27",
        "population": 1851,
        "density_per_sq_km": 1542.5,
        "city": "Bhavnagar",
        "district": "Bhavnagar",
        "income_index": 0.62,
        "value": 0.462
      }
    },
    {
      "type": "Feature",
      "geometry": {
        "type": "Point",
        "coordinates": [
          72.09398,
          21.75461
        ]
      },
      "properties": {
        "name": "Bhavnagar Sector 28",
        "population": 520,
        "density_per_sq_km": 433.3,
        "city": "Bhavnagar",
        "district": "Bhavnagar",
        "income_index": 0.47,
        "value": 0.1
      }
    },
    {
      "type": "Feature",
      "geometry": {
        "type": "Point",
        "coordinates": [
          72.14148,
          21.74635
        ]
      },
      "properties": {
        "name": "Bhavnagar Sector 29",
        "population": 2734,
        "density_per_sq_km": 2278.3,
        "city": "Bhavnagar",
        "district": "Bhavnagar",
        "income_index": 0.74,
        "value": 0.551
      }
    },
    {
      "type": "Feature",
      "geometry": {
        "type": "Point",
        "coordinates": [
          72.18206,
          21.79914
        ]
      },
      "properties": {
        "name": "Bhavnagar Sector 30",
        "population": 983,
        "density_per_sq_km": 819.2,
        "city": "Bhavnagar",
        "district": "Bhavnagar",
        "income_index": 0.55,
        "value": 0.317
      }
    },
    {
      "type": "Feature",
      "geometry": {
        "type": "Point",
        "coordinates": [
          72.13141,
          21.72662
        ]
      },
      "properties": {
        "name": "Bhavnagar Sector 31",
        "population": 1481,
        "density_per_sq_km": 1234.2,
        "city": "Bhavnagar",
        "district": "Bhavnagar",
        "income_index": 0.56,
        "value": 0.39
      }
    },
    {
      "type": "Feature",
      "geometry": {
        "type": "Point",
        "coordinates": [
          72.11882,
          21.77859
        ]
      },
      "properties": {
        "name": "Bhavnagar Sector 32",
        "population": 1867,
        "density_per_sq_km": 1555.8,
        "city": "Bhavnagar",
        "district": "Bhavnagar",
        "income_index": 0.63,
        "value": 0.323
      }
    },
    {
      "type": "Feature",
      "geometry": {
        "type": "Point",
        "coordinates": [
          72.13166,
          21.80386
        ]
      },
      "properties": {
        "name": "Bhavnagar Sector 33",
        "population": 957,
        "density_per_sq_km": 797.5,
        "city": "Bhavnagar",
        "district": "Bhavnagar",
        "income_index": 0.55,
        "value": 0.214
      }
    },
    {
      "type": "Feature",
      "geometry": {
        "type": "Point",
        "coordinates": [
          72.12733,
          21.75751
        ]
      },
      "properties": {
        "name": "Bhavnagar Sector 34",
        "population": 2040,
        "density_per_sq_km": 1700.0,
        "city": "Bhavnagar",
        "district": "Bhavnagar",
        "income_index": 0.71,
        "value": 0.461
      }
    },
    {
      "type": "Feature",
      "geometry": {
        "type": "Point",
        "coordinates": [
          72.12671,
          21.78643
        ]
      },
      "properties": {
        "name": "Bhavnagar Sector 35",
        "population": 1686,
        "density_per_sq_km": 1405.0,
        "city": "Bhavnagar",
        "district": "Bhavnagar",
        "income_index": 0.65,
        "value": 0.371
      }
    },
    {
      "type": "Feature",
      "geometry": {
        "type": "Point",
        "coordinates": [
          72.14342,
          21.7574
        ]
      },
      "properties": {
        "name": "Bhavnagar Sector 36",
        "population": 3558,
        "density_per_sq_km": 2965.0,
        "city": "Bhavnagar",
        "district": "Bhavnagar",
        "income_index": 0.82,
        "value": 0.692
      }
    },
    {
      "type": "Feature",
      "geometry": {
        "type": "Point",
        "coordinates": [
          72.16481,
          21.74274
        ]
      },
      "properties": {
        "name": "Bhavnagar Sector 37",
        "population": 2034,
        "density_per_sq_km": 1695.0,
        "city": "Bhavnagar",
        "district": "Bhavnagar",
        "income_index": 0.7,
        "value": 0.59
      }
    },
    {
      "type": "Feature",
      "geometry": {
        "type": "Point",
        "coordinates": [
          72.11782,
          21.76989
        ]
      },
      "properties": {
        "name": "Bhavnagar Sector 38",
        "population": 1304,
        "density_per_sq_km": 1086.7,
        "city": "Bhavnagar",
        "district": "Bhavnagar",
        "income_index": 0.65,
        "value": 0.352
      }
    },
    {
      "type": "Feature",
      "geometry": {
        "type": "Point",
        "coordinates": [
          72.18245,
          21.78316
        ]
      },
      "properties": {
        "name": "Bhavnagar Sector 39",
        "population": 1892,
        "density_per_sq_km": 1576.7,
        "city": "Bhavnagar",
        "district": "Bhavnagar",
        "income_index": 0.63,
        "value": 0.37
      }
    },
    {
      "type": "Feature",
      "geometry": {
        "type": "Point",
        "coordinates": [
          72.12505,
          21.7491
        ]
      },
      "properties": {
        "name": "Bhavnagar Sector 40",
        "population": 1891,
        "density_per_sq_km": 1575.8,
        "city": "Bhavnagar",
        "district": "Bhavnagar",
        "income_index": 0.67,
        "value": 0.436
      }
    },
    {
      "type": "Feature",
      "geometry": {
        "type": "Point",
        "coordinates": [
          72.1344,
          21.765
        ]
      },
      "properties": {
        "name": "Bhavnagar Sector 41",
        "population": 2600,
        "density_per_sq_km": 2166.7,
        "city": "Bhavnagar",
        "district": "Bhavnagar",
        "income_index": 0.77,
        "value": 0.625
      }
    },
    {
      "type": "Feature",
      "geometry": {
        "type": "Point",
        "coordinates": [
          72.12345,
          21.75176
        ]
      },
      "properties": {
        "name": "Bhavnagar Sector 42",
        "population": 2184,
        "density_per_sq_km": 1820.0,
        "city": "Bhavnagar",
        "district": "Bhavnagar",
        "income_index": 0.67,
        "value": 0.39
      }
    },
    {
      "type": "Feature",
      "geometry": {
        "type": "Point",
        "coordinates": [
          72.17381,
          21.73818
        ]
      },
      "properties": {
        "name": "Bhavnagar Sector 43",
        "population": 1166,
        "density_per_sq_km": 971.7,
        "city": "Bhavnagar",
        "district": "Bhavnagar",
        "income_index": 0.64,
        "value": 0.386
      }
    },
    {
      "type": "Feature",
      "geometry": {
        "type": "Point",
        "coordinates": [
          72.17009,
          21.7687
        ]
      },
      "properties": {
        "name": "Bhavnagar Sector 44",
        "population": 2226,
        "density_per_sq_km": 1855.0,
        "city": "Bhavnagar",
        "district": "Bhavnagar",
        "income_index": 0.76,
        "value": 0.617
      }
    },
    {
      "type": "Feature",
      "geometry": {
        "type": "Point",
        "coordinates": [
          72.15396,
          21.80384
        ]
      },
      "properties": {
        "name": "Bhavnagar Sector 45",
        "population": 1081,
        "density_per_sq_km": 900.8,
        "city": "Bhavnagar",
        "district": "Bhavnagar",
        "income_index": 0.59,
        "value": 0.314
      }
    },
    {
      "type": "Feature",
      "geometry": {
        "type": "Point",
        "coordinates": [
          72.12118,
          21.75595
        ]
      },
      "properties": {
        "name": "Bhavnagar Sector 46",
        "population": 2370,
        "density_per_sq_km": 1975.0,
        "city": "Bhavnagar",
        "district": "Bhavnagar",
        "income_index": 0.66,
        "value": 0.536
      }
    },
    {
      "type": "Feature",
      "geometry": {
        "type": "Point",
        "coordinates": [
          72.17337,
          21.80547
        ]
      },
      "properties": {
        "name": "Bhavnagar Sector 47",
        "population": 708,
        "density_per_sq_km": 590.0,
        "city": "Bhavnagar",
        "district": "Bhavnagar",
        "income_index": 0.54,
        "value": 0.154
      }
    },
    {
      "type": "Feature",
      "geometry": {
        "type": "Point",
        "coordinates": [
          72.12857,
          21.8046
        ]
      },
      "properties": {
        "name": "Bhavnagar Sector 48",
        "population": 1070,
        "density_per_sq_km": 891.7,
        "city": "Bhavnagar",
        "district": "Bhavnagar",
        "income_index": 0.54,
        "value": 0.264
      }
    },
    {
      "type": "Feature",
      "geometry": {
        "type": "Point",
        "coordinates": [
          72.12361,
          21.75767
        ]
      },
      "properties": {
        "name": "Bhavnagar Sector 49",
        "population": 1556,
        "density_per_sq_km": 1296.7,
        "city": "Bhavnagar",
        "district": "Bhavnagar",
        "income_index": 0.68,
        "value": 0.417
      }
    },
    {
      "type": "Feature",
      "geometry": {
        "type": "Point",
        "coordinates": [
          70.0577,
          22.4707
        ]
      },
      "properties": {
        "name": "Jamnagar Core",
        "population": 97500,
        "density_per_sq_km": 19299.1,
        "city": "Jamnagar",
        "district": "Jamnagar",
        "income_index": 0.91,
        "value": 0.94
      }
    },
    {
      "type": "Feature",
      "geometry": {
        "type": "Point",
        "coordinates": [
          70.01749,
          22.49175
        ]
      },
      "properties": {
        "name": "Jamnagar Sector 1",
        "population": 520,
        "density_per_sq_km": 433.3,
        "city": "Jamnagar",
        "district": "Jamnagar",
        "income_index": 0.51,
        "value": 0.258
      }
    },
    {
      "type": "Feature",
      "geometry": {
        "type": "Point",
        "coordinates": [
          70.08835,
          22.47189
        ]
      },
      "properties": {
        "name": "Jamnagar Sector 2",
        "population": 1648,
        "density_per_sq_km": 1373.3,
        "city": "Jamnagar",
        "district": "Jamnagar",
        "income_index": 0.64,
        "value": 0.407
      }
    },
    {
      "type": "Feature",
      "geometry": {
        "type": "Point",
        "coordinates": [
          70.07929,
          22.46276
        ]
      },
      "properties": {
        "name": "Jamnagar Sector 3",
        "population": 1827,
        "density_per_sq_km": 1522.5,
        "city": "Jamnagar",
        "district": "Jamnagar",
        "income_index": 0.7,
        "value": 0.476
      }
    },
    {
      "type": "Feature",
      "geometry": {
        "type": "Point",
        "coordinates": [
          70.05668,
          22.45639
        ]
      },
      "properties": {
        "name": "Jamnagar Sector 4",
        "population": 2523,
        "density_per_sq_km": 2102.5,
        "city": "Jamnagar",
        "district": "Jamnagar",
        "income_index": 0.77,
        "value": 0.742
      }
    },
    {
      "type": "Feature",
      "geometry": {
        "type": "Point",
        "coordinates": [
          70.08678,
          22.45134
        ]
      },
      "properties": {
        "name": "Jamnagar Sector 5",
        "population": 1602,
        "density_per_sq_km": 1335.0,
        "city": "Jamnagar",
        "district": "Jamnagar",
        "income_index": 0.59,
        "value": 0.412
      }
    },
    {
      "type": "Feature",
      "geometry": {
        "type": "Point",
        "coordinates": [
          70.07457,
          22.47205
        ]
      },
      "properties": {
        "name": "Jamnagar Sector 6",
        "population": 1935,
        "density_per_sq_km": 1612.5,
        "city": "Jamnagar",
        "district": "Jamnagar",
        "income_index": 0.76,
        "value": 0.66
      }
    },
    {
      "type": "Feature",
      "geometry": {
        "type": "Point",
        "coordinates": [
          70.02473,
          22.47266
        ]
      },
      "properties": {
        "name": "Jamnagar Sector 7",
        "population": 1165,
        "density_per_sq_km": 970.8,
        "city": "Jamnagar",
        "district": "Jamnagar",
        "income_index": 0.62,
        "value": 0.446
      }
    },
    {
      "type": "Feature",
      "geometry": {
        "type": "Point",
        "coordinates": [
          70.05907,
          22.43653
        ]
      },
      "properties": {
        "name": "Jamnagar Sector 8",
        "population": 1471,
        "density_per_sq_km": 1225.8,
        "city": "Jamnagar",
        "district": "Jamnagar",
        "income_index": 0.58,
        "value": 0.321
      }
    },
    {
      "type": "Feature",
      "geometry": {
        "type": "Point",
        "coordinates": [
          70.044,
          22.49522
        ]
      },
      "properties": {
        "name": "Jamnagar Sector 9",
        "population": 1820,
        "density_per_sq_km": 1516.7,
        "city": "Jamnagar",
        "district": "Jamnagar",
        "income_index": 0.64,
        "value": 0.465
      }
    },
    {
      "type": "Feature",
      "geometry": {
        "type": "Point",
        "coordinates": [
          70.03359,
          22.49016
        ]
      },
      "properties": {
        "name": "Jamnagar Sector 10",
        "population": 1185,
        "density_per_sq_km": 987.5,
        "city": "Jamnagar",
        "district": "Jamnagar",
        "income_index": 0.63,
        "value": 0.321
      }
    },
    {
      "type": "Feature",
      "geometry": {
        "type": "Point",
        "coordinates": [
          70.06559,
          22.45151
        ]
      },
      "properties": {
        "name": "Jamnagar Sector 11",
        "population": 1798,
        "density_per_sq_km": 1498.3,
        "city": "Jamnagar",
        "district": "Jamnagar",
        "income_index": 0.71,
        "value": 0.469
      }
    },
    {
      "type": "Feature",
      "geometry": {
        "type": "Point",
        "coordinates": [
          70.05667,
          22.44999
        ]
      },
      "properties": {
        "name": "Jamnagar Sector 12",
        "population": 2036,
        "density_per_sq_km": 1696.7,
        "city": "Jamnagar",
        "district": "Jamnagar",
        "income_index": 0.71,
        "value": 0.466
      }
    },
    {
      "type": "Feature",
      "geometry": {
        "type": "Point",
        "coordinates": [
          70.04585,
          22.47687
        ]
      },
      "properties": {
        "name": "Jamnagar Sector 13",
        "population": 3254,
        "density_per_sq_km": 2711.7,
        "city": "Jamnagar",
        "district": "Jamnagar",
        "income_index": 0.78,
        "value": 0.762
      }
    },
    {
      "type": "Feature",
      "geometry": {
        "type": "Point",
        "coordinates": [
          70.03916,
          22.45127
        ]
      },
      "properties": {
        "name": "Jamnagar Sector 14",
        "population": 1732,
        "density_per_sq_km": 1443.3,
        "city": "Jamnagar",
        "district": "Jamnagar",
        "income_index": 0.66,
        "value": 0.479
      }
    },
    {
      "type": "Feature",
      "geometry": {
        "type": "Point",
        "coordinates": [
          70.01473,
          22.48138
        ]
      },
      "properties": {
        "name": "Jamnagar Sector 15",
        "population": 789,
        "density_per_sq_km": 657.5,
        "city": "Jamnagar",
        "district": "Jamnagar",
        "income_index": 0.52,
        "value": 0.277
      }
    },
    {
      "type": "Feature",
      "geometry": {
        "type": "Point",
        "coordinates": [
          70.03915,
          22.45854
        ]
      },
      "properties": {
        "name": "Jamnagar Sector 16",
        "population": 2051,
        "density_per_sq_km": 1709.2,
        "city": "Jamnagar",
        "district": "Jamnagar",
        "income_index": 0.71,
        "value": 0.48
      }
    },
    {
      "type": "Feature",
      "geometry": {
        "type": "Point",
        "coordinates": [
          70.06339,
          22.48354
        ]
      },
      "properties": {
        "name": "Jamnagar Sector 17",
        "population": 3211,
        "density_per_sq_km": 2675.8,
        "city": "Jamnagar",
        "district": "Jamnagar",
        "income_index": 0.77,
        "value": 0.638
      }
    },
    {
      "type": "Feature",
      "geometry": {
        "type": "Point",
        "coordinates": [
          70.03044,
          22.46496
        ]
      },
      "properties": {
        "name": "Jamnagar Sector 18",
        "population": 1392,
        "density_per_sq_km": 1160.0,
        "city": "Jamnagar",
        "district": "Jamnagar",
        "income_index": 0.66,
        "value": 0.419
      }
    },
    {
      "type": "Feature",
      "geometry": {
        "type": "Point",
        "coordinates": [
          70.06762,
          22.44848
        ]
      },
      "properties": {
        "name": "Jamnagar Sector 19",
        "population": 1923,
        "density_per_sq_km": 1602.5,
        "city": "Jamnagar",
        "district": "Jamnagar",
        "income_index": 0.68,
        "value": 0.431
      }
    },
    {
      "type": "Feature",
      "geometry": {
        "type": "Point",
        "coordinates": [
          70.0732,
          22.45675
        ]
      },
      "properties": {
        "name": "Jamnagar Sector 20",
        "population": 2019,
        "density_per_sq_km": 1682.5,
        "city": "Jamnagar",
        "district": "Jamnagar",
        "income_index": 0.72,
        "value": 0.535
      }
    },
    {
      "type": "Feature",
      "geometry": {
        "type": "Point",
        "coordinates": [
          70.03544,
          22.44158
        ]
      },
      "properties": {
        "name": "Jamnagar Sector 21",
        "population": 1275,
        "density_per_sq_km": 1062.5,
        "city": "Jamnagar",
        "district": "Jamnagar",
        "income_index": 0.57,
        "value": 0.22
      }
    },
    {
      "type": "Feature",
      "geometry": {
        "type": "Point",
        "coordinates": [
          70.07666,
          22.49666
        ]
      },
      "properties": {
        "name": "Jamnagar Sector 22",
        "population": 1228,
        "density_per_sq_km": 1023.3,
        "city": "Jamnagar",
        "district": "Jamnagar",
        "income_index": 0.61,
        "value": 0.423
      }
    },
    {
      "type": "Feature",
      "geometry": {
        "type": "Point",
        "coordinates": [
          70.02005,
          22.44755
        ]
      },
      "properties": {
        "name": "Jamnagar Sector 23",
        "population": 967,
        "density_per_sq_km": 805.8,
        "city": "Jamnagar",
        "district": "Jamnagar",
        "income_index": 0.51,
        "value": 0.171
      }
    },
    {
      "type": "Feature",
      "geometry": {
        "type": "Point",
        "coordinates": [
          70.04939,
          22.45729
        ]
      },
      "properties": {
        "name": "Jamnagar Sector 24",
        "population": 2192,
        "density_per_sq_km": 1826.7,
        "city": "Jamnagar",
        "district": "Jamnagar",
        "income_index": 0.76,
        "value": 0.736
      }
    },
    {
      "type": "Feature",
      "geometry": {
        "type": "Point",
        "coordinates": [
          70.03431,
          22.46345
        ]
      },
      "properties": {
        "name": "Jamnagar Sector 25",
        "population": 2098,
        "density_per_sq_km": 1748.3,
        "city": "Jamnagar",
        "district": "Jamnagar",
        "income_index": 0.69,
        "value": 0.608
      }
    },
    {
      "type": "Feature",
      "geometry": {
        "type": "Point",
        "coordinates": [
          70.08027,
          22.46251
        ]
      },
      "properties": {
        "name": "Jamnagar Sector 26",
        "population": 2386,
        "density_per_sq_km": 1988.3,
        "city": "Jamnagar",
        "district": "Jamnagar",
        "income_index": 0.69,
        "value": 0.59
      }
    },
    {
      "type": "Feature",
      "geometry": {
        "type": "Point",
        "coordinates": [
          70.02215,
          22.45267
        ]
      },
      "properties": {
        "name": "Jamnagar Sector 27",
        "population": 1213,
        "density_per_sq_km": 1010.8,
        "city": "Jamnagar",
        "district": "Jamnagar",
        "income_index": 0.55,
        "value": 0.313
      }
    },
    {
      "type": "Feature",
      "geometry": {
        "type": "Point",
        "coordinates": [
          70.0523,
          22.44091
        ]
      },
      "properties": {
        "name": "Jamnagar Sector 28",
        "population": 1428,
        "density_per_sq_km": 1190.0,
        "city": "Jamnagar",
        "district": "Jamnagar",
        "income_index": 0.62,
        "value": 0.369
      }
    },
    {
      "type": "Feature",
      "geometry": {
        "type": "Point",
        "coordinates": [
          70.07157,
          22.45974
        ]
      },
      "properties": {
        "name": "Jamnagar Sector 29",
        "population": 1900,
        "density_per_sq_km": 1583.3,
        "city": "Jamnagar",
        "district": "Jamnagar",
        "income_index": 0.74,
        "value": 0.709
      }
    },
    {
      "type": "Feature",
      "geometry": {
        "type": "Point",
        "coordinates": [
          70.05941,
          22.4524
        ]
      },
      "properties": {
        "name": "Jamnagar Sector 30",
        "population": 1708,
        "density_per_sq_km": 1423.3,
        "city": "Jamnagar",
        "district": "Jamnagar",
        "income_index": 0.73,
        "value": 0.51
      }
    },
    {
      "type": "Feature",
      "geometry": {
        "type": "Point",
        "coordinates": [
          70.04535,
          22.4784
        ]
      },
      "properties": {
        "name": "Jamnagar Sector 31",
        "population": 3002,
        "density_per_sq_km": 2501.7,
        "city": "Jamnagar",
        "district": "Jamnagar",
        "income_index": 0.77,
        "value": 0.738
      }
    },
    {
      "type": "Feature",
      "geometry": {
        "type": "Point",
        "coordinates": [
          70.05036,
          22.47827
        ]
      },
      "properties": {
        "name": "Jamnagar Sector 32",
        "population": 2469,
        "density_per_sq_km": 2057.5,
        "city": "Jamnagar",
        "district": "Jamnagar",
        "income_index": 0.81,
        "value": 0.784
      }
    },
    {
      "type": "Feature",
      "geometry": {
        "type": "Point",
        "coordinates": [
          70.07548,
          22.48593
        ]
      },
      "properties": {
        "name": "Jamnagar Sector 33",
        "population": 1548,
        "density_per_sq_km": 1290.0,
        "city": "Jamnagar",
        "district": "Jamnagar",
        "income_index": 0.69,
        "value": 0.593
      }
    },
    {
      "type": "Feature",
      "geometry": {
        "type": "Point",
        "coordinates": [
          70.01851,
          22.47553
        ]
      },
      "properties": {
        "name": "Jamnagar Sector 34",
        "population": 859,
        "density_per_sq_km": 715.8,
        "city": "Jamnagar",
        "district": "Jamnagar",
        "income_index": 0.56,
        "value": 0.279
      }
    },
    {
      "type": "Feature",
      "geometry": {
        "type": "Point",
        "coordinates": [
          70.07567,
          22.44423
        ]
      },
      "properties": {
        "name": "Jamnagar Sector 35",
        "population": 1187,
        "density_per_sq_km": 989.2,
        "city": "Jamnagar",
        "district": "Jamnagar",
        "income_index": 0.61,
        "value": 0.369
      }
    },
    {
      "type": "Feature",
      "geometry": {
        "type": "Point",
        "coordinates": [
          70.09356,
          22.46331
        ]
      },
      "properties": {
        "name": "Jamnagar Sector 36",
        "population": 1225,
        "density_per_sq_km": 1020.8,
        "city": "Jamnagar",
        "district": "Jamnagar",
        "income_index": 0.59,
        "value": 0.342
      }
    },
    {
      "type": "Feature",
      "geometry": {
        "type": "Point",
        "coordinates": [
          70.09449,
          22.45737
        ]
      },
      "properties": {
        "name": "Jamnagar Sector 37",
        "population": 1084,
        "density_per_sq_km": 903.3,
        "city": "Jamnagar",
        "district": "Jamnagar",
        "income_index": 0.56,
        "value": 0.359
      }
    },
    {
      "type": "Feature",
      "geometry": {
        "type": "Point",
        "coordinates": [
          70.09352,
          22.44045
        ]
      },
      "properties": {
        "name": "Jamnagar Sector 38",
        "population": 769,
        "density_per_sq_km": 640.8,
        "city": "Jamnagar",
        "district": "Jamnagar",
        "income_index": 0.49,
        "value": 0.146
      }
    },
    {
      "type": "Feature",
      "geometry": {
        "type": "Point",
        "coordinates": [
          70.0816,
          22.46623
        ]
      },
      "properties": {
        "name": "Jamnagar Sector 39",
        "population": 2026,
        "density_per_sq_km": 1688.3,
        "city": "Jamnagar",
        "district": "Jamnagar",
        "income_index": 0.69,
        "value": 0.618
      }
    },
    {
      "type": "Feature",
      "geometry": {
        "type": "Point",
        "coordinates": [
          70.02195,
          22.48546
        ]
      },
      "properties": {
        "name": "Jamnagar Sector 40",
        "population": 856,
        "density_per_sq_km": 713.3,
        "city": "Jamnagar",
        "district": "Jamnagar",
        "income_index": 0.57,
        "value": 0.248
      }
    },
    {
      "type": "Feature",
      "geometry": {
        "type": "Point",
        "coordinates": [
          70.02429,
          22.44554
        ]
      },
      "properties": {
        "name": "Jamnagar Sector 41",
        "population": 930,
        "density_per_sq_km": 775.0,
        "city": "Jamnagar",
        "district": "Jamnagar",
        "income_index": 0.53,
        "value": 0.157
      }
    },
    {
      "type": "Feature",
      "geometry": {
        "type": "Point",
        "coordinates": [
          70.02329,
          22.49257
        ]
      },
      "properties": {
        "name": "Jamnagar Sector 42",
        "population": 836,
        "density_per_sq_km": 696.7,
        "city": "Jamnagar",
        "district": "Jamnagar",
        "income_index": 0.54,
        "value": 0.31
      }
    },
    {
      "type": "Feature",
      "geometry": {
        "type": "Point",
        "coordinates": [
          70.10238,
          22.46475
        ]
      },
      "properties": {
        "name": "Jamnagar Sector 43",
        "population": 595,
        "density_per_sq_km": 495.8,
        "city": "Jamnagar",
        "district": "Jamnagar",
        "income_index": 0.51,
        "value": 0.193
      }
    },
    {
      "type": "Feature",
      "geometry": {
        "type": "Point",
        "coordinates": [
          70.05118,
          22.4879
        ]
      },
      "properties": {
        "name": "Jamnagar Sector 44",
        "population": 2188,
        "density_per_sq_km": 1823.3,
        "city": "Jamnagar",
        "district": "Jamnagar",
        "income_index": 0.73,
        "value": 0.566
      }
    },
    {
      "type": "Feature",
      "geometry": {
        "type": "Point",
        "coordinates": [
          70.05973,
          22.48177
        ]
      },
      "properties": {
        "name": "Jamnagar Sector 45",
        "population": 2707,
        "density_per_sq_km": 2255.8,
        "city": "Jamnagar",
        "district": "Jamnagar",
        "income_index": 0.8,
        "value": 0.66
      }
    },
    {
      "type": "Feature",
      "geometry": {
        "type": "Point",
        "coordinates": [
          70.05687,
          22.49305
        ]
      },
      "properties": {
        "name": "Jamnagar Sector 46",
        "population": 1371,
        "density_per_sq_km": 1142.5,
        "city": "Jamnagar",
        "district": "Jamnagar",
        "income_index": 0.69,
        "value": 0.614
      }
    },
    {
      "type": "Feature",
      "geometry": {
        "type": "Point",
        "coordinates": [
          70.02989,
          22.48682
        ]
      },
      "properties": {
        "name": "Jamnagar Sector 47",
        "population": 1788,
        "density_per_sq_km": 1490.0,
        "city": "Jamnagar",
        "district": "Jamnagar",
        "income_index": 0.62,
        "value": 0.322
      }
    },
    {
      "type": "Feature",
      "geometry": {
        "type": "Point",
        "coordinates": [
          70.09721,
          22.46208
        ]
      },
      "properties": {
        "name": "Jamnagar Sector 48",
        "population": 1180,
        "density_per_sq_km": 983.3,
        "city": "Jamnagar",
        "district": "Jamnagar",
        "income_index": 0.55,
        "value": 0.203
      }
    },
    {
      "type": "Feature",
      "geometry": {
        "type": "Point",
        "coordinates": [
          70.03244,
          22.464
        ]
      },
      "properties": {
        "name": "Jamnagar Sector 49",
        "population": 1259,
        "density_per_sq_km": 1049.2,
        "city": "Jamnagar",
        "district": "Jamnagar",
        "income_index": 0.68,
        "value": 0.411
      }
    },
    {
      "type": "Feature",
      "geometry": {
        "type": "Point",
        "coordinates": [
          72.9289,
          22.5645
        ]
      },
      "properties": {
        "name": "Anand Core",
        "population": 52500,
        "density_per_sq_km": 19023.7,
        "city": "Anand",
        "district": "Anand",
        "income_index": 0.92,
        "value": 0.93
      }
    },
    {
      "type": "Feature",
      "geometry": {
        "type": "Point",
        "coordinates": [
          72.905,
          22.56132
        ]
      },
      "properties": {
        "name": "Anand Sector 1",
        "population": 687,
        "density_per_sq_km": 572.5,
        "city": "Anand",
        "district": "Anand",
        "income_index": 0.65,
        "value": 0.412
      }
    },
    {
      "type": "Feature",
      "geometry": {
        "type": "Point",
        "coordinates": [
          72.93878,
          22.56146
        ]
      },
      "properties": {
        "name": "Anand Sector 2",
        "population": 1367,
        "density_per_sq_km": 1139.2,
        "city": "Anand",
        "district": "Anand",
        "income_index": 0.79,
        "value": 0.767
      }
    },
    {
      "type": "Feature",
      "geometry": {
        "type": "Point",
        "coordinates": [
          72.93245,
          22.55265
        ]
      },
      "properties": {
        "name": "Anand Sector 3",
        "population": 1696,
        "density_per_sq_km": 1413.3,
        "city": "Anand",
        "district": "Anand",
        "income_index": 0.76,
        "value": 0.674
      }
    },
    {
      "type": "Feature",
      "geometry": {
        "type": "Point",
        "coordinates": [
          72.93136,
          22.58638
        ]
      },
      "properties": {
        "name": "Anand Sector 4",
        "population": 778,
        "density_per_sq_km": 648.3,
        "city": "Anand",
        "district": "Anand",
        "income_index": 0.66,
        "value": 0.389
      }
    },
    {
      "type": "Feature",
      "geometry": {
        "type": "Point",
        "coordinates": [
          72.94031,
          22.54238
        ]
      },
      "properties": {
        "name": "Anand Sector 5",
        "population": 693,
        "density_per_sq_km": 577.5,
        "city": "Anand",
        "district": "Anand",
        "income_index": 0.63,
        "value": 0.394
      }
    },
    {
      "type": "Feature",
      "geometry": {
        "type": "Point",
        "coordinates": [
          72.91834,
          22.55868
        ]
      },
      "properties": {
        "name": "Anand Sector 6",
        "population": 1809,
        "density_per_sq_km": 1507.5,
        "city": "Anand",
        "district": "Anand",
        "income_index": 0.77,
        "value": 0.587
      }
    },
    {
      "type": "Feature",
      "geometry": {
        "type": "Point",
        "coordinates": [
          72.92505,
          22.54298
        ]
      },
      "properties": {
        "name": "Anand Sector 7",
        "population": 1256,
        "density_per_sq_km": 1046.7,
        "city": "Anand",
        "district": "Anand",
        "income_index": 0.66,
        "value": 0.475
      }
    },
    {
      "type": "Feature",
      "geometry": {
        "type": "Point",
        "coordinates": [
          72.94331,
          22.54832
        ]
      },
      "properties": {
        "name": "Anand Sector 8",
        "population": 1071,
        "density_per_sq_km": 892.5,
        "city": "Anand",
        "district": "Anand",
        "income_index": 0.67,
        "value": 0.578
      }
    },
    {
      "type": "Feature",
      "geometry": {
        "type": "Point",
        "coordinates": [
          72.93701,
          22.56433
        ]
      },
      "properties": {
        "name": "Anand Sector 9",
        "population": 1826,
        "density_per_sq_km": 1521.7,
        "city": "Anand",
        "district": "Anand",
        "income_index": 0.82,
        "value": 0.719
      }
    },
    {
      "type": "Feature",
      "geometry": {
        "type": "Point",
        "coordinates": [
          72.90213,
          22.56184
        ]
      },
      "properties": {
        "name": "Anand Sector 10",
        "population": 972,
        "density_per_sq_km": 810.0,
        "city": "Anand",
        "district": "Anand",
        "income_index": 0.62,
        "value": 0.45
      }
    },
    {
      "type": "Feature",
      "geometry": {
        "type": "Point",
        "coordinates": [
          72.93777,
          22.55983
        ]
      },
      "properties": {
        "name": "Anand Sector 11",
        "population": 1497,
        "density_per_sq_km": 1247.5,
        "city": "Anand",
        "district": "Anand",
        "income_index": 0.8,
        "value": 0.774
      }
    },
    {
      "type": "Feature",
      "geometry": {
        "type": "Point",
        "coordinates": [
          72.95736,
          22.57787
        ]
      },
      "properties": {
        "name": "Anand Sector 12",
        "population": 619,
        "density_per_sq_km": 515.8,
        "city": "Anand",
        "district": "Anand",
        "income_index": 0.57,
        "value": 0.35
      }
    },
    {
      "type": "Feature",
      "geometry": {
        "type": "Point",
        "coordinates": [
          72.90444,
          22.54375
        ]
      },
      "properties": {
        "name": "Anand Sector 13",
        "population": 450,
        "density_per_sq_km": 345.8,
        "city": "Anand",
        "district": "Anand",
        "income_index": 0.56,
        "value": 0.342
      }
    },
    {
      "type": "Feature",
      "geometry": {
        "type": "Point",
        "coordinates": [
          72.93379,
          22.54792
        ]
      },
      "properties": {
        "name": "Anand Sector 14",
        "population": 790,
        "density_per_sq_km": 658.3,
        "city": "Anand",
        "district": "Anand",
        "income_index": 0.71,
        "value": 0.497
      }
    },
    {
      "type": "Feature",
      "geometry": {
        "type": "Point",
        "coordinates": [
          72.93919,
          22.59974
        ]
      },
      "properties": {
        "name": "Anand Sector 15",
        "population": 450,
        "density_per_sq_km": 300.0,
        "city": "Anand",
        "district": "Anand",
        "income_index": 0.49,
        "value": 0.269
      }
    },
    {
      "type": "Feature",
      "geometry": {
        "type": "Point",
        "coordinates": [
          72.92419,
          22.54881
        ]
      },
      "properties": {
        "name": "Anand Sector 16",
        "population": 1371,
        "density_per_sq_km": 1142.5,
        "city": "Anand",
        "district": "Anand",
        "income_index": 0.72,
        "value": 0.513
      }
    },
    {
      "type": "Feature",
      "geometry": {
        "type": "Point",
        "coordinates": [
          72.95394,
          22.5461
        ]
      },
      "properties": {
        "name": "Anand Sector 17",
        "population": 786,
        "density_per_sq_km": 655.0,
        "city": "Anand",
        "district": "Anand",
        "income_index": 0.57,
        "value": 0.276
      }
    },
    {
      "type": "Feature",
      "geometry": {
        "type": "Point",
        "coordinates": [
          72.9432,
          22.57779
        ]
      },
      "properties": {
        "name": "Anand Sector 18",
        "population": 1352,
        "density_per_sq_km": 1126.7,
        "city": "Anand",
        "district": "Anand",
        "income_index": 0.69,
        "value": 0.574
      }
    },
    {
      "type": "Feature",
      "geometry": {
        "type": "Point",
        "coordinates": [
          72.91617,
          22.57958
        ]
      },
      "properties": {
        "name": "Anand Sector 19",
        "population": 1391,
        "density_per_sq_km": 1159.2,
        "city": "Anand",
        "district": "Anand",
        "income_index": 0.69,
        "value": 0.517
      }
    },
    {
      "type": "Feature",
      "geometry": {
        "type": "Point",
        "coordinates": [
          72.92951,
          22.52857
        ]
      },
      "properties": {
        "name": "Anand Sector 20",
        "population": 450,
        "density_per_sq_km": 313.3,
        "city": "Anand",
        "district": "Anand",
        "income_index": 0.5,
        "value": 0.242
      }
    },
    {
      "type": "Feature",
      "geometry": {
        "type": "Point",
        "coordinates": [
          72.91703,
          22.56291
        ]
      },
      "properties": {
        "name": "Anand Sector 21",
        "population": 1480,
        "density_per_sq_km": 1233.3,
        "city": "Anand",
        "district": "Anand",
        "income_index": 0.78,
        "value": 0.743
      }
    },
    {
      "type": "Feature",
      "geometry": {
        "type": "Point",
        "coordinates": [
          72.92348,
          22.54745
        ]
      },
      "properties": {
        "name": "Anand Sector 22",
        "population": 801,
        "density_per_sq_km": 667.5,
        "city": "Anand",
        "district": "Anand",
        "income_index": 0.7,
        "value": 0.577
      }
    },
    {
      "type": "Feature",
      "geometry": {
        "type": "Point",
        "coordinates": [
          72.95345,
          22.5561
        ]
      },
      "properties": {
        "name": "Anand Sector 23",
        "population": 809,
        "density_per_sq_km": 674.2,
        "city": "Anand",
        "district": "Anand",
        "income_index": 0.63,
        "value": 0.455
      }
    },
    {
      "type": "Feature",
      "geometry": {
        "type": "Point",
        "coordinates": [
          72.93701,
          22.55895
        ]
      },
      "properties": {
        "name": "Anand Sector 24",
        "population": 1816,
        "density_per_sq_km": 1513.3,
        "city": "Anand",
        "district": "Anand",
        "income_index": 0.8,
        "value": 0.684
      }
    },
    {
      "type": "Feature",
      "geometry": {
        "type": "Point",
        "coordinates": [
          72.92869,
          22.58127
        ]
      },
      "properties": {
        "name": "Anand Sector 25",
        "population": 1522,
        "density_per_sq_km": 1268.3,
        "city": "Anand",
        "district": "Anand",
        "income_index": 0.71,
        "value": 0.655
      }
    },
    {
      "type": "Feature",
      "geometry": {
        "type": "Point",
        "coordinates": [
          72.94125,
          22.58688
        ]
      },
      "properties": {
        "name": "Anand Sector 26",
        "population": 738,
        "density_per_sq_km": 615.0,
        "city": "Anand",
        "district": "Anand",
        "income_index": 0.62,
        "value": 0.458
      }
    },
    {
      "type": "Feature",
      "geometry": {
        "type": "Point",
        "coordinates": [
          72.89188,
          22.54826
        ]
      },
      "properties": {
        "name": "Anand Sector 27",
        "population": 450,
        "density_per_sq_km": 300.0,
        "city": "Anand",
        "district": "Anand",
        "income_index": 0.48,
        "value": 0.165
      }
    },
    {
      "type": "Feature",
      "geometry": {
        "type": "Point",
        "coordinates": [
          72.91948,
          22.56623
        ]
      },
      "properties": {
        "name": "Anand Sector 28",
        "population": 1049,
        "density_per_sq_km": 874.2,
        "city": "Anand",
        "district": "Anand",
        "income_index": 0.8,
        "value": 0.778
      }
    },
    {
      "type": "Feature",
      "geometry": {
        "type": "Point",
        "coordinates": [
          72.94425,
          22.55179
        ]
      },
      "properties": {
        "name": "Anand Sector 29",
        "population": 1108,
        "density_per_sq_km": 923.3,
        "city": "Anand",
        "district": "Anand",
        "income_index": 0.69,
        "value": 0.541
      }
    },
    {
      "type": "Feature",
      "geometry": {
        "type": "Point",
        "coordinates": [
          72.8922,
          22.54831
        ]
      },
      "properties": {
        "name": "Anand Sector 30",
        "population": 450,
        "density_per_sq_km": 300.0,
        "city": "Anand",
        "district": "Anand",
        "income_index": 0.48,
        "value": 0.202
      }
    },
    {
      "type": "Feature",
      "geometry": {
        "type": "Point",
        "coordinates": [
          72.91806,
          22.54453
        ]
      },
      "properties": {
        "name": "Anand Sector 31",
        "population": 863,
        "density_per_sq_km": 719.2,
        "city": "Anand",
        "district": "Anand",
        "income_index": 0.65,
        "value": 0.484
      }
    },
    {
      "type": "Feature",
      "geometry": {
        "type": "Point",
        "coordinates": [
          72.94232,
          22.56453
        ]
      },
      "properties": {
        "name": "Anand Sector 32",
        "population": 1541,
        "density_per_sq_km": 1284.2,
        "city": "Anand",
        "district": "Anand",
        "income_index": 0.76,
        "value": 0.652
      }
    },
    {
      "type": "Feature",
      "geometry": {
        "type": "Point",
        "coordinates": [
          72.94523,
          22.54696
        ]
      },
      "properties": {
        "name": "Anand Sector 33",
        "population": 751,
        "density_per_sq_km": 625.8,
        "city": "Anand",
        "district": "Anand",
        "income_index": 0.64,
        "value": 0.39
      }
    },
    {
      "type": "Feature",
      "geometry": {
        "type": "Point",
        "coordinates": [
          72.94434,
          22.52388
        ]
      },
      "properties": {
        "name": "Anand Sector 34",
        "population": 450,
        "density_per_sq_km": 300.0,
        "city": "Anand",
        "district": "Anand",
        "income_index": 0.45,
        "value": 0.173
      }
    },
    {
      "type": "Feature",
      "geometry": {
        "type": "Point",
        "coordinates": [
          72.92966,
          22.55182
        ]
      },
      "properties": {
        "name": "Anand Sector 35",
        "population": 1629,
        "density_per_sq_km": 1357.5,
        "city": "Anand",
        "district": "Anand",
        "income_index": 0.76,
        "value": 0.637
      }
    },
    {
      "type": "Feature",
      "geometry": {
        "type": "Point",
        "coordinates": [
          72.91578,
          22.58089
        ]
      },
      "properties": {
        "name": "Anand Sector 36",
        "population": 729,
        "density_per_sq_km": 607.5,
        "city": "Anand",
        "district": "Anand",
        "income_index": 0.67,
        "value": 0.529
      }
    },
    {
      "type": "Feature",
      "geometry": {
        "type": "Point",
        "coordinates": [
          72.91305,
          22.57452
        ]
      },
      "properties": {
        "name": "Anand Sector 37",
        "population": 1000,
        "density_per_sq_km": 833.3,
        "city": "Anand",
        "district": "Anand",
        "income_index": 0.7,
        "value": 0.459
      }
    },
    {
      "type": "Feature",
      "geometry": {
        "type": "Point",
        "coordinates": [
          72.91922,
          22.53156
        ]
      },
      "properties": {
        "name": "Anand Sector 38",
        "population": 549,
        "density_per_sq_km": 457.5,
        "city": "Anand",
        "district": "Anand",
        "income_index": 0.52,
        "value": 0.26
      }
    },
    {
      "type": "Feature",
      "geometry": {
        "type": "Point",
        "coordinates": [
          72.91691,
          22.58705
        ]
      },
      "properties": {
        "name": "Anand Sector 39",
        "population": 971,
        "density_per_sq_km": 809.2,
        "city": "Anand",
        "district": "Anand",
        "income_index": 0.62,
        "value": 0.4
      }
    },
    {
      "type": "Feature",
      "geometry": {
        "type": "Point",
        "coordinates": [
          72.94012,
          22.57534
        ]
      },
      "properties": {
        "name": "Anand Sector 40",
        "population": 930,
        "density_per_sq_km": 775.0,
        "city": "Anand",
        "district": "Anand",
        "income_index": 0.73,
        "value": 0.658
      }
    },
    {
      "type": "Feature",
      "geometry": {
        "type": "Point",
        "coordinates": [
          72.93298,
          22.58713
        ]
      },
      "properties": {
        "name": "Anand Sector 41",
        "population": 822,
        "density_per_sq_km": 685.0,
        "city": "Anand",
        "district": "Anand",
        "income_index": 0.65,
        "value": 0.502
      }
    },
    {
      "type": "Feature",
      "geometry": {
        "type": "Point",
        "coordinates": [
          72.92047,
          22.54135
        ]
      },
      "properties": {
        "name": "Anand Sector 42",
        "population": 609,
        "density_per_sq_km": 507.5,
        "city": "Anand",
        "district": "Anand",
        "income_index": 0.63,
        "value": 0.374
      }
    },
    {
      "type": "Feature",
      "geometry": {
        "type": "Point",
        "coordinates": [
          72.92882,
          22.59199
        ]
      },
      "properties": {
        "name": "Anand Sector 43",
        "population": 728,
        "density_per_sq_km": 606.7,
        "city": "Anand",
        "district": "Anand",
        "income_index": 0.59,
        "value": 0.404
      }
    },
    {
      "type": "Feature",
      "geometry": {
        "type": "Point",
        "coordinates": [
          72.91837,
          22.56933
        ]
      },
      "properties": {
        "name": "Anand Sector 44",
        "population": 1833,
        "density_per_sq_km": 1527.5,
        "city": "Anand",
        "district": "Anand",
        "income_index": 0.78,
        "value": 0.711
      }
    },
    {
      "type": "Feature",
      "geometry": {
        "type": "Point",
        "coordinates": [
          72.93771,
          22.53947
        ]
      },
      "properties": {
        "name": "Anand Sector 45",
        "population": 684,
        "density_per_sq_km": 570.0,
        "city": "Anand",
        "district": "Anand",
        "income_index": 0.61,
        "value": 0.45
      }
    },
    {
      "type": "Feature",
      "geometry": {
        "type": "Point",
        "coordinates": [
          72.90213,
          22.56926
        ]
      },
      "properties": {
        "name": "Anand Sector 46",
        "population": 638,
        "density_per_sq_km": 531.7,
        "city": "Anand",
        "district": "Anand",
        "income_index": 0.62,
        "value": 0.49
      }
    },
    {
      "type": "Feature",
      "geometry": {
        "type": "Point",
        "coordinates": [
          72.94454,
          22.53245
        ]
      },
      "properties": {
        "name": "Anand Sector 47",
        "population": 450,
        "density_per_sq_km": 300.0,
        "city": "Anand",
        "district": "Anand",
        "income_index": 0.51,
        "value": 0.122
      }
    },
    {
      "type": "Feature",
      "geometry": {
        "type": "Point",
        "coordinates": [
          72.94133,
          22.57251
        ]
      },
      "properties": {
        "name": "Anand Sector 48",
        "population": 1116,
        "density_per_sq_km": 930.0,
        "city": "Anand",
        "district": "Anand",
        "income_index": 0.74,
        "value": 0.662
      }
    },
    {
      "type": "Feature",
      "geometry": {
        "type": "Point",
        "coordinates": [
          72.96189,
          22.54351
        ]
      },
      "properties": {
        "name": "Anand Sector 49",
        "population": 450,
        "density_per_sq_km": 345.0,
        "city": "Anand",
        "district": "Anand",
        "income_index": 0.49,
        "value": 0.23
      }
    },
    {
      "type": "Feature",
      "geometry": {
        "type": "Point",
        "coordinates": [
          72.9959,
          21.7051
        ]
      },
      "properties": {
        "name": "Bharuch Core",
        "population": 60000,
        "density_per_sq_km": 19002.4,
        "city": "Bharuch",
        "district": "Bharuch",
        "income_index": 0.88,
        "value": 0.93
      }
    },
    {
      "type": "Feature",
      "geometry": {
        "type": "Point",
        "coordinates": [
          73.00915,
          21.71738
        ]
      },
      "properties": {
        "name": "Bharuch Sector 1",
        "population": 1318,
        "density_per_sq_km": 1098.3,
        "city": "Bharuch",
        "district": "Bharuch",
        "income_index": 0.71,
        "value": 0.553
      }
    },
    {
      "type": "Feature",
      "geometry": {
        "type": "Point",
        "coordinates": [
          73.03068,
          21.72322
        ]
      },
      "properties": {
        "name": "Bharuch Sector 2",
        "population": 450,
        "density_per_sq_km": 300.0,
        "city": "Bharuch",
        "district": "Bharuch",
        "income_index": 0.49,
        "value": 0.192
      }
    },
    {
      "type": "Feature",
      "geometry": {
        "type": "Point",
        "coordinates": [
          72.97025,
          21.70065
        ]
      },
      "properties": {
        "name": "Bharuch Sector 3",
        "population": 1191,
        "density_per_sq_km": 992.5,
        "city": "Bharuch",
        "district": "Bharuch",
        "income_index": 0.63,
        "value": 0.428
      }
    },
    {
      "type": "Feature",
      "geometry": {
        "type": "Point",
        "coordinates": [
          72.98781,
          21.70895
        ]
      },
      "properties": {
        "name": "Bharuch Sector 4",
        "population": 1189,
        "density_per_sq_km": 990.8,
        "city": "Bharuch",
        "district": "Bharuch",
        "income_index": 0.81,
        "value": 0.76
      }
    },
    {
      "type": "Feature",
      "geometry": {
        "type": "Point",
        "coordinates": [
          72.98317,
          21.68252
        ]
      },
      "properties": {
        "name": "Bharuch Sector 5",
        "population": 1073,
        "density_per_sq_km": 894.2,
        "city": "Bharuch",
        "district": "Bharuch",
        "income_index": 0.62,
        "value": 0.374
      }
    },
    {
      "type": "Feature",
      "geometry": {
        "type": "Point",
        "coordinates": [
          72.97809,
          21.69123
        ]
      },
      "properties": {
        "name": "Bharuch Sector 6",
        "population": 1186,
        "density_per_sq_km": 988.3,
        "city": "Bharuch",
        "district": "Bharuch",
        "income_index": 0.66,
        "value": 0.427
      }
    },
    {
      "type": "Feature",
      "geometry": {
        "type": "Point",
        "coordinates": [
          72.98975,
          21.72556
        ]
      },
      "properties": {
        "name": "Bharuch Sector 7",
        "population": 1335,
        "density_per_sq_km": 1112.5,
        "city": "Bharuch",
        "district": "Bharuch",
        "income_index": 0.66,
        "value": 0.513
      }
    },
    {
      "type": "Feature",
      "geometry": {
        "type": "Point",
        "coordinates": [
          73.00704,
          21.70192
        ]
      },
      "properties": {
        "name": "Bharuch Sector 8",
        "population": 1127,
        "density_per_sq_km": 939.2,
        "city": "Bharuch",
        "district": "Bharuch",
        "income_index": 0.78,
        "value": 0.672
      }
    },
    {
      "type": "Feature",
      "geometry": {
        "type": "Point",
        "coordinates": [
          72.9975,
          21.6901
        ]
      },
      "properties": {
        "name": "Bharuch Sector 9",
        "population": 1496,
        "density_per_sq_km": 1246.7,
        "city": "Bharuch",
        "district": "Bharuch",
        "income_index": 0.73,
        "value": 0.561
      }
    },
    {
      "type": "Feature",
      "geometry": {
        "type": "Point",
        "coordinates": [
          72.96638,
          21.69957
        ]
      },
      "properties": {
        "name": "Bharuch Sector 10",
        "population": 986,
        "density_per_sq_km": 821.7,
        "city": "Bharuch",
        "district": "Bharuch",
        "income_index": 0.59,
        "value": 0.436
      }
    },
    {
      "type": "Feature",
      "geometry": {
        "type": "Point",
        "coordinates": [
          73.0107,
          21.71789
        ]
      },
      "properties": {
        "name": "Bharuch Sector 11",
        "population": 1274,
        "density_per_sq_km": 1061.7,
        "city": "Bharuch",
        "district": "Bharuch",
        "income_index": 0.69,
        "value": 0.489
      }
    },
    {
      "type": "Feature",
      "geometry": {
        "type": "Point",
        "coordinates": [
          72.99964,
          21.68886
        ]
      },
      "properties": {
        "name": "Bharuch Sector 12",
        "population": 1102,
        "density_per_sq_km": 918.3,
        "city": "Bharuch",
        "district": "Bharuch",
        "income_index": 0.72,
        "value": 0.488
      }
    },
    {
      "type": "Feature",
      "geometry": {
        "type": "Point",
        "coordinates": [
          73.01577,
          21.70033
        ]
      },
      "properties": {
        "name": "Bharuch Sector 13",
        "population": 1304,
        "density_per_sq_km": 1086.7,
        "city": "Bharuch",
        "district": "Bharuch",
        "income_index": 0.69,
        "value": 0.469
      }
    },
    {
      "type": "Feature",
      "geometry": {
        "type": "Point",
        "coordinates": [
          72.98473,
          21.71428
        ]
      },
      "properties": {
        "name": "Bharuch Sector 14",
        "population": 1286,
        "density_per_sq_km": 1071.7,
        "city": "Bharuch",
        "district": "Bharuch",
        "income_index": 0.75,
        "value": 0.639
      }
    },
    {
      "type": "Feature",
      "geometry": {
        "type": "Point",
        "coordinates": [
          73.02466,
          21.69399
        ]
      },
      "properties": {
        "name": "Bharuch Sector 15",
        "population": 750,
        "density_per_sq_km": 625.0,
        "city": "Bharuch",
        "district": "Bharuch",
        "income_index": 0.58,
        "value": 0.325
      }
    },
    {
      "type": "Feature",
      "geometry": {
        "type": "Point",
        "coordinates": [
          72.99605,
          21.68759
        ]
      },
      "properties": {
        "name": "Bharuch Sector 16",
        "population": 875,
        "density_per_sq_km": 729.2,
        "city": "Bharuch",
        "district": "Bharuch",
        "income_index": 0.71,
        "value": 0.639
      }
    },
    {
      "type": "Feature",
      "geometry": {
        "type": "Point",
        "coordinates": [
          72.99446,
          21.66612
        ]
      },
      "properties": {
        "name": "Bharuch Sector 17",
        "population": 450,
        "density_per_sq_km": 300.0,
        "city": "Bharuch",
        "district": "Bharuch",
        "income_index": 0.47,
        "value": 0.1
      }
    },
    {
      "type": "Feature",
      "geometry": {
        "type": "Point",
        "coordinates": [
          73.00313,
          21.72554
        ]
      },
      "properties": {
        "name": "Bharuch Sector 18",
        "population": 1376,
        "density_per_sq_km": 1146.7,
        "city": "Bharuch",
        "district": "Bharuch",
        "income_index": 0.66,
        "value": 0.501
      }
    },
    {
      "type": "Feature",
      "geometry": {
        "type": "Point",
        "coordinates": [
          73.00035,
          21.68297
        ]
      },
      "properties": {
        "name": "Bharuch Sector 19",
        "population": 1293,
        "density_per_sq_km": 1077.5,
        "city": "Bharuch",
        "district": "Bharuch",
        "income_index": 0.65,
        "value": 0.436
      }
    },
    {
      "type": "Feature",
      "geometry": {
        "type": "Point",
        "coordinates": [
          72.97578,
          21.72563
        ]
      },
      "properties": {
        "name": "Bharuch Sector 20",
        "population": 947,
        "density_per_sq_km": 789.2,
        "city": "Bharuch",
        "district": "Bharuch",
        "income_index": 0.59,
        "value": 0.318
      }
    },
    {
      "type": "Feature",
      "geometry": {
        "type": "Point",
        "coordinates": [
          73.0106,
          21.68616
        ]
      },
      "properties": {
        "name": "Bharuch Sector 21",
        "population": 805,
        "density_per_sq_km": 670.8,
        "city": "Bharuch",
        "district": "Bharuch",
        "income_index": 0.64,
        "value": 0.444
      }
    },
    {
      "type": "Feature",
      "geometry": {
        "type": "Point",
        "coordinates": [
          73.00633,
          21.72456
        ]
      },
      "properties": {
        "name": "Bharuch Sector 22",
        "population": 1278,
        "density_per_sq_km": 1065.0,
        "city": "Bharuch",
        "district": "Bharuch",
        "income_index": 0.66,
        "value": 0.422
      }
    },
    {
      "type": "Feature",
      "geometry": {
        "type": "Point",
        "coordinates": [
          72.99396,
          21.73137
        ]
      },
      "properties": {
        "name": "Bharuch Sector 23",
        "population": 650,
        "density_per_sq_km": 541.7,
        "city": "Bharuch",
        "district": "Bharuch",
        "income_index": 0.61,
        "value": 0.469
      }
    },
    {
      "type": "Feature",
      "geometry": {
        "type": "Point",
        "coordinates": [
          73.0159,
          21.68148
        ]
      },
      "properties": {
        "name": "Bharuch Sector 24",
        "population": 623,
        "density_per_sq_km": 519.2,
        "city": "Bharuch",
        "district": "Bharuch",
        "income_index": 0.57,
        "value": 0.387
      }
    },
    {
      "type": "Feature",
      "geometry": {
        "type": "Point",
        "coordinates": [
          72.97982,
          21.70557
        ]
      },
      "properties": {
        "name": "Bharuch Sector 25",
        "population": 1411,
        "density_per_sq_km": 1175.8,
        "city": "Bharuch",
        "district": "Bharuch",
        "income_index": 0.73,
        "value": 0.601
      }
    },
    {
      "type": "Feature",
      "geometry": {
        "type": "Point",
        "coordinates": [
          72.99988,
          21.71774
        ]
      },
      "properties": {
        "name": "Bharuch Sector 26",
        "population": 1320,
        "density_per_sq_km": 1100.0,
        "city": "Bharuch",
        "district": "Bharuch",
        "income_index": 0.75,
        "value": 0.632
      }
    },
    {
      "type": "Feature",
      "geometry": {
        "type": "Point",
        "coordinates": [
          73.00288,
          21.68171
        ]
      },
      "properties": {
        "name": "Bharuch Sector 27",
        "population": 978,
        "density_per_sq_km": 815.0,
        "city": "Bharuch",
        "district": "Bharuch",
        "income_index": 0.63,
        "value": 0.381
      }
    },
    {
      "type": "Feature",
      "geometry": {
        "type": "Point",
        "coordinates": [
          72.98612,
          21.69453
        ]
      },
      "properties": {
        "name": "Bharuch Sector 28",
        "population": 1924,
        "density_per_sq_km": 1603.3,
        "city": "Bharuch",
        "district": "Bharuch",
        "income_index": 0.75,
        "value": 0.669
      }
    },
    {
      "type": "Feature",
      "geometry": {
        "type": "Point",
        "coordinates": [
          73.01444,
          21.6996
        ]
      },
      "properties": {
        "name": "Bharuch Sector 29",
        "population": 1532,
        "density_per_sq_km": 1276.7,
        "city": "Bharuch",
        "district": "Bharuch",
        "income_index": 0.7,
        "value": 0.545
      }
    },
    {
      "type": "Feature",
      "geometry": {
        "type": "Point",
        "coordinates": [
          72.97788,
          21.70066
        ]
      },
      "properties": {
        "name": "Bharuch Sector 30",
        "population": 1564,
        "density_per_sq_km": 1303.3,
        "city": "Bharuch",
        "district": "Bharuch",
        "income_index": 0.71,
        "value": 0.528
      }
    },
    {
      "type": "Feature",
      "geometry": {
        "type": "Point",
        "coordinates": [
          72.95735,
          21.68651
        ]
      },
      "properties": {
        "name": "Bharuch Sector 31",
        "population": 450,
        "density_per_sq_km": 300.0,
        "city": "Bharuch",
        "district": "Bharuch",
        "income_index": 0.45,
        "value": 0.153
      }
    },
    {
      "type": "Feature",
      "geometry": {
        "type": "Point",
        "coordinates": [
          72.96766,
          21.701
        ]
      },
      "properties": {
        "name": "Bharuch Sector 32",
        "population": 589,
        "density_per_sq_km": 490.8,
        "city": "Bharuch",
        "district": "Bharuch",
        "income_index": 0.61,
        "value": 0.364
      }
    },
    {
      "type": "Feature",
      "geometry": {
        "type": "Point",
        "coordinates": [
          72.98935,
          21.73409
        ]
      },
      "properties": {
        "name": "Bharuch Sector 33",
        "population": 851,
        "density_per_sq_km": 709.2,
        "city": "Bharuch",
        "district": "Bharuch",
        "income_index": 0.57,
        "value": 0.324
      }
    },
    {
      "type": "Feature",
      "geometry": {
        "type": "Point",
        "coordinates": [
          72.97082,
          21.70087
        ]
      },
      "properties": {
        "name": "Bharuch Sector 34",
        "population": 777,
        "density_per_sq_km": 647.5,
        "city": "Bharuch",
        "district": "Bharuch",
        "income_index": 0.64,
        "value": 0.453
      }
    },
    {
      "type": "Feature",
      "geometry": {
        "type": "Point",
        "coordinates": [
          72.97247,
          21.68184
        ]
      },
      "properties": {
        "name": "Bharuch Sector 35",
        "population": 470,
        "density_per_sq_km": 391.7,
        "city": "Bharuch",
        "district": "Bharuch",
        "income_index": 0.55,
        "value": 0.3
      }
    },
    {
      "type": "Feature",
      "geometry": {
        "type": "Point",
        "coordinates": [
          73.00386,
          21.74188
        ]
      },
      "properties": {
        "name": "Bharuch Sector 36",
        "population": 450,
        "density_per_sq_km": 300.0,
        "city": "Bharuch",
        "district": "Bharuch",
        "income_index": 0.48,
        "value": 0.1
      }
    },
    {
      "type": "Feature",
      "geometry": {
        "type": "Point",
        "coordinates": [
          73.00939,
          21.6998
        ]
      },
      "properties": {
        "name": "Bharuch Sector 37",
        "population": 1651,
        "density_per_sq_km": 1375.8,
        "city": "Bharuch",
        "district": "Bharuch",
        "income_index": 0.75,
        "value": 0.61
      }
    },
    {
      "type": "Feature",
      "geometry": {
        "type": "Point",
        "coordinates": [
          72.95793,
          21.71068
        ]
      },
      "properties": {
        "name": "Bharuch Sector 38",
        "population": 543,
        "density_per_sq_km": 452.5,
        "city": "Bharuch",
        "district": "Bharuch",
        "income_index": 0.5,
        "value": 0.234
      }
    },
    {
      "type": "Feature",
      "geometry": {
        "type": "Point",
        "coordinates": [
          73.00132,
          21.7173
        ]
      },
      "properties": {
        "name": "Bharuch Sector 39",
        "population": 1194,
        "density_per_sq_km": 995.0,
        "city": "Bharuch",
        "district": "Bharuch",
        "income_index": 0.75,
        "value": 0.601
      }
    },
    {
      "type": "Feature",
      "geometry": {
        "type": "Point",
        "coordinates": [
          72.97551,
          21.69345
        ]
      },
      "properties": {
        "name": "Bharuch Sector 40",
        "population": 931,
        "density_per_sq_km": 775.8,
        "city": "Bharuch",
        "district": "Bharuch",
        "income_index": 0.65,
        "value": 0.39
      }
    },
    {
      "type": "Feature",
      "geometry": {
        "type": "Point",
        "coordinates": [
          72.98562,
          21.7206
        ]
      },
      "properties": {
        "name": "Bharuch Sector 41",
        "population": 1129,
        "density_per_sq_km": 940.8,
        "city": "Bharuch",
        "district": "Bharuch",
        "income_index": 0.7,
        "value": 0.591
      }
    },
    {
      "type": "Feature",
      "geometry": {
        "type": "Point",
        "coordinates": [
          72.96915,
          21.70051
        ]
      },
      "properties": {
        "name": "Bharuch Sector 42",
        "population": 1040,
        "density_per_sq_km": 866.7,
        "city": "Bharuch",
        "district": "Bharuch",
        "income_index": 0.62,
        "value": 0.417
      }
    },
    {
      "type": "Feature",
      "geometry": {
        "type": "Point",
        "coordinates": [
          73.01213,
          21.71082
        ]
      },
      "properties": {
        "name": "Bharuch Sector 43",
        "population": 1400,
        "density_per_sq_km": 1166.7,
        "city": "Bharuch",
        "district": "Bharuch",
        "income_index": 0.72,
        "value": 0.523
      }
    },
    {
      "type": "Feature",
      "geometry": {
        "type": "Point",
        "coordinates": [
          72.99275,
          21.72212
        ]
      },
      "properties": {
        "name": "Bharuch Sector 44",
        "population": 1112,
        "density_per_sq_km": 926.7,
        "city": "Bharuch",
        "district": "Bharuch",
        "income_index": 0.71,
        "value": 0.496
      }
    },
    {
      "type": "Feature",
      "geometry": {
        "type": "Point",
        "coordinates": [
          72.97762,
          21.70017
        ]
      },
      "properties": {
        "name": "Bharuch Sector 45",
        "population": 1147,
        "density_per_sq_km": 955.8,
        "city": "Bharuch",
        "district": "Bharuch",
        "income_index": 0.7,
        "value": 0.633
      }
    },
    {
      "type": "Feature",
      "geometry": {
        "type": "Point",
        "coordinates": [
          72.97861,
          21.70981
        ]
      },
      "properties": {
        "name": "Bharuch Sector 46",
        "population": 986,
        "density_per_sq_km": 821.7,
        "city": "Bharuch",
        "district": "Bharuch",
        "income_index": 0.71,
        "value": 0.601
      }
    },
    {
      "type": "Feature",
      "geometry": {
        "type": "Point",
        "coordinates": [
          73.02571,
          21.67572
        ]
      },
      "properties": {
        "name": "Bharuch Sector 47",
        "population": 450,
        "density_per_sq_km": 300.0,
        "city": "Bharuch",
        "district": "Bharuch",
        "income_index": 0.45,
        "value": 0.184
      }
    },
    {
      "type": "Feature",
      "geometry": {
        "type": "Point",
        "coordinates": [
          72.97855,
          21.71086
        ]
      },
      "properties": {
        "name": "Bharuch Sector 48",
        "population": 1117,
        "density_per_sq_km": 930.8,
        "city": "Bharuch",
        "district": "Bharuch",
        "income_index": 0.71,
        "value": 0.601
      }
    },
    {
      "type": "Feature",
      "geometry": {
        "type": "Point",
        "coordinates": [
          73.01389,
          21.69353
        ]
      },
      "properties": {
        "name": "Bharuch Sector 49",
        "population": 965,
        "density_per_sq_km": 804.2,
        "city": "Bharuch",
        "district": "Bharuch",
        "income_index": 0.67,
        "value": 0.49
      }
    },
    {
      "type": "Feature",
      "geometry": {
        "type": "Point",
        "coordinates": [
          72.3693,
          23.588
        ]
      },
      "properties": {
        "name": "Mehsana Core",
        "population": 45000,
        "density_per_sq_km": 18808.3,
        "city": "Mehsana",
        "district": "Mehsana",
        "income_index": 0.86,
        "value": 0.99
      }
    },
    {
      "type": "Feature",
      "geometry": {
        "type": "Point",
        "coordinates": [
          72.35574,
          23.58363
        ]
      },
      "properties": {
        "name": "Mehsana Sector 1",
        "population": 1200,
        "density_per_sq_km": 1000.0,
        "city": "Mehsana",
        "district": "Mehsana",
        "income_index": 0.75,
        "value": 0.654
      }
    },
    {
      "type": "Feature",
      "geometry": {
        "type": "Point",
        "coordinates": [
          72.39767,
          23.58923
        ]
      },
      "properties": {
        "name": "Mehsana Sector 2",
        "population": 678,
        "density_per_sq_km": 565.0,
        "city": "Mehsana",
        "district": "Mehsana",
        "income_index": 0.61,
        "value": 0.408
      }
    },
    {
      "type": "Feature",
      "geometry": {
        "type": "Point",
        "coordinates": [
          72.37626,
          23.60663
        ]
      },
      "properties": {
        "name": "Mehsana Sector 3",
        "population": 1014,
        "density_per_sq_km": 845.0,
        "city": "Mehsana",
        "district": "Mehsana",
        "income_index": 0.68,
        "value": 0.427
      }
    },
    {
      "type": "Feature",
      "geometry": {
        "type": "Point",
        "coordinates": [
          72.3626,
          23.58881
        ]
      },
      "properties": {
        "name": "Mehsana Sector 4",
        "population": 1404,
        "density_per_sq_km": 1170.0,
        "city": "Mehsana",
        "district": "Mehsana",
        "income_index": 0.83,
        "value": 0.862
      }
    },
    {
      "type": "Feature",
      "geometry": {
        "type": "Point",
        "coordinates": [
          72.39136,
          23.55748
        ]
      },
      "properties": {
        "name": "Mehsana Sector 5",
        "population": 450,
        "density_per_sq_km": 307.5,
        "city": "Mehsana",
        "district": "Mehsana",
        "income_index": 0.49,
        "value": 0.164
      }
    },
    {
      "type": "Feature",
      "geometry": {
        "type": "Point",
        "coordinates": [
          72.40948,
          23.6001
        ]
      },
      "properties": {
        "name": "Mehsana Sector 6",
        "population": 450,
        "density_per_sq_km": 300.0,
        "city": "Mehsana",
        "district": "Mehsana",
        "income_index": 0.47,
        "value": 0.155
      }
    },
    {
      "type": "Feature",
      "geometry": {
        "type": "Point",
        "coordinates": [
          72.36244,
          23.59763
        ]
      },
      "properties": {
        "name": "Mehsana Sector 7",
        "population": 1230,
        "density_per_sq_km": 1025.0,
        "city": "Mehsana",
        "district": "Mehsana",
        "income_index": 0.77,
        "value": 0.677
      }
    },
    {
      "type": "Feature",
      "geometry": {
        "type": "Point",
        "coordinates": [
          72.32981,
          23.58183
        ]
      },
      "properties": {
        "name": "Mehsana Sector 8",
        "population": 450,
        "density_per_sq_km": 309.2,
        "city": "Mehsana",
        "district": "Mehsana",
        "income_index": 0.49,
        "value": 0.101
      }
    },
    {
      "type": "Feature",
      "geometry": {
        "type": "Point",
        "coordinates": [
          72.35877,
          23.59857
        ]
      },
      "properties": {
        "name": "Mehsana Sector 9",
        "population": 1374,
        "density_per_sq_km": 1145.0,
        "city": "Mehsana",
        "district": "Mehsana",
        "income_index": 0.74,
        "value": 0.713
      }
    },
    {
      "type": "Feature",
      "geometry": {
        "type": "Point",
        "coordinates": [
          72.38347,
          23.57082
        ]
      },
      "properties": {
        "name": "Mehsana Sector 10",
        "population": 1061,
        "density_per_sq_km": 884.2,
        "city": "Mehsana",
        "district": "Mehsana",
        "income_index": 0.66,
        "value": 0.562
      }
    },
    {
      "type": "Feature",
      "geometry": {
        "type": "Point",
        "coordinates": [
          72.35296,
          23.61788
        ]
      },
      "properties": {
        "name": "Mehsana Sector 11",
        "population": 450,
        "density_per_sq_km": 300.0,
        "city": "Mehsana",
        "district": "Mehsana",
        "income_index": 0.53,
        "value": 0.246
      }
    },
    {
      "type": "Feature",
      "geometry": {
        "type": "Point",
        "coordinates": [
          72.39704,
          23.61982
        ]
      },
      "properties": {
        "name": "Mehsana Sector 12",
        "population": 450,
        "density_per_sq_km": 300.0,
        "city": "Mehsana",
        "district": "Mehsana",
        "income_index": 0.45,
        "value": 0.188
      }
    },
    {
      "type": "Feature",
      "geometry": {
        "type": "Point",
        "coordinates": [
          72.363,
          23.56729
        ]
      },
      "properties": {
        "name": "Mehsana Sector 13",
        "population": 1064,
        "density_per_sq_km": 886.7,
        "city": "Mehsana",
        "district": "Mehsana",
        "income_index": 0.66,
        "value": 0.541
      }
    },
    {
      "type": "Feature",
      "geometry": {
        "type": "Point",
        "coordinates": [
          72.37252,
          23.57352
        ]
      },
      "properties": {
        "name": "Mehsana Sector 14",
        "population": 784,
        "density_per_sq_km": 653.3,
        "city": "Mehsana",
        "district": "Mehsana",
        "income_index": 0.74,
        "value": 0.537
      }
    },
    {
      "type": "Feature",
      "geometry": {
        "type": "Point",
        "coordinates": [
          72.37386,
          23.57217
        ]
      },
      "properties": {
        "name": "Mehsana Sector 15",
        "population": 792,
        "density_per_sq_km": 660.0,
        "city": "Mehsana",
        "district": "Mehsana",
        "income_index": 0.72,
        "value": 0.62
      }
    },
    {
      "type": "Feature",
      "geometry": {
        "type": "Point",
        "coordinates": [
          72.34472,
          23.5939
        ]
      },
      "properties": {
        "name": "Mehsana Sector 16",
        "population": 891,
        "density_per_sq_km": 742.5,
        "city": "Mehsana",
        "district": "Mehsana",
        "income_index": 0.64,
        "value": 0.37
      }
    },
    {
      "type": "Feature",
      "geometry": {
        "type": "Point",
        "coordinates": [
          72.33979,
          23.60929
        ]
      },
      "properties": {
        "name": "Mehsana Sector 17",
        "population": 452,
        "density_per_sq_km": 376.7,
        "city": "Mehsana",
        "district": "Mehsana",
        "income_index": 0.52,
        "value": 0.215
      }
    },
    {
      "type": "Feature",
      "geometry": {
        "type": "Point",
        "coordinates": [
          72.38401,
          23.61024
        ]
      },
      "properties": {
        "name": "Mehsana Sector 18",
        "population": 525,
        "density_per_sq_km": 437.5,
        "city": "Mehsana",
        "district": "Mehsana",
        "income_index": 0.61,
        "value": 0.308
      }
    },
    {
      "type": "Feature",
      "geometry": {
        "type": "Point",
        "coordinates": [
          72.38508,
          23.58079
        ]
      },
      "properties": {
        "name": "Mehsana Sector 19",
        "population": 848,
        "density_per_sq_km": 706.7,
        "city": "Mehsana",
        "district": "Mehsana",
        "income_index": 0.72,
        "value": 0.524
      }
    },
    {
      "type": "Feature",
      "geometry": {
        "type": "Point",
        "coordinates": [
          72.3279,
          23.5889
        ]
      },
      "properties": {
        "name": "Mehsana Sector 20",
        "population": 450,
        "density_per_sq_km": 300.0,
        "city": "Mehsana",
        "district": "Mehsana",
        "income_index": 0.48,
        "value": 0.186
      }
    },
    {
      "type": "Feature",
      "geometry": {
        "type": "Point",
        "coordinates": [
          72.3713,
          23.6135
        ]
      },
      "properties": {
        "name": "Mehsana Sector 21",
        "population": 768,
        "density_per_sq_km": 640.0,
        "city": "Mehsana",
        "district": "Mehsana",
        "income_index": 0.62,
        "value": 0.302
      }
    },
    {
      "type": "Feature",
      "geometry": {
        "type": "Point",
        "coordinates": [
          72.38219,
          23.60087
        ]
      },
      "properties": {
        "name": "Mehsana Sector 22",
        "population": 903,
        "density_per_sq_km": 752.5,
        "city": "Mehsana",
        "district": "Mehsana",
        "income_index": 0.71,
        "value": 0.551
      }
    },
    {
      "type": "Feature",
      "geometry": {
        "type": "Point",
        "coordinates": [
          72.35125,
          23.60936
        ]
      },
      "properties": {
        "name": "Mehsana Sector 23",
        "population": 550,
        "density_per_sq_km": 458.3,
        "city": "Mehsana",
        "district": "Mehsana",
        "income_index": 0.6,
        "value": 0.284
      }
    },
    {
      "type": "Feature",
      "geometry": {
        "type": "Point",
        "coordinates": [
          72.35985,
          23.60288
        ]
      },
      "properties": {
        "name": "Mehsana Sector 24",
        "population": 1047,
        "density_per_sq_km": 872.5,
        "city": "Mehsana",
        "district": "Mehsana",
        "income_index": 0.71,
        "value": 0.5
      }
    },
    {
      "type": "Feature",
      "geometry": {
        "type": "Point",
        "coordinates": [
          72.3804,
          23.59713
        ]
      },
      "properties": {
        "name": "Mehsana Sector 25",
        "population": 1278,
        "density_per_sq_km": 1065.0,
        "city": "Mehsana",
        "district": "Mehsana",
        "income_index": 0.75,
        "value": 0.648
      }
    },
    {
      "type": "Feature",
      "geometry": {
        "type": "Point",
        "coordinates": [
          72.38186,
          23.5683
        ]
      },
      "properties": {
        "name": "Mehsana Sector 26",
        "population": 761,
        "density_per_sq_km": 634.2,
        "city": "Mehsana",
        "district": "Mehsana",
        "income_index": 0.65,
        "value": 0.452
      }
    },
    {
      "type": "Feature",
      "geometry": {
        "type": "Point",
        "coordinates": [
          72.35484,
          23.58006
        ]
      },
      "properties": {
        "name": "Mehsana Sector 27",
        "population": 860,
        "density_per_sq_km": 716.7,
        "city": "Mehsana",
        "district": "Mehsana",
        "income_index": 0.73,
        "value": 0.642
      }
    },
    {
      "type": "Feature",
      "geometry": {
        "type": "Point",
        "coordinates": [
          72.36056,
          23.59583
        ]
      },
      "properties": {
        "name": "Mehsana Sector 28",
        "population": 1141,
        "density_per_sq_km": 950.8,
        "city": "Mehsana",
        "district": "Mehsana",
        "income_index": 0.78,
        "value": 0.717
      }
    },
    {
      "type": "Feature",
      "geometry": {
        "type": "Point",
        "coordinates": [
          72.38123,
          23.60846
        ]
      },
      "properties": {
        "name": "Mehsana Sector 29",
        "population": 540,
        "density_per_sq_km": 450.0,
        "city": "Mehsana",
        "district": "Mehsana",
        "income_index": 0.64,
        "value": 0.446
      }
    },
    {
      "type": "Feature",
      "geometry": {
        "type": "Point",
        "coordinates": [
          72.36842,
          23.56461
        ]
      },
      "properties": {
        "name": "Mehsana Sector 30",
        "population": 579,
        "density_per_sq_km": 482.5,
        "city": "Mehsana",
        "district": "Mehsana",
        "income_index": 0.64,
        "value": 0.398
      }
    },
    {
      "type": "Feature",
      "geometry": {
        "type": "Point",
        "coordinates": [
          72.36756,
          23.57562
        ]
      },
      "properties": {
        "name": "Mehsana Sector 31",
        "population": 914,
        "density_per_sq_km": 761.7,
        "city": "Mehsana",
        "district": "Mehsana",
        "income_index": 0.76,
        "value": 0.667
      }
    },
    {
      "type": "Feature",
      "geometry": {
        "type": "Point",
        "coordinates": [
          72.38221,
          23.60641
        ]
      },
      "properties": {
        "name": "Mehsana Sector 32",
        "population": 976,
        "density_per_sq_km": 813.3,
        "city": "Mehsana",
        "district": "Mehsana",
        "income_index": 0.66,
        "value": 0.453
      }
    },
    {
      "type": "Feature",
      "geometry": {
        "type": "Point",
        "coordinates": [
          72.36743,
          23.56742
        ]
      },
      "properties": {
        "name": "Mehsana Sector 33",
        "population": 601,
        "density_per_sq_km": 500.8,
        "city": "Mehsana",
        "district": "Mehsana",
        "income_index": 0.67,
        "value": 0.48
      }
    },
    {
      "type": "Feature",
      "geometry": {
        "type": "Point",
        "coordinates": [
          72.34106,
          23.59767
        ]
      },
      "properties": {
        "name": "Mehsana Sector 34",
        "population": 566,
        "density_per_sq_km": 471.7,
        "city": "Mehsana",
        "district": "Mehsana",
        "income_index": 0.59,
        "value": 0.411
      }
    },
    {
      "type": "Feature",
      "geometry": {
        "type": "Point",
        "coordinates": [
          72.34361,
          23.58738
        ]
      },
      "properties": {
        "name": "Mehsana Sector 35",
        "population": 523,
        "density_per_sq_km": 435.8,
        "city": "Mehsana",
        "district": "Mehsana",
        "income_index": 0.64,
        "value": 0.398
      }
    },
    {
      "type": "Feature",
      "geometry": {
        "type": "Point",
        "coordinates": [
          72.38739,
          23.62714
        ]
      },
      "properties": {
        "name": "Mehsana Sector 36",
        "population": 450,
        "density_per_sq_km": 300.0,
        "city": "Mehsana",
        "district": "Mehsana",
        "income_index": 0.45,
        "value": 0.1
      }
    },
    {
      "type": "Feature",
      "geometry": {
        "type": "Point",
        "coordinates": [
          72.36547,
          23.59593
        ]
      },
      "properties": {
        "name": "Mehsana Sector 37",
        "population": 1194,
        "density_per_sq_km": 995.0,
        "city": "Mehsana",
        "district": "Mehsana",
        "income_index": 0.8,
        "value": 0.78
      }
    },
    {
      "type": "Feature",
      "geometry": {
        "type": "Point",
        "coordinates": [
          72.32568,
          23.59199
        ]
      },
      "properties": {
        "name": "Mehsana Sector 38",
        "population": 450,
        "density_per_sq_km": 300.0,
        "city": "Mehsana",
        "district": "Mehsana",
        "income_index": 0.45,
        "value": 0.1
      }
    },
    {
      "type": "Feature",
      "geometry": {
        "type": "Point",
        "coordinates": [
          72.36837,
          23.60701
        ]
      },
      "properties": {
        "name": "Mehsana Sector 39",
        "population": 1133,
        "density_per_sq_km": 944.2,
        "city": "Mehsana",
        "district": "Mehsana",
        "income_index": 0.69,
        "value": 0.601
      }
    },
    {
      "type": "Feature",
      "geometry": {
        "type": "Point",
        "coordinates": [
          72.38959,
          23.56926
        ]
      },
      "properties": {
        "name": "Mehsana Sector 40",
        "population": 722,
        "density_per_sq_km": 601.7,
        "city": "Mehsana",
        "district": "Mehsana",
        "income_index": 0.61,
        "value": 0.38
      }
    },
    {
      "type": "Feature",
      "geometry": {
        "type": "Point",
        "coordinates": [
          72.35288,
          23.57757
        ]
      },
      "properties": {
        "name": "Mehsana Sector 41",
        "population": 734,
        "density_per_sq_km": 611.7,
        "city": "Mehsana",
        "district": "Mehsana",
        "income_index": 0.7,
        "value": 0.542
      }
    },
    {
      "type": "Feature",
      "geometry": {
        "type": "Point",
        "coordinates": [
          72.36384,
          23.56068
        ]
      },
      "properties": {
        "name": "Mehsana Sector 42",
        "population": 492,
        "density_per_sq_km": 410.0,
        "city": "Mehsana",
        "district": "Mehsana",
        "income_index": 0.59,
        "value": 0.246
      }
    },
    {
      "type": "Feature",
      "geometry": {
        "type": "Point",
        "coordinates": [
          72.37199,
          23.60511
        ]
      },
      "properties": {
        "name": "Mehsana Sector 43",
        "population": 1082,
        "density_per_sq_km": 901.7,
        "city": "Mehsana",
        "district": "Mehsana",
        "income_index": 0.71,
        "value": 0.563
      }
    },
    {
      "type": "Feature",
      "geometry": {
        "type": "Point",
        "coordinates": [
          72.36253,
          23.55749
        ]
      },
      "properties": {
        "name": "Mehsana Sector 44",
        "population": 450,
        "density_per_sq_km": 336.7,
        "city": "Mehsana",
        "district": "Mehsana",
        "income_index": 0.55,
        "value": 0.247
      }
    },
    {
      "type": "Feature",
      "geometry": {
        "type": "Point",
        "coordinates": [
          72.4089,
          23.5821
        ]
      },
      "properties": {
        "name": "Mehsana Sector 45",
        "population": 450,
        "density_per_sq_km": 300.0,
        "city": "Mehsana",
        "district": "Mehsana",
        "income_index": 0.49,
        "value": 0.1
      }
    },
    {
      "type": "Feature",
      "geometry": {
        "type": "Point",
        "coordinates": [
          72.34917,
          23.59524
        ]
      },
      "properties": {
        "name": "Mehsana Sector 46",
        "population": 1038,
        "density_per_sq_km": 865.0,
        "city": "Mehsana",
        "district": "Mehsana",
        "income_index": 0.68,
        "value": 0.581
      }
    },
    {
      "type": "Feature",
      "geometry": {
        "type": "Point",
        "coordinates": [
          72.37092,
          23.60306
        ]
      },
      "properties": {
        "name": "Mehsana Sector 47",
        "population": 767,
        "density_per_sq_km": 639.2,
        "city": "Mehsana",
        "district": "Mehsana",
        "income_index": 0.73,
        "value": 0.504
      }
    },
    {
      "type": "Feature",
      "geometry": {
        "type": "Point",
        "coordinates": [
          72.35231,
          23.56593
        ]
      },
      "properties": {
        "name": "Mehsana Sector 48",
        "population": 450,
        "density_per_sq_km": 366.7,
        "city": "Mehsana",
        "district": "Mehsana",
        "income_index": 0.6,
        "value": 0.408
      }
    },
    {
      "type": "Feature",
      "geometry": {
        "type": "Point",
        "coordinates": [
          72.37926,
          23.57506
        ]
      },
      "properties": {
        "name": "Mehsana Sector 49",
        "population": 828,
        "density_per_sq_km": 690.0,
        "city": "Mehsana",
        "district": "Mehsana",
        "income_index": 0.72,
        "value": 0.656
      }
    }
  ]
}