{
  "type": "FeatureCollection",
  "features": [
    {
      "type": "Feature",
      "geometry": {
        "type": "Point",
        "coordinates": [
          72.34653,
          23.60259
        ]
      },
      "properties": {
        "name": "Grocery #1",
        "type": "grocery",
        "category": "grocery",
        "city": "Mehsana",
        "rating": 4.8,
        "footfall": 3976,
        "revenue_index": 0.38,
        "value": 0.603
      }
    },
    {
      "type": "Feature",
      "geometry": {
        "type": "Point",
        "coordinates": [
          72.3839,
          23.59041
        ]
      },
      "properties": {
        "name": "Bank #2",
        "type": "bank",
        "category": "bank",
        "city": "Mehsana",
        "rating": 4.5,
        "footfall": 2845,
        "revenue_index": 0.93,
        "value": 0.256
      }
    },
    {
      "type": "Feature",
      "geometry": {
        "type": "Point",
        "coordinates": [
          70.82272,
          22.31577
        ]
      },
      "properties": {
        "name": "Grocery #3",
        "type": "grocery",
        "category": "grocery",
        "city": "Rajkot",
        "rating": 3.8,
        "footfall": 4014,
        "revenue_index": 0.82,
        "value": 0.391
      }
    },
    {
      "type": "Feature",
      "geometry": {
        "type": "Point",
        "coordinates": [
          70.06169,
          22.46375
        ]
      },
      "properties": {
        "name": "Gas Station #4",
        "type": "gas_station",
        "category": "gas_station",
        "city": "Jamnagar",
        "rating": 3.7,
        "footfall": 1057,
        "revenue_index": 0.74,
        "value": 0.7
      }
    },
    {
      "type": "Feature",
      "geometry": {
        "type": "Point",
        "coordinates": [
          72.12158,
          21.7478
        ]
      },
      "properties": {
        "name": "Gas Station #5",
        "type": "gas_station",
        "category": "gas_station",
        "city": "Bhavnagar",
        "rating": 4.5,
        "footfall": 2026,
        "revenue_index": 0.6,
        "value": 0.524
      }
    },
    {
      "type": "Feature",
      "geometry": {
        "type": "Point",
        "coordinates": [
          70.05851,
          22.48896
        ]
      },
      "properties": {
        "name": "Grocery #6",
        "type": "grocery",
        "category": "grocery",
        "city": "Jamnagar",
        "rating": 3.4,
        "footfall": 329,
        "revenue_index": 0.57,
        "value": 0.488
      }
    },
    {
      "type": "Feature",
      "geometry": {
        "type": "Point",
        "coordinates": [
          72.63207,
          23.20524
        ]
      },
      "properties": {
        "name": "Retail #7",
        "type": "retail",
        "category": "retail",
        "city": "Gandhinagar",
        "rating": 3.9,
        "footfall": 2425,
        "revenue_index": 0.39,
        "value": 0.321
      }
    },
    {
      "type": "Feature",
      "geometry": {
        "type": "Point",
        "coordinates": [
          72.13735,
          21.78225
        ]
      },
      "properties": {
        "name": "Restaurant #8",
        "type": "restaurant",
        "category": "restaurant",
        "city": "Bhavnagar",
        "rating": 4.0,
        "footfall": 4331,
        "revenue_index": 0.54,
        "value": 0.896
      }
    },
    {
      "type": "Feature",
      "geometry": {
        "type": "Point",
        "coordinates": [
          72.99246,
          21.70368
        ]
      },
      "properties": {
        "name": "Retail #9",
        "type": "retail",
        "category": "retail",
        "city": "Bharuch",
        "rating": 3.3,
        "footfall": 2982,
        "revenue_index": 0.67,
        "value": 0.762
      }
    },
    {
      "type": "Feature",
      "geometry": {
        "type": "Point",
        "coordinates": [
          72.92028,
          22.56945
        ]
      },
      "properties": {
        "name": "Bank #10",
        "type": "bank",
        "category": "bank",
        "city": "Anand",
        "rating": 4.2,
        "footfall": 3923,
        "revenue_index": 0.83,
        "value": 0.312
      }
    },
    {
      "type": "Feature",
      "geometry": {
        "type": "Point",
        "coordinates": [
          73.17333,
          22.32136
        ]
      },
      "properties": {
        "name": "Grocery #11",
        "type": "grocery",
        "category": "grocery",
        "city": "Vadodara",
        "rating": 4.0,
        "footfall": 1292,
        "revenue_index": 0.4,
        "value": 0.32
      }
    },
    {
      "type": "Feature",
      "geometry": {
        "type": "Point",
        "coordinates": [
          72.6444,
          23.21137
        ]
      },
      "properties": {
        "name": "Grocery #12",
        "type": "grocery",
        "category": "grocery",
        "city": "Gandhinagar",
        "rating": 4.1,
        "footfall": 3020,
        "revenue_index": 0.63,
        "value": 0.354
      }
    },
    {
      "type": "Feature",
      "geometry": {
        "type": "Point",
        "coordinates": [
          72.17269,
          21.79466
        ]
      },
      "properties": {
        "name": "Ev Charging #13",
        "type": "ev_charging",
        "category": "ev_charging",
        "city": "Bhavnagar",
        "rating": 4.0,
        "footfall": 3631,
        "revenue_index": 0.42,
        "value": 0.985
      }
    },
    {
      "type": "Feature",
      "geometry": {
        "type": "Point",
        "coordinates": [
          72.16878,
          21.76506
        ]
      },
      "properties": {
        "name": "Restaurant #14",
        "type": "restaurant",
        "category": "restaurant",
        "city": "Bhavnagar",
        "rating": 3.2,
        "footfall": 3389,
        "revenue_index": 0.86,
        "value": 0.567
      }
    },
    {
      "type": "Feature",
      "geometry": {
        "type": "Point",
        "coordinates": [
          72.37367,
          23.60197
        ]
      },
      "properties": {
        "name": "Hotel #15",
        "type": "hotel",
        "category": "hotel",
        "city": "Mehsana",
        "rating": 3.7,
        "footfall": 1753,
        "revenue_index": 0.68,
        "value": 0.628
      }
    },
    {
      "type": "Feature",
      "geometry": {
        "type": "Point",
        "coordinates": [
          72.15332,
          21.77581
        ]
      },
      "properties": {
        "name": "Ev Charging #16",
        "type": "ev_charging",
        "category": "ev_charging",
        "city": "Bhavnagar",
        "rating": 4.4,
        "footfall": 3453,
        "revenue_index": 0.59,
        "value": 0.243
      }
    },
    {
      "type": "Feature",
      "geometry": {
        "type": "Point",
        "coordinates": [
          70.80046,
          22.2883
        ]
      },
      "properties": {
        "name": "Bank #17",
        "type": "bank",
        "category": "bank",
        "city": "Rajkot",
        "rating": 3.4,
        "footfall": 2955,
        "revenue_index": 0.42,
        "value": 0.219
      }
    },
    {
      "type": "Feature",
      "geometry": {
        "type": "Point",
        "coordinates": [
          70.77223,
          22.29014
        ]
      },
      "properties": {
        "name": "Ev Charging #18",
        "type": "ev_charging",
        "category": "ev_charging",
        "city": "Rajkot",
        "rating": 4.1,
        "footfall": 1861,
        "revenue_index": 0.43,
        "value": 0.637
      }
    },
    {
      "type": "Feature",
      "geometry": {
        "type": "Point",
        "coordinates": [
          72.16846,
          21.75948
        ]
      },
      "properties": {
        "name": "Ev Charging #19",
        "type": "ev_charging",
        "category": "ev_charging",
        "city": "Bhavnagar",
        "rating": 3.6,
        "footfall": 3714,
        "revenue_index": 0.47,
        "value": 0.979
      }
    },
    {
      "type": "Feature",
      "geometry": {
        "type": "Point",
        "coordinates": [
          72.62183,
          23.02364
        ]
      },
      "properties": {
        "name": "Ev Charging #20",
        "type": "ev_charging",
        "category": "ev_charging",
        "city": "Ahmedabad",
        "rating": 4.5,
        "footfall": 3744,
        "revenue_index": 0.61,
        "value": 0.241
      }
    },
    {
      "type": "Feature",
      "geometry": {
        "type": "Point",
        "coordinates": [
          72.96764,
          21.69843
        ]
      },
      "properties": {
        "name": "Hotel #21",
        "type": "hotel",
        "category": "hotel",
        "city": "Bharuch",
        "rating": 4.7,
        "footfall": 627,
        "revenue_index": 0.36,
        "value": 0.942
      }
    },
    {
      "type": "Feature",
      "geometry": {
        "type": "Point",
        "coordinates": [
          72.60221,
          23.21964
        ]
      },
      "properties": {
        "name": "Gas Station #22",
        "type": "gas_station",
        "category": "gas_station",
        "city": "Gandhinagar",
        "rating": 4.5,
        "footfall": 654,
        "revenue_index": 0.37,
        "value": 0.896
      }
    },
    {
      "type": "Feature",
      "geometry": {
        "type": "Point",
        "coordinates": [
          72.35231,
          23.57483
        ]
      },
      "properties": {
        "name": "Grocery #23",
        "type": "grocery",
        "category": "grocery",
        "city": "Mehsana",
        "rating": 4.6,
        "footfall": 2926,
        "revenue_index": 0.66,
        "value": 0.258
      }
    },
    {
      "type": "Feature",
      "geometry": {
        "type": "Point",
        "coordinates": [
          72.91204,
          22.56088
        ]
      },
      "properties": {
        "name": "Ev Charging #24",
        "type": "ev_charging",
        "category": "ev_charging",
        "city": "Anand",
        "rating": 3.2,
        "footfall": 3074,
        "revenue_index": 0.48,
        "value": 0.837
      }
    },
    {
      "type": "Feature",
      "geometry": {
        "type": "Point",
        "coordinates": [
          72.82509,
          21.21792
        ]
      },
      "properties": {
        "name": "Bank #25",
        "type": "bank",
        "category": "bank",
        "city": "Surat",
        "rating": 3.5,
        "footfall": 1722,
        "revenue_index": 0.62,
        "value": 0.23
      }
    },
    {
      "type": "Feature",
      "geometry": {
        "type": "Point",
        "coordinates": [
          70.77226,
          22.34017
        ]
      },
      "properties": {
        "name": "Hotel #26",
        "type": "hotel",
        "category": "hotel",
        "city": "Rajkot",
        "rating": 4.8,
        "footfall": 4337,
        "revenue_index": 0.88,
        "value": 0.284
      }
    },
    {
      "type": "Feature",
      "geometry": {
        "type": "Point",
        "coordinates": [
          72.98969,
          21.71837
        ]
      },
      "properties": {
        "name": "Grocery #27",
        "type": "grocery",
        "category": "grocery",
        "city": "Bharuch",
        "rating": 4.7,
        "footfall": 4090,
        "revenue_index": 0.89,
        "value": 0.288
      }
    },
    {
      "type": "Feature",
      "geometry": {
        "type": "Point",
        "coordinates": [
          72.58728,
          22.97905
        ]
      },
      "properties": {
        "name": "Hotel #28",
        "type": "hotel",
        "category": "hotel",
        "city": "Ahmedabad",
        "rating": 4.9,
        "footfall": 897,
        "revenue_index": 0.95,
        "value": 0.522
      }
    },
    {
      "type": "Feature",
      "geometry": {
        "type": "Point",
        "coordinates": [
          73.16829,
          22.30332
        ]
      },
      "properties": {
        "name": "Bank #29",
        "type": "bank",
        "category": "bank",
        "city": "Vadodara",
        "rating": 4.1,
        "footfall": 938,
        "revenue_index": 0.53,
        "value": 0.388
      }
    },
    {
      "type": "Feature",
      "geometry": {
        "type": "Point",
        "coordinates": [
          70.04272,
          22.46139
        ]
      },
      "properties": {
        "name": "Hotel #30",
        "type": "hotel",
        "category": "hotel",
        "city": "Jamnagar",
        "rating": 4.7,
        "footfall": 2874,
        "revenue_index": 0.77,
        "value": 0.392
      }
    },
    {
      "type": "Feature",
      "geometry": {
        "type": "Point",
        "coordinates": [
          70.0458,
          22.48541
        ]
      },
      "properties": {
        "name": "Restaurant #31",
        "type": "restaurant",
        "category": "restaurant",
        "city": "Jamnagar",
        "rating": 3.9,
        "footfall": 1495,
        "revenue_index": 0.65,
        "value": 0.59
      }
    },
    {
      "type": "Feature",
      "geometry": {
        "type": "Point",
        "coordinates": [
          70.77767,
          22.32928
        ]
      },
      "properties": {
        "name": "Hotel #32",
        "type": "hotel",
        "category": "hotel",
        "city": "Rajkot",
        "rating": 4.7,
        "footfall": 2846,
        "revenue_index": 0.82,
        "value": 0.379
      }
    },
    {
      "type": "Feature",
      "geometry": {
        "type": "Point",
        "coordinates": [
          73.01909,
          21.7032
        ]
      },
      "properties": {
        "name": "Gas Station #33",
        "type": "gas_station",
        "category": "gas_station",
        "city": "Bharuch",
        "rating": 3.4,
        "footfall": 3175,
        "revenue_index": 0.81,
        "value": 0.921
      }
    },
    {
      "type": "Feature",
      "geometry": {
        "type": "Point",
        "coordinates": [
          72.90806,
          22.54324
        ]
      },
      "properties": {
        "name": "Hotel #34",
        "type": "hotel",
        "category": "hotel",
        "city": "Anand",
        "rating": 4.9,
        "footfall": 3863,
        "revenue_index": 0.75,
        "value": 0.273
      }
    },
    {
      "type": "Feature",
      "geometry": {
        "type": "Point",
        "coordinates": [
          72.62964,
          22.97132
        ]
      },
      "properties": {
        "name": "Retail #35",
        "type": "retail",
        "category": "retail",
        "city": "Ahmedabad",
        "rating": 4.6,
        "footfall": 3298,
        "revenue_index": 0.38,
        "value": 0.245
      }
    },
    {
      "type": "Feature",
      "geometry": {
        "type": "Point",
        "coordinates": [
          72.60093,
          22.9936
        ]
      },
      "properties": {
        "name": "Gas Station #36",
        "type": "gas_station",
        "category": "gas_station",
        "city": "Ahmedabad",
        "rating": 4.6,
        "footfall": 1676,
        "revenue_index": 0.6,
        "value": 0.729
      }
    },
    {
      "type": "Feature",
      "geometry": {
        "type": "Point",
        "coordinates": [
          72.95911,
          22.56104
        ]
      },
      "properties": {
        "name": "Bank #37",
        "type": "bank",
        "category": "bank",
        "city": "Anand",
        "rating": 3.6,
        "footfall": 2480,
        "revenue_index": 0.86,
        "value": 0.31
      }
    },
    {
      "type": "Feature",
      "geometry": {
        "type": "Point",
        "coordinates": [
          73.17838,
          22.28186
        ]
      },
      "properties": {
        "name": "Restaurant #38",
        "type": "restaurant",
        "category": "restaurant",
        "city": "Vadodara",
        "rating": 3.9,
        "footfall": 4455,
        "revenue_index": 0.38,
        "value": 0.624
      }
    },
    {
      "type": "Feature",
      "geometry": {
        "type": "Point",
        "coordinates": [
          72.52822,
          23.02304
        ]
      },
      "properties": {
        "name": "Gas Station #39",
        "type": "gas_station",
        "category": "gas_station",
        "city": "Ahmedabad",
        "rating": 4.3,
        "footfall": 2516,
        "revenue_index": 0.43,
        "value": 0.955
      }
    },
    {
      "type": "Feature",
      "geometry": {
        "type": "Point",
        "coordinates": [
          70.76515,
          22.3089
        ]
      },
      "properties": {
        "name": "Bank #40",
        "type": "bank",
        "category": "bank",
        "city": "Rajkot",
        "rating": 3.3,
        "footfall": 979,
        "revenue_index": 0.72,
        "value": 0.585
      }
    },
    {
      "type": "Feature",
      "geometry": {
        "type": "Point",
        "coordinates": [
          73.00404,
          21.72377
        ]
      },
      "properties": {
        "name": "Ev Charging #41",
        "type": "ev_charging",
        "category": "ev_charging",
        "city": "Bharuch",
        "rating": 4.6,
        "footfall": 3281,
        "revenue_index": 0.45,
        "value": 0.261
      }
    },
    {
      "type": "Feature",
      "geometry": {
        "type": "Point",
        "coordinates": [
          70.77077,
          22.32998
        ]
      },
      "properties": {
        "name": "Bank #42",
        "type": "bank",
        "category": "bank",
        "city": "Rajkot",
        "rating": 4.1,
        "footfall": 3568,
        "revenue_index": 0.79,
        "value": 0.81
      }
    },
    {
      "type": "Feature",
      "geometry": {
        "type": "Point",
        "coordinates": [
          72.62642,
          22.97197
        ]
      },
      "properties": {
        "name": "Retail #43",
        "type": "retail",
        "category": "retail",
        "city": "Ahmedabad",
        "rating": 3.2,
        "footfall": 2241,
        "revenue_index": 0.84,
        "value": 0.327
      }
    },
    {
      "type": "Feature",
      "geometry": {
        "type": "Point",
        "coordinates": [
          73.17347,
          22.28991
        ]
      },
      "properties": {
        "name": "Grocery #44",
        "type": "grocery",
        "category": "grocery",
        "city": "Vadodara",
        "rating": 4.2,
        "footfall": 2169,
        "revenue_index": 0.68,
        "value": 0.785
      }
    },
    {
      "type": "Feature",
      "geometry": {
        "type": "Point",
        "coordinates": [
          72.84141,
          21.1738
        ]
      },
      "properties": {
        "name": "Restaurant #45",
        "type": "restaurant",
        "category": "restaurant",
        "city": "Surat",
        "rating": 4.6,
        "footfall": 1127,
        "revenue_index": 0.71,
        "value": 0.586
      }
    },
    {
      "type": "Feature",
      "geometry": {
        "type": "Point",
        "coordinates": [
          72.64906,
          23.22053
        ]
      },
      "properties": {
        "name": "Gas Station #46",
        "type": "gas_station",
        "category": "gas_station",
        "city": "Gandhinagar",
        "rating": 3.9,
        "footfall": 637,
        "revenue_index": 0.45,
        "value": 0.845
      }
    },
    {
      "type": "Feature",
      "geometry": {
        "type": "Point",
        "coordinates": [
          72.8231,
          21.1542
        ]
      },
      "properties": {
        "name": "Retail #47",
        "type": "retail",
        "category": "retail",
        "city": "Surat",
        "rating": 3.2,
        "footfall": 2788,
        "revenue_index": 0.37,
        "value": 0.414
      }
    },
    {
      "type": "Feature",
      "geometry": {
        "type": "Point",
        "coordinates": [
          73.17951,
          22.35083
        ]
      },
      "properties": {
        "name": "Gas Station #48",
        "type": "gas_station",
        "category": "gas_station",
        "city": "Vadodara",
        "rating": 3.6,
        "footfall": 1775,
        "revenue_index": 0.54,
        "value": 0.818
      }
    },
    {
      "type": "Feature",
      "geometry": {
        "type": "Point",
        "coordinates": [
          72.39435,
          23.57453
        ]
      },
      "properties": {
        "name": "Hotel #49",
        "type": "hotel",
        "category": "hotel",
        "city": "Mehsana",
        "rating": 4.4,
        "footfall": 2764,
        "revenue_index": 0.49,
        "value": 0.441
      }
    },
    {
      "type": "Feature",
      "geometry": {
        "type": "Point",
        "coordinates": [
          72.63495,
          23.19818
        ]
      },
      "properties": {
        "name": "Hotel #50",
        "type": "hotel",
        "category": "hotel",
        "city": "Gandhinagar",
        "rating": 3.5,
        "footfall": 1342,
        "revenue_index": 0.78,
        "value": 0.209
      }
    },
    {
      "type": "Feature",
      "geometry": {
        "type": "Point",
        "coordinates": [
          72.82076,
          21.11548
        ]
      },
      "properties": {
        "name": "Hotel #51",
        "type": "hotel",
        "category": "hotel",
        "city": "Surat",
        "rating": 4.7,
        "footfall": 2204,
        "revenue_index": 0.48,
        "value": 0.595
      }
    },
    {
      "type": "Feature",
      "geometry": {
        "type": "Point",
        "coordinates": [
          72.37871,
          23.59023
        ]
      },
      "properties": {
        "name": "Gas Station #52",
        "type": "gas_station",
        "category": "gas_station",
        "city": "Mehsana",
        "rating": 4.7,
        "footfall": 3397,
        "revenue_index": 0.88,
        "value": 0.209
      }
    },
    {
      "type": "Feature",
      "geometry": {
        "type": "Point",
        "coordinates": [
          73.16222,
          22.28806
        ]
      },
      "properties": {
        "name": "Bank #53",
        "type": "bank",
        "category": "bank",
        "city": "Vadodara",
        "rating": 3.9,
        "footfall": 3051,
        "revenue_index": 0.72,
        "value": 0.75
      }
    },
    {
      "type": "Feature",
      "geometry": {
        "type": "Point",
        "coordinates": [
          70.77491,
          22.31018
        ]
      },
      "properties": {
        "name": "Bank #54",
        "type": "bank",
        "category": "bank",
        "city": "Rajkot",
        "rating": 4.6,
        "footfall": 153,
        "revenue_index": 0.45,
        "value": 0.243
      }
    },
    {
      "type": "Feature",
      "geometry": {
        "type": "Point",
        "coordinates": [
          72.15177,
          21.78522
        ]
      },
      "properties": {
        "name": "Hotel #55",
        "type": "hotel",
        "category": "hotel",
        "city": "Bhavnagar",
        "rating": 4.7,
        "footfall": 4478,
        "revenue_index": 0.64,
        "value": 0.32
      }
    },
    {
      "type": "Feature",
      "geometry": {
        "type": "Point",
        "coordinates": [
          72.17145,
          21.77409
        ]
      },
      "properties": {
        "name": "Hotel #56",
        "type": "hotel",
        "category": "hotel",
        "city": "Bhavnagar",
        "rating": 4.7,
        "footfall": 2082,
        "revenue_index": 0.54,
        "value": 0.553
      }
    },
    {
      "type": "Feature",
      "geometry": {
        "type": "Point",
        "coordinates": [
          72.84649,
          21.144
        ]
      },
      "properties": {
        "name": "Bank #57",
        "type": "bank",
        "category": "bank",
        "city": "Surat",
        "rating": 4.8,
        "footfall": 2999,
        "revenue_index": 0.64,
        "value": 0.841
      }
    },
    {
      "type": "Feature",
      "geometry": {
        "type": "Point",
        "coordinates": [
          72.16669,
          21.75483
        ]
      },
      "properties": {
        "name": "Retail #58",
        "type": "retail",
        "category": "retail",
        "city": "Bhavnagar",
        "rating": 3.3,
        "footfall": 3986,
        "revenue_index": 0.58,
        "value": 0.378
      }
    },
    {
      "type": "Feature",
      "geometry": {
        "type": "Point",
        "coordinates": [
          70.82656,
          22.31551
        ]
      },
      "properties": {
        "name": "Restaurant #59",
        "type": "restaurant",
        "category": "restaurant",
        "city": "Rajkot",
        "rating": 4.1,
        "footfall": 2486,
        "revenue_index": 0.51,
        "value": 0.892
      }
    },
    {
      "type": "Feature",
      "geometry": {
        "type": "Point",
        "coordinates": [
          72.81969,
          21.18218
        ]
      },
      "properties": {
        "name": "Bank #60",
        "type": "bank",
        "category": "bank",
        "city": "Surat",
        "rating": 4.2,
        "footfall": 1653,
        "revenue_index": 0.72,
        "value": 0.736
      }
    },
    {
      "type": "Feature",
      "geometry": {
        "type": "Point",
        "coordinates": [
          72.38893,
          23.58426
        ]
      },
      "properties": {
        "name": "Bank #61",
        "type": "bank",
        "category": "bank",
        "city": "Mehsana",
        "rating": 3.4,
        "footfall": 4316,
        "revenue_index": 0.66,
        "value": 0.914
      }
    },
    {
      "type": "Feature",
      "geometry": {
        "type": "Point",
        "coordinates": [
          70.05762,
          22.47622
        ]
      },
      "properties": {
        "name": "Ev Charging #62",
        "type": "ev_charging",
        "category": "ev_charging",
        "city": "Jamnagar",
        "rating": 4.9,
        "footfall": 1752,
        "revenue_index": 0.49,
        "value": 0.465
      }
    },
    {
      "type": "Feature",
      "geometry": {
        "type": "Point",
        "coordinates": [
          73.1975,
          22.33704
        ]
      },
      "properties": {
        "name": "Ev Charging #63",
        "type": "ev_charging",
        "category": "ev_charging",
        "city": "Vadodara",
        "rating": 3.3,
        "footfall": 2389,
        "revenue_index": 0.44,
        "value": 0.214
      }
    },
    {
      "type": "Feature",
      "geometry": {
        "type": "Point",
        "coordinates": [
          70.81008,
          22.3043
        ]
      },
      "properties": {
        "name": "Retail #64",
        "type": "retail",
        "category": "retail",
        "city": "Rajkot",
        "rating": 3.7,
        "footfall": 3417,
        "revenue_index": 0.4,
        "value": 0.474
      }
    },
    {
      "type": "Feature",
      "geometry": {
        "type": "Point",
        "coordinates": [
          72.87057,
          21.11897
        ]
      },
      "properties": {
        "name": "Gas Station #65",
        "type": "gas_station",
        "category": "gas_station",
        "city": "Surat",
        "rating": 4.4,
        "footfall": 2898,
        "revenue_index": 0.79,
        "value": 0.256
      }
    },
    {
      "type": "Feature",
      "geometry": {
        "type": "Point",
        "coordinates": [
          72.86946,
          21.16813
        ]
      },
      "properties": {
        "name": "Hotel #66",
        "type": "hotel",
        "category": "hotel",
        "city": "Surat",
        "rating": 4.4,
        "footfall": 3580,
        "revenue_index": 0.47,
        "value": 0.216
      }
    },
    {
      "type": "Feature",
      "geometry": {
        "type": "Point",
        "coordinates": [
          72.93639,
          22.56892
        ]
      },
      "properties": {
        "name": "Hotel #67",
        "type": "hotel",
        "category": "hotel",
        "city": "Anand",
        "rating": 3.5,
        "footfall": 4457,
        "revenue_index": 0.71,
        "value": 0.351
      }
    },
    {
      "type": "Feature",
      "geometry": {
        "type": "Point",
        "coordinates": [
          70.02551,
          22.48367
        ]
      },
      "properties": {
        "name": "Gas Station #68",
        "type": "gas_station",
        "category": "gas_station",
        "city": "Jamnagar",
        "rating": 3.3,
        "footfall": 1463,
        "revenue_index": 0.87,
        "value": 0.469
      }
    },
    {
      "type": "Feature",
      "geometry": {
        "type": "Point",
        "coordinates": [
          73.19003,
          22.32082
        ]
      },
      "properties": {
        "name": "Bank #69",
        "type": "bank",
        "category": "bank",
        "city": "Vadodara",
        "rating": 4.2,
        "footfall": 2429,
        "revenue_index": 0.37,
        "value": 0.949
      }
    },
    {
      "type": "Feature",
      "geometry": {
        "type": "Point",
        "coordinates": [
          73.20762,
          22.28956
        ]
      },
      "properties": {
        "name": "Bank #70",
        "type": "bank",
        "category": "bank",
        "city": "Vadodara",
        "rating": 3.3,
        "footfall": 414,
        "revenue_index": 0.75,
        "value": 0.537
      }
    },
    {
      "type": "Feature",
      "geometry": {
        "type": "Point",
        "coordinates": [
          72.96804,
          21.70058
        ]
      },
      "properties": {
        "name": "Grocery #71",
        "type": "grocery",
        "category": "grocery",
        "city": "Bharuch",
        "rating": 3.5,
        "footfall": 1741,
        "revenue_index": 0.64,
        "value": 0.784
      }
    },
    {
      "type": "Feature",
      "geometry": {
        "type": "Point",
        "coordinates": [
          73.19206,
          22.28796
        ]
      },
      "properties": {
        "name": "Hotel #72",
        "type": "hotel",
        "category": "hotel",
        "city": "Vadodara",
        "rating": 4.1,
        "footfall": 2859,
        "revenue_index": 0.83,
        "value": 0.89
      }
    },
    {
      "type": "Feature",
      "geometry": {
        "type": "Point",
        "coordinates": [
          72.82847,
          21.14194
        ]
      },
      "properties": {
        "name": "Grocery #73",
        "type": "grocery",
        "category": "grocery",
        "city": "Surat",
        "rating": 4.3,
        "footfall": 1443,
        "revenue_index": 0.76,
        "value": 0.403
      }
    },
    {
      "type": "Feature",
      "geometry": {
        "type": "Point",
        "coordinates": [
          72.36232,
          23.5683
        ]
      },
      "properties": {
        "name": "Restaurant #74",
        "type": "restaurant",
        "category": "restaurant",
        "city": "Mehsana",
        "rating": 3.4,
        "footfall": 3843,
        "revenue_index": 0.46,
        "value": 0.36
      }
    },
    {
      "type": "Feature",
      "geometry": {
        "type": "Point",
        "coordinates": [
          70.81835,
          22.34469
        ]
      },
      "properties": {
        "name": "Bank #75",
        "type": "bank",
        "category": "bank",
        "city": "Rajkot",
        "rating": 4.3,
        "footfall": 201,
        "revenue_index": 0.43,
        "value": 0.363
      }
    },
    {
      "type": "Feature",
      "geometry": {
        "type": "Point",
        "coordinates": [
          70.80365,
          22.29171
        ]
      },
      "properties": {
        "name": "Bank #76",
        "type": "bank",
        "category": "bank",
        "city": "Rajkot",
        "rating": 3.6,
        "footfall": 2186,
        "revenue_index": 0.65,
        "value": 0.646
      }
    },
    {
      "type": "Feature",
      "geometry": {
        "type": "Point",
        "coordinates": [
          72.80031,
          21.24799
        ]
      },
      "properties": {
        "name": "Bank #77",
        "type": "bank",
        "category": "bank",
        "city": "Surat",
        "rating": 4.6,
        "footfall": 684,
        "revenue_index": 0.5,
        "value": 0.435
      }
    },
    {
      "type": "Feature",
      "geometry": {
        "type": "Point",
        "coordinates": [
          72.54685,
          22.99377
        ]
      },
      "properties": {
        "name": "Restaurant #78",
        "type": "restaurant",
        "category": "restaurant",
        "city": "Ahmedabad",
        "rating": 4.8,
        "footfall": 758,
        "revenue_index": 0.83,
        "value": 0.876
      }
    },
    {
      "type": "Feature",
      "geometry": {
        "type": "Point",
        "coordinates": [
          72.81869,
          21.1673
        ]
      },
      "properties": {
        "name": "Restaurant #79",
        "type": "restaurant",
        "category": "restaurant",
        "city": "Surat",
        "rating": 4.8,
        "footfall": 3394,
        "revenue_index": 0.9,
        "value": 0.865
      }
    },
    {
      "type": "Feature",
      "geometry": {
        "type": "Point",
        "coordinates": [
          72.52165,
          22.97779
        ]
      },
      "properties": {
        "name": "Bank #80",
        "type": "bank",
        "category": "bank",
        "city": "Ahmedabad",
        "rating": 3.4,
        "footfall": 1053,
        "revenue_index": 0.65,
        "value": 0.714
      }
    },
    {
      "type": "Feature",
      "geometry": {
        "type": "Point",
        "coordinates": [
          72.80528,
          21.17436
        ]
      },
      "properties": {
        "name": "Restaurant #81",
        "type": "restaurant",
        "category": "restaurant",
        "city": "Surat",
        "rating": 4.4,
        "footfall": 3751,
        "revenue_index": 0.7,
        "value": 0.779
      }
    },
    {
      "type": "Feature",
      "geometry": {
        "type": "Point",
        "coordinates": [
          70.81516,
          22.29817
        ]
      },
      "properties": {
        "name": "Bank #82",
        "type": "bank",
        "category": "bank",
        "city": "Rajkot",
        "rating": 4.0,
        "footfall": 2207,
        "revenue_index": 0.75,
        "value": 0.638
      }
    },
    {
      "type": "Feature",
      "geometry": {
        "type": "Point",
        "coordinates": [
          70.83812,
          22.31568
        ]
      },
      "properties": {
        "name": "Restaurant #83",
        "type": "restaurant",
        "category": "restaurant",
        "city": "Rajkot",
        "rating": 4.0,
        "footfall": 2830,
        "revenue_index": 0.68,
        "value": 0.635
      }
    },
    {
      "type": "Feature",
      "geometry": {
        "type": "Point",
        "coordinates": [
          72.75676,
          21.1985
        ]
      },
      "properties": {
        "name": "Ev Charging #84",
        "type": "ev_charging",
        "category": "ev_charging",
        "city": "Surat",
        "rating": 3.7,
        "footfall": 3602,
        "revenue_index": 0.5,
        "value": 0.473
      }
    },
    {
      "type": "Feature",
      "geometry": {
        "type": "Point",
        "coordinates": [
          72.34294,
          23.57766
        ]
      },
      "properties": {
        "name": "Grocery #85",
        "type": "grocery",
        "category": "grocery",
        "city": "Mehsana",
        "rating": 3.5,
        "footfall": 2049,
        "revenue_index": 0.41,
        "value": 0.804
      }
    },
    {
      "type": "Feature",
      "geometry": {
        "type": "Point",
        "coordinates": [
          72.97707,
          21.69854
        ]
      },
      "properties": {
        "name": "Gas Station #86",
        "type": "gas_station",
        "category": "gas_station",
        "city": "Bharuch",
        "rating": 3.5,
        "footfall": 2893,
        "revenue_index": 0.5,
        "value": 0.814
      }
    },
    {
      "type": "Feature",
      "geometry": {
        "type": "Point",
        "coordinates": [
          72.58114,
          23.094
        ]
      },
      "properties": {
        "name": "Ev Charging #87",
        "type": "ev_charging",
        "category": "ev_charging",
        "city": "Ahmedabad",
        "rating": 4.8,
        "footfall": 3621,
        "revenue_index": 0.66,
        "value": 0.287
      }
    },
    {
      "type": "Feature",
      "geometry": {
        "type": "Point",
        "coordinates": [
          73.19038,
          22.27237
        ]
      },
      "properties": {
        "name": "Restaurant #88",
        "type": "restaurant",
        "category": "restaurant",
        "city": "Vadodara",
        "rating": 4.3,
        "footfall": 3384,
        "revenue_index": 0.83,
        "value": 0.747
      }
    },
    {
      "type": "Feature",
      "geometry": {
        "type": "Point",
        "coordinates": [
          72.63381,
          23.22311
        ]
      },
      "properties": {
        "name": "Retail #89",
        "type": "retail",
        "category": "retail",
        "city": "Gandhinagar",
        "rating": 4.6,
        "footfall": 1244,
        "revenue_index": 0.69,
        "value": 0.982
      }
    },
    {
      "type": "Feature",
      "geometry": {
        "type": "Point",
        "coordinates": [
          72.61112,
          23.03925
        ]
      },
      "properties": {
        "name": "Restaurant #90",
        "type": "restaurant",
        "category": "restaurant",
        "city": "Ahmedabad",
        "rating": 4.9,
        "footfall": 3117,
        "revenue_index": 0.51,
        "value": 0.412
      }
    },
    {
      "type": "Feature",
      "geometry": {
        "type": "Point",
        "coordinates": [
          72.93655,
          22.58016
        ]
      },
      "properties": {
        "name": "Gas Station #91",
        "type": "gas_station",
        "category": "gas_station",
        "city": "Anand",
        "rating": 4.8,
        "footfall": 3523,
        "revenue_index": 0.44,
        "value": 0.965
      }
    },
    {
      "type": "Feature",
      "geometry": {
        "type": "Point",
        "coordinates": [
          72.62636,
          23.18251
        ]
      },
      "properties": {
        "name": "Bank #92",
        "type": "bank",
        "category": "bank",
        "city": "Gandhinagar",
        "rating": 4.2,
        "footfall": 2943,
        "revenue_index": 0.76,
        "value": 0.988
      }
    },
    {
      "type": "Feature",
      "geometry": {
        "type": "Point",
        "coordinates": [
          70.0515,
          22.49253
        ]
      },
      "properties": {
        "name": "Restaurant #93",
        "type": "restaurant",
        "category": "restaurant",
        "city": "Jamnagar",
        "rating": 4.7,
        "footfall": 3152,
        "revenue_index": 0.87,
        "value": 0.607
      }
    },
    {
      "type": "Feature",
      "geometry": {
        "type": "Point",
        "coordinates": [
          72.83631,
          21.19936
        ]
      },
      "properties": {
        "name": "Ev Charging #94",
        "type": "ev_charging",
        "category": "ev_charging",
        "city": "Surat",
        "rating": 4.8,
        "footfall": 3176,
        "revenue_index": 0.77,
        "value": 0.684
      }
    },
    {
      "type": "Feature",
      "geometry": {
        "type": "Point",
        "coordinates": [
          72.90538,
          22.56009
        ]
      },
      "properties": {
        "name": "Restaurant #95",
        "type": "restaurant",
        "category": "restaurant",
        "city": "Anand",
        "rating": 4.4,
        "footfall": 1151,
        "revenue_index": 0.53,
        "value": 0.691
      }
    },
    {
      "type": "Feature",
      "geometry": {
        "type": "Point",
        "coordinates": [
          72.98821,
          21.68673
        ]
      },
      "properties": {
        "name": "Grocery #96",
        "type": "grocery",
        "category": "grocery",
        "city": "Bharuch",
        "rating": 4.1,
        "footfall": 4045,
        "revenue_index": 0.94,
        "value": 0.445
      }
    },
    {
      "type": "Feature",
      "geometry": {
        "type": "Point",
        "coordinates": [
          72.97987,
          21.7152
        ]
      },
      "properties": {
        "name": "Gas Station #97",
        "type": "gas_station",
        "category": "gas_station",
        "city": "Bharuch",
        "rating": 3.3,
        "footfall": 3218,
        "revenue_index": 0.54,
        "value": 0.786
      }
    },
    {
      "type": "Feature",
      "geometry": {
        "type": "Point",
        "coordinates": [
          70.75033,
          22.30393
        ]
      },
      "properties": {
        "name": "Ev Charging #98",
        "type": "ev_charging",
        "category": "ev_charging",
        "city": "Rajkot",
        "rating": 4.7,
        "footfall": 2344,
        "revenue_index": 0.54,
        "value": 0.5
      }
    },
    {
      "type": "Feature",
      "geometry": {
        "type": "Point",
        "coordinates": [
          72.99031,
          21.7279
        ]
      },
      "properties": {
        "name": "Hotel #99",
        "type": "hotel",
        "category": "hotel",
        "city": "Bharuch",
        "rating": 3.3,
        "footfall": 3150,
        "revenue_index": 0.67,
        "value": 0.501
      }
    },
    {
      "type": "Feature",
      "geometry": {
        "type": "Point",
        "coordinates": [
          73.1919,
          22.28838
        ]
      },
      "properties": {
        "name": "Grocery #100",
        "type": "grocery",
        "category": "grocery",
        "city": "Vadodara",
        "rating": 4.1,
        "footfall": 3372,
        "revenue_index": 0.65,
        "value": 0.587
      }
    },
    {
      "type": "Feature",
      "geometry": {
        "type": "Point",
        "coordinates": [
          72.3503,
          23.58427
        ]
      },
      "properties": {
        "name": "Retail #101",
        "type": "retail",
        "category": "retail",
        "city": "Mehsana",
        "rating": 4.8,
        "footfall": 1106,
        "revenue_index": 0.35,
        "value": 0.929
      }
    },
    {
      "type": "Feature",
      "geometry": {
        "type": "Point",
        "coordinates": [
          70.80468,
          22.2852
        ]
      },
      "properties": {
        "name": "Restaurant #102",
        "type": "restaurant",
        "category": "restaurant",
        "city": "Rajkot",
        "rating": 3.3,
        "footfall": 1972,
        "revenue_index": 0.38,
        "value": 0.705
      }
    },
    {
      "type": "Feature",
      "geometry": {
        "type": "Point",
        "coordinates": [
          72.94913,
          22.56425
        ]
      },
      "properties": {
        "name": "Hotel #103",
        "type": "hotel",
        "category": "hotel",
        "city": "Anand",
        "rating": 3.9,
        "footfall": 3098,
        "revenue_index": 0.37,
        "value": 0.658
      }
    },
    {
      "type": "Feature",
      "geometry": {
        "type": "Point",
        "coordinates": [
          72.57444,
          22.95172
        ]
      },
      "properties": {
        "name": "Retail #104",
        "type": "retail",
        "category": "retail",
        "city": "Ahmedabad",
        "rating": 4.6,
        "footfall": 4070,
        "revenue_index": 0.59,
        "value": 0.809
      }
    },
    {
      "type": "Feature",
      "geometry": {
        "type": "Point",
        "coordinates": [
          73.17471,
          22.30106
        ]
      },
      "properties": {
        "name": "Restaurant #105",
        "type": "restaurant",
        "category": "restaurant",
        "city": "Vadodara",
        "rating": 4.9,
        "footfall": 1543,
        "revenue_index": 0.42,
        "value": 0.327
      }
    },
    {
      "type": "Feature",
      "geometry": {
        "type": "Point",
        "coordinates": [
          72.63643,
          23.18059
        ]
      },
      "properties": {
        "name": "Hotel #106",
        "type": "hotel",
        "category": "hotel",
        "city": "Gandhinagar",
        "rating": 4.6,
        "footfall": 2579,
        "revenue_index": 0.6,
        "value": 0.387
      }
    },
    {
      "type": "Feature",
      "geometry": {
        "type": "Point",
        "coordinates": [
          72.85385,
          21.1365
        ]
      },
      "properties": {
        "name": "Grocery #107",
        "type": "grocery",
        "category": "grocery",
        "city": "Surat",
        "rating": 4.3,
        "footfall": 4072,
        "revenue_index": 0.62,
        "value": 0.495
      }
    },
    {
      "type": "Feature",
      "geometry": {
        "type": "Point",
        "coordinates": [
          72.63302,
          23.20448
        ]
      },
      "properties": {
        "name": "Bank #108",
        "type": "bank",
        "category": "bank",
        "city": "Gandhinagar",
        "rating": 4.8,
        "footfall": 2439,
        "revenue_index": 0.56,
        "value": 0.704
      }
    },
    {
      "type": "Feature",
      "geometry": {
        "type": "Point",
        "coordinates": [
          73.01618,
          21.70383
        ]
      },
      "properties": {
        "name": "Hotel #109",
        "type": "hotel",
        "category": "hotel",
        "city": "Bharuch",
        "rating": 4.1,
        "footfall": 1731,
        "revenue_index": 0.6,
        "value": 0.528
      }
    },
    {
      "type": "Feature",
      "geometry": {
        "type": "Point",
        "coordinates": [
          72.83302,
          21.16506
        ]
      },
      "properties": {
        "name": "Ev Charging #110",
        "type": "ev_charging",
        "category": "ev_charging",
        "city": "Surat",
        "rating": 4.6,
        "footfall": 3801,
        "revenue_index": 0.55,
        "value": 0.968
      }
    },
    {
      "type": "Feature",
      "geometry": {
        "type": "Point",
        "coordinates": [
          72.63934,
          23.22874
        ]
      },
      "properties": {
        "name": "Grocery #111",
        "type": "grocery",
        "category": "grocery",
        "city": "Gandhinagar",
        "rating": 4.9,
        "footfall": 1801,
        "revenue_index": 0.48,
        "value": 0.843
      }
    },
    {
      "type": "Feature",
      "geometry": {
        "type": "Point",
        "coordinates": [
          72.91586,
          22.54691
        ]
      },
      "properties": {
        "name": "Bank #112",
        "type": "bank",
        "category": "bank",
        "city": "Anand",
        "rating": 3.6,
        "footfall": 713,
        "revenue_index": 0.89,
        "value": 0.601
      }
    },
    {
      "type": "Feature",
      "geometry": {
        "type": "Point",
        "coordinates": [
          72.90585,
          22.56089
        ]
      },
      "properties": {
        "name": "Restaurant #113",
        "type": "restaurant",
        "category": "restaurant",
        "city": "Anand",
        "rating": 4.3,
        "footfall": 1462,
        "revenue_index": 0.45,
        "value": 0.238
      }
    },
    {
      "type": "Feature",
      "geometry": {
        "type": "Point",
        "coordinates": [
          72.57103,
          22.99369
        ]
      },
      "properties": {
        "name": "Hotel #114",
        "type": "hotel",
        "category": "hotel",
        "city": "Ahmedabad",
        "rating": 3.4,
        "footfall": 1328,
        "revenue_index": 0.57,
        "value": 0.667
      }
    },
    {
      "type": "Feature",
      "geometry": {
        "type": "Point",
        "coordinates": [
          73.21877,
          22.31388
        ]
      },
      "properties": {
        "name": "Gas Station #115",
        "type": "gas_station",
        "category": "gas_station",
        "city": "Vadodara",
        "rating": 3.9,
        "footfall": 1058,
        "revenue_index": 0.91,
        "value": 0.967
      }
    },
    {
      "type": "Feature",
      "geometry": {
        "type": "Point",
        "coordinates": [
          72.63047,
          23.23935
        ]
      },
      "properties": {
        "name": "Hotel #116",
        "type": "hotel",
        "category": "hotel",
        "city": "Gandhinagar",
        "rating": 4.1,
        "footfall": 3637,
        "revenue_index": 0.62,
        "value": 0.866
      }
    },
    {
      "type": "Feature",
      "geometry": {
        "type": "Point",
        "coordinates": [
          72.91512,
          22.58649
        ]
      },
      "properties": {
        "name": "Bank #117",
        "type": "bank",
        "category": "bank",
        "city": "Anand",
        "rating": 4.5,
        "footfall": 925,
        "revenue_index": 0.69,
        "value": 0.558
      }
    },
    {
      "type": "Feature",
      "geometry": {
        "type": "Point",
        "coordinates": [
          72.14532,
          21.77612
        ]
      },
      "properties": {
        "name": "Ev Charging #118",
        "type": "ev_charging",
        "category": "ev_charging",
        "city": "Bhavnagar",
        "rating": 3.4,
        "footfall": 3320,
        "revenue_index": 0.52,
        "value": 0.677
      }
    },
    {
      "type": "Feature",
      "geometry": {
        "type": "Point",
        "coordinates": [
          72.38343,
          23.60473
        ]
      },
      "properties": {
        "name": "Retail #119",
        "type": "retail",
        "category": "retail",
        "city": "Mehsana",
        "rating": 4.4,
        "footfall": 908,
        "revenue_index": 0.8,
        "value": 0.818
      }
    },
    {
      "type": "Feature",
      "geometry": {
        "type": "Point",
        "coordinates": [
          70.03346,
          22.48131
        ]
      },
      "properties": {
        "name": "Bank #120",
        "type": "bank",
        "category": "bank",
        "city": "Jamnagar",
        "rating": 3.3,
        "footfall": 801,
        "revenue_index": 0.94,
        "value": 0.864
      }
    },
    {
      "type": "Feature",
      "geometry": {
        "type": "Point",
        "coordinates": [
          72.13286,
          21.77061
        ]
      },
      "properties": {
        "name": "Hotel #121",
        "type": "hotel",
        "category": "hotel",
        "city": "Bhavnagar",
        "rating": 3.4,
        "footfall": 2891,
        "revenue_index": 0.68,
        "value": 0.775
      }
    },
    {
      "type": "Feature",
      "geometry": {
        "type": "Point",
        "coordinates": [
          70.07111,
          22.47648
        ]
      },
      "properties": {
        "name": "Hotel #122",
        "type": "hotel",
        "category": "hotel",
        "city": "Jamnagar",
        "rating": 3.3,
        "footfall": 4319,
        "revenue_index": 0.77,
        "value": 0.61
      }
    },
    {
      "type": "Feature",
      "geometry": {
        "type": "Point",
        "coordinates": [
          73.14674,
          22.30822
        ]
      },
      "properties": {
        "name": "Grocery #123",
        "type": "grocery",
        "category": "grocery",
        "city": "Vadodara",
        "rating": 4.3,
        "footfall": 2178,
        "revenue_index": 0.52,
        "value": 0.483
      }
    },
    {
      "type": "Feature",
      "geometry": {
        "type": "Point",
        "coordinates": [
          72.81008,
          21.17357
        ]
      },
      "properties": {
        "name": "Retail #124",
        "type": "retail",
        "category": "retail",
        "city": "Surat",
        "rating": 4.2,
        "footfall": 3330,
        "revenue_index": 0.36,
        "value": 0.409
      }
    },
    {
      "type": "Feature",
      "geometry": {
        "type": "Point",
        "coordinates": [
          70.81112,
          22.31075
        ]
      },
      "properties": {
        "name": "Bank #125",
        "type": "bank",
        "category": "bank",
        "city": "Rajkot",
        "rating": 4.0,
        "footfall": 4286,
        "revenue_index": 0.58,
        "value": 0.648
      }
    },
    {
      "type": "Feature",
      "geometry": {
        "type": "Point",
        "coordinates": [
          72.65502,
          23.21832
        ]
      },
      "properties": {
        "name": "Hotel #126",
        "type": "hotel",
        "category": "hotel",
        "city": "Gandhinagar",
        "rating": 3.3,
        "footfall": 2891,
        "revenue_index": 0.91,
        "value": 0.561
      }
    },
    {
      "type": "Feature",
      "geometry": {
        "type": "Point",
        "coordinates": [
          72.38312,
          23.57117
        ]
      },
      "properties": {
        "name": "Ev Charging #127",
        "type": "ev_charging",
        "category": "ev_charging",
        "city": "Mehsana",
        "rating": 3.8,
        "footfall": 4321,
        "revenue_index": 0.8,
        "value": 0.249
      }
    },
    {
      "type": "Feature",
      "geometry": {
        "type": "Point",
        "coordinates": [
          72.85648,
          21.11646
        ]
      },
      "properties": {
        "name": "Restaurant #128",
        "type": "restaurant",
        "category": "restaurant",
        "city": "Surat",
        "rating": 3.2,
        "footfall": 2556,
        "revenue_index": 0.51,
        "value": 0.686
      }
    },
    {
      "type": "Feature",
      "geometry": {
        "type": "Point",
        "coordinates": [
          72.13876,
          21.7697
        ]
      },
      "properties": {
        "name": "Grocery #129",
        "type": "grocery",
        "category": "grocery",
        "city": "Bhavnagar",
        "rating": 4.5,
        "footfall": 2739,
        "revenue_index": 0.55,
        "value": 0.887
      }
    },
    {
      "type": "Feature",
      "geometry": {
        "type": "Point",
        "coordinates": [
          72.62886,
          22.98344
        ]
      },
      "properties": {
        "name": "Bank #130",
        "type": "bank",
        "category": "bank",
        "city": "Ahmedabad",
        "rating": 4.8,
        "footfall": 3620,
        "revenue_index": 0.75,
        "value": 0.383
      }
    },
    {
      "type": "Feature",
      "geometry": {
        "type": "Point",
        "coordinates": [
          72.15392,
          21.78064
        ]
      },
      "properties": {
        "name": "Ev Charging #131",
        "type": "ev_charging",
        "category": "ev_charging",
        "city": "Bhavnagar",
        "rating": 4.0,
        "footfall": 1276,
        "revenue_index": 0.42,
        "value": 0.513
      }
    },
    {
      "type": "Feature",
      "geometry": {
        "type": "Point",
        "coordinates": [
          70.07973,
          22.46476
        ]
      },
      "properties": {
        "name": "Restaurant #132",
        "type": "restaurant",
        "category": "restaurant",
        "city": "Jamnagar",
        "rating": 4.0,
        "footfall": 4087,
        "revenue_index": 0.42,
        "value": 0.27
      }
    },
    {
      "type": "Feature",
      "geometry": {
        "type": "Point",
        "coordinates": [
          72.999,
          21.71116
        ]
      },
      "properties": {
        "name": "Ev Charging #133",
        "type": "ev_charging",
        "category": "ev_charging",
        "city": "Bharuch",
        "rating": 3.6,
        "footfall": 295,
        "revenue_index": 0.46,
        "value": 0.62
      }
    },
    {
      "type": "Feature",
      "geometry": {
        "type": "Point",
        "coordinates": [
          72.80484,
          21.15771
        ]
      },
      "properties": {
        "name": "Restaurant #134",
        "type": "restaurant",
        "category": "restaurant",
        "city": "Surat",
        "rating": 4.0,
        "footfall": 1815,
        "revenue_index": 0.81,
        "value": 0.751
      }
    },
    {
      "type": "Feature",
      "geometry": {
        "type": "Point",
        "coordinates": [
          72.64654,
          23.21048
        ]
      },
      "properties": {
        "name": "Restaurant #135",
        "type": "restaurant",
        "category": "restaurant",
        "city": "Gandhinagar",
        "rating": 4.6,
        "footfall": 4399,
        "revenue_index": 0.53,
        "value": 0.773
      }
    },
    {
      "type": "Feature",
      "geometry": {
        "type": "Point",
        "coordinates": [
          70.04224,
          22.48939
        ]
      },
      "properties": {
        "name": "Retail #136",
        "type": "retail",
        "category": "retail",
        "city": "Jamnagar",
        "rating": 4.6,
        "footfall": 1279,
        "revenue_index": 0.52,
        "value": 0.839
      }
    },
    {
      "type": "Feature",
      "geometry": {
        "type": "Point",
        "coordinates": [
          72.17123,
          21.73772
        ]
      },
      "properties": {
        "name": "Hotel #137",
        "type": "hotel",
        "category": "hotel",
        "city": "Bhavnagar",
        "rating": 3.5,
        "footfall": 3533,
        "revenue_index": 0.55,
        "value": 0.714
      }
    },
    {
      "type": "Feature",
      "geometry": {
        "type": "Point",
        "coordinates": [
          73.01579,
          21.70185
        ]
      },
      "properties": {
        "name": "Bank #138",
        "type": "bank",
        "category": "bank",
        "city": "Bharuch",
        "rating": 4.8,
        "footfall": 4334,
        "revenue_index": 0.66,
        "value": 0.961
      }
    },
    {
      "type": "Feature",
      "geometry": {
        "type": "Point",
        "coordinates": [
          72.15561,
          21.76717
        ]
      },
      "properties": {
        "name": "Retail #139",
        "type": "retail",
        "category": "retail",
        "city": "Bhavnagar",
        "rating": 3.6,
        "footfall": 2470,
        "revenue_index": 0.65,
        "value": 0.824
      }
    },
    {
      "type": "Feature",
      "geometry": {
        "type": "Point",
        "coordinates": [
          72.98992,
          21.72033
        ]
      },
      "properties": {
        "name": "Ev Charging #140",
        "type": "ev_charging",
        "category": "ev_charging",
        "city": "Bharuch",
        "rating": 4.4,
        "footfall": 3064,
        "revenue_index": 0.8,
        "value": 0.6
      }
    },
    {
      "type": "Feature",
      "geometry": {
        "type": "Point",
        "coordinates": [
          70.7875,
          22.27717
        ]
      },
      "properties": {
        "name": "Bank #141",
        "type": "bank",
        "category": "bank",
        "city": "Rajkot",
        "rating": 4.5,
        "footfall": 4077,
        "revenue_index": 0.37,
        "value": 0.894
      }
    },
    {
      "type": "Feature",
      "geometry": {
        "type": "Point",
        "coordinates": [
          73.20386,
          22.29667
        ]
      },
      "properties": {
        "name": "Retail #142",
        "type": "retail",
        "category": "retail",
        "city": "Vadodara",
        "rating": 3.8,
        "footfall": 746,
        "revenue_index": 0.4,
        "value": 0.546
      }
    },
    {
      "type": "Feature",
      "geometry": {
        "type": "Point",
        "coordinates": [
          72.56121,
          22.99949
        ]
      },
      "properties": {
        "name": "Hotel #143",
        "type": "hotel",
        "category": "hotel",
        "city": "Ahmedabad",
        "rating": 4.4,
        "footfall": 3461,
        "revenue_index": 0.76,
        "value": 0.924
      }
    },
    {
      "type": "Feature",
      "geometry": {
        "type": "Point",
        "coordinates": [
          72.81349,
          21.17006
        ]
      },
      "properties": {
        "name": "Restaurant #144",
        "type": "restaurant",
        "category": "restaurant",
        "city": "Surat",
        "rating": 4.0,
        "footfall": 743,
        "revenue_index": 0.47,
        "value": 0.781
      }
    },
    {
      "type": "Feature",
      "geometry": {
        "type": "Point",
        "coordinates": [
          72.90422,
          22.56008
        ]
      },
      "properties": {
        "name": "Retail #145",
        "type": "retail",
        "category": "retail",
        "city": "Anand",
        "rating": 3.8,
        "footfall": 3105,
        "revenue_index": 0.62,
        "value": 0.616
      }
    },
    {
      "type": "Feature",
      "geometry": {
        "type": "Point",
        "coordinates": [
          72.16237,
          21.78102
        ]
      },
      "properties": {
        "name": "Retail #146",
        "type": "retail",
        "category": "retail",
        "city": "Bhavnagar",
        "rating": 4.0,
        "footfall": 3013,
        "revenue_index": 0.79,
        "value": 0.912
      }
    },
    {
      "type": "Feature",
      "geometry": {
        "type": "Point",
        "coordinates": [
          73.15745,
          22.30351
        ]
      },
      "properties": {
        "name": "Retail #147",
        "type": "retail",
        "category": "retail",
        "city": "Vadodara",
        "rating": 4.2,
        "footfall": 1684,
        "revenue_index": 0.47,
        "value": 0.682
      }
    },
    {
      "type": "Feature",
      "geometry": {
        "type": "Point",
        "coordinates": [
          70.80864,
          22.28171
        ]
      },
      "properties": {
        "name": "Hotel #148",
        "type": "hotel",
        "category": "hotel",
        "city": "Rajkot",
        "rating": 4.8,
        "footfall": 651,
        "revenue_index": 0.85,
        "value": 0.932
      }
    },
    {
      "type": "Feature",
      "geometry": {
        "type": "Point",
        "coordinates": [
          70.07411,
          22.46109
        ]
      },
      "properties": {
        "name": "Grocery #149",
        "type": "grocery",
        "category": "grocery",
        "city": "Jamnagar",
        "rating": 4.5,
        "footfall": 903,
        "revenue_index": 0.56,
        "value": 0.526
      }
    },
    {
      "type": "Feature",
      "geometry": {
        "type": "Point",
        "coordinates": [
          72.14863,
          21.77613
        ]
      },
      "properties": {
        "name": "Hotel #150",
        "type": "hotel",
        "category": "hotel",
        "city": "Bhavnagar",
        "rating": 4.1,
        "footfall": 4380,
        "revenue_index": 0.78,
        "value": 0.519
      }
    },
    {
      "type": "Feature",
      "geometry": {
        "type": "Point",
        "coordinates": [
          72.36172,
          23.60077
        ]
      },
      "properties": {
        "name": "Gas Station #151",
        "type": "gas_station",
        "category": "gas_station",
        "city": "Mehsana",
        "rating": 4.3,
        "footfall": 173,
        "revenue_index": 0.87,
        "value": 0.294
      }
    },
    {
      "type": "Feature",
      "geometry": {
        "type": "Point",
        "coordinates": [
          72.15001,
          21.77207
        ]
      },
      "properties": {
        "name": "Hotel #152",
        "type": "hotel",
        "category": "hotel",
        "city": "Bhavnagar",
        "rating": 4.3,
        "footfall": 2702,
        "revenue_index": 0.44,
        "value": 0.41
      }
    },
    {
      "type": "Feature",
      "geometry": {
        "type": "Point",
        "coordinates": [
          72.37316,
          23.5929
        ]
      },
      "properties": {
        "name": "Hotel #153",
        "type": "hotel",
        "category": "hotel",
        "city": "Mehsana",
        "rating": 4.4,
        "footfall": 3229,
        "revenue_index": 0.75,
        "value": 0.901
      }
    },
    {
      "type": "Feature",
      "geometry": {
        "type": "Point",
        "coordinates": [
          72.63669,
          23.22558
        ]
      },
      "properties": {
        "name": "Gas Station #154",
        "type": "gas_station",
        "category": "gas_station",
        "city": "Gandhinagar",
        "rating": 4.8,
        "footfall": 537,
        "revenue_index": 0.57,
        "value": 0.807
      }
    },
    {
      "type": "Feature",
      "geometry": {
        "type": "Point",
        "coordinates": [
          73.01656,
          21.71811
        ]
      },
      "properties": {
        "name": "Grocery #155",
        "type": "grocery",
        "category": "grocery",
        "city": "Bharuch",
        "rating": 3.9,
        "footfall": 1032,
        "revenue_index": 0.81,
        "value": 0.522
      }
    },
    {
      "type": "Feature",
      "geometry": {
        "type": "Point",
        "coordinates": [
          72.98084,
          21.69569
        ]
      },
      "properties": {
        "name": "Restaurant #156",
        "type": "restaurant",
        "category": "restaurant",
        "city": "Bharuch",
        "rating": 3.7,
        "footfall": 2018,
        "revenue_index": 0.65,
        "value": 0.665
      }
    },
    {
      "type": "Feature",
      "geometry": {
        "type": "Point",
        "coordinates": [
          72.38166,
          23.58719
        ]
      },
      "properties": {
        "name": "Bank #157",
        "type": "bank",
        "category": "bank",
        "city": "Mehsana",
        "rating": 3.9,
        "footfall": 469,
        "revenue_index": 0.66,
        "value": 0.465
      }
    },
    {
      "type": "Feature",
      "geometry": {
        "type": "Point",
        "coordinates": [
          72.65181,
          23.23594
        ]
      },
      "properties": {
        "name": "Ev Charging #158",
        "type": "ev_charging",
        "category": "ev_charging",
        "city": "Gandhinagar",
        "rating": 4.7,
        "footfall": 4264,
        "revenue_index": 0.38,
        "value": 0.84
      }
    },
    {
      "type": "Feature",
      "geometry": {
        "type": "Point",
        "coordinates": [
          73.15993,
          22.29781
        ]
      },
      "properties": {
        "name": "Gas Station #159",
        "type": "gas_station",
        "category": "gas_station",
        "city": "Vadodara",
        "rating": 4.4,
        "footfall": 3330,
        "revenue_index": 0.51,
        "value": 0.501
      }
    },
    {
      "type": "Feature",
      "geometry": {
        "type": "Point",
        "coordinates": [
          70.79743,
          22.34263
        ]
      },
      "properties": {
        "name": "Hotel #160",
        "type": "hotel",
        "category": "hotel",
        "city": "Rajkot",
        "rating": 3.6,
        "footfall": 2644,
        "revenue_index": 0.63,
        "value": 0.38
      }
    },
    {
      "type": "Feature",
      "geometry": {
        "type": "Point",
        "coordinates": [
          70.78261,
          22.31737
        ]
      },
      "properties": {
        "name": "Hotel #161",
        "type": "hotel",
        "category": "hotel",
        "city": "Rajkot",
        "rating": 4.0,
        "footfall": 2976,
        "revenue_index": 0.92,
        "value": 0.588
      }
    },
    {
      "type": "Feature",
      "geometry": {
        "type": "Point",
        "coordinates": [
          73.14468,
          22.34057
        ]
      },
      "properties": {
        "name": "Bank #162",
        "type": "bank",
        "category": "bank",
        "city": "Vadodara",
        "rating": 3.9,
        "footfall": 1088,
        "revenue_index": 0.95,
        "value": 0.974
      }
    },
    {
      "type": "Feature",
      "geometry": {
        "type": "Point",
        "coordinates": [
          72.8384,
          21.14689
        ]
      },
      "properties": {
        "name": "Restaurant #163",
        "type": "restaurant",
        "category": "restaurant",
        "city": "Surat",
        "rating": 4.8,
        "footfall": 3493,
        "revenue_index": 0.52,
        "value": 0.329
      }
    },
    {
      "type": "Feature",
      "geometry": {
        "type": "Point",
        "coordinates": [
          72.59263,
          23.00134
        ]
      },
      "properties": {
        "name": "Gas Station #164",
        "type": "gas_station",
        "category": "gas_station",
        "city": "Ahmedabad",
        "rating": 4.5,
        "footfall": 3480,
        "revenue_index": 0.83,
        "value": 0.392
      }
    },
    {
      "type": "Feature",
      "geometry": {
        "type": "Point",
        "coordinates": [
          72.87914,
          21.17158
        ]
      },
      "properties": {
        "name": "Grocery #165",
        "type": "grocery",
        "category": "grocery",
        "city": "Surat",
        "rating": 3.4,
        "footfall": 4241,
        "revenue_index": 0.51,
        "value": 0.341
      }
    },
    {
      "type": "Feature",
      "geometry": {
        "type": "Point",
        "coordinates": [
          70.05458,
          22.45606
        ]
      },
      "properties": {
        "name": "Ev Charging #166",
        "type": "ev_charging",
        "category": "ev_charging",
        "city": "Jamnagar",
        "rating": 4.6,
        "footfall": 2626,
        "revenue_index": 0.5,
        "value": 0.962
      }
    },
    {
      "type": "Feature",
      "geometry": {
        "type": "Point",
        "coordinates": [
          72.81695,
          21.15866
        ]
      },
      "properties": {
        "name": "Ev Charging #167",
        "type": "ev_charging",
        "category": "ev_charging",
        "city": "Surat",
        "rating": 4.2,
        "footfall": 2300,
        "revenue_index": 0.7,
        "value": 0.658
      }
    },
    {
      "type": "Feature",
      "geometry": {
        "type": "Point",
        "coordinates": [
          72.5809,
          23.00975
        ]
      },
      "properties": {
        "name": "Retail #168",
        "type": "retail",
        "category": "retail",
        "city": "Ahmedabad",
        "rating": 4.8,
        "footfall": 2020,
        "revenue_index": 0.72,
        "value": 0.872
      }
    },
    {
      "type": "Feature",
      "geometry": {
        "type": "Point",
        "coordinates": [
          72.36422,
          23.58431
        ]
      },
      "properties": {
        "name": "Gas Station #169",
        "type": "gas_station",
        "category": "gas_station",
        "city": "Mehsana",
        "rating": 4.1,
        "footfall": 2569,
        "revenue_index": 0.49,
        "value": 0.263
      }
    },
    {
      "type": "Feature",
      "geometry": {
        "type": "Point",
        "coordinates": [
          73.18734,
          22.29581
        ]
      },
      "properties": {
        "name": "Grocery #170",
        "type": "grocery",
        "category": "grocery",
        "city": "Vadodara",
        "rating": 3.8,
        "footfall": 252,
        "revenue_index": 0.76,
        "value": 0.865
      }
    },
    {
      "type": "Feature",
      "geometry": {
        "type": "Point",
        "coordinates": [
          72.16669,
          21.78006
        ]
      },
      "properties": {
        "name": "Bank #171",
        "type": "bank",
        "category": "bank",
        "city": "Bhavnagar",
        "rating": 4.2,
        "footfall": 4229,
        "revenue_index": 0.38,
        "value": 0.806
      }
    },
    {
      "type": "Feature",
      "geometry": {
        "type": "Point",
        "coordinates": [
          72.9784,
          21.70533
        ]
      },
      "properties": {
        "name": "Retail #172",
        "type": "retail",
        "category": "retail",
        "city": "Bharuch",
        "rating": 3.9,
        "footfall": 3951,
        "revenue_index": 0.63,
        "value": 0.603
      }
    },
    {
      "type": "Feature",
      "geometry": {
        "type": "Point",
        "coordinates": [
          72.15044,
          21.78996
        ]
      },
      "properties": {
        "name": "Ev Charging #173",
        "type": "ev_charging",
        "category": "ev_charging",
        "city": "Bhavnagar",
        "rating": 3.7,
        "footfall": 3246,
        "revenue_index": 0.56,
        "value": 0.52
      }
    },
    {
      "type": "Feature",
      "geometry": {
        "type": "Point",
        "coordinates": [
          73.17625,
          22.29639
        ]
      },
      "properties": {
        "name": "Hotel #174",
        "type": "hotel",
        "category": "hotel",
        "city": "Vadodara",
        "rating": 3.5,
        "footfall": 2304,
        "revenue_index": 0.53,
        "value": 0.274
      }
    },
    {
      "type": "Feature",
      "geometry": {
        "type": "Point",
        "coordinates": [
          72.36584,
          23.60322
        ]
      },
      "properties": {
        "name": "Bank #175",
        "type": "bank",
        "category": "bank",
        "city": "Mehsana",
        "rating": 4.1,
        "footfall": 953,
        "revenue_index": 0.45,
        "value": 0.826
      }
    },
    {
      "type": "Feature",
      "geometry": {
        "type": "Point",
        "coordinates": [
          72.3845,
          23.58861
        ]
      },
      "properties": {
        "name": "Bank #176",
        "type": "bank",
        "category": "bank",
        "city": "Mehsana",
        "rating": 3.3,
        "footfall": 3554,
        "revenue_index": 0.47,
        "value": 0.593
      }
    },
    {
      "type": "Feature",
      "geometry": {
        "type": "Point",
        "coordinates": [
          70.08653,
          22.48198
        ]
      },
      "properties": {
        "name": "Gas Station #177",
        "type": "gas_station",
        "category": "gas_station",
        "city": "Jamnagar",
        "rating": 3.7,
        "footfall": 3470,
        "revenue_index": 0.78,
        "value": 0.53
      }
    },
    {
      "type": "Feature",
      "geometry": {
        "type": "Point",
        "coordinates": [
          72.37609,
          23.57257
        ]
      },
      "properties": {
        "name": "Bank #178",
        "type": "bank",
        "category": "bank",
        "city": "Mehsana",
        "rating": 4.8,
        "footfall": 3677,
        "revenue_index": 0.62,
        "value": 0.371
      }
    },
    {
      "type": "Feature",
      "geometry": {
        "type": "Point",
        "coordinates": [
          73.17637,
          22.32153
        ]
      },
      "properties": {
        "name": "Retail #179",
        "type": "retail",
        "category": "retail",
        "city": "Vadodara",
        "rating": 3.3,
        "footfall": 1020,
        "revenue_index": 0.42,
        "value": 0.718
      }
    },
    {
      "type": "Feature",
      "geometry": {
        "type": "Point",
        "coordinates": [
          70.03623,
          22.46927
        ]
      },
      "properties": {
        "name": "Restaurant #180",
        "type": "restaurant",
        "category": "restaurant",
        "city": "Jamnagar",
        "rating": 4.3,
        "footfall": 4462,
        "revenue_index": 0.35,
        "value": 0.306
      }
    },
    {
      "type": "Feature",
      "geometry": {
        "type": "Point",
        "coordinates": [
          72.13617,
          21.76371
        ]
      },
      "properties": {
        "name": "Retail #181",
        "type": "retail",
        "category": "retail",
        "city": "Bhavnagar",
        "rating": 3.9,
        "footfall": 2951,
        "revenue_index": 0.5,
        "value": 0.437
      }
    },
    {
      "type": "Feature",
      "geometry": {
        "type": "Point",
        "coordinates": [
          72.94252,
          22.57457
        ]
      },
      "properties": {
        "name": "Ev Charging #182",
        "type": "ev_charging",
        "category": "ev_charging",
        "city": "Anand",
        "rating": 3.3,
        "footfall": 2035,
        "revenue_index": 0.83,
        "value": 0.845
      }
    },
    {
      "type": "Feature",
      "geometry": {
        "type": "Point",
        "coordinates": [
          72.91371,
          22.5535
        ]
      },
      "properties": {
        "name": "Restaurant #183",
        "type": "restaurant",
        "category": "restaurant",
        "city": "Anand",
        "rating": 4.4,
        "footfall": 443,
        "revenue_index": 0.94,
        "value": 0.496
      }
    },
    {
      "type": "Feature",
      "geometry": {
        "type": "Point",
        "coordinates": [
          73.1613,
          22.30447
        ]
      },
      "properties": {
        "name": "Restaurant #184",
        "type": "restaurant",
        "category": "restaurant",
        "city": "Vadodara",
        "rating": 4.1,
        "footfall": 813,
        "revenue_index": 0.64,
        "value": 0.38
      }
    },
    {
      "type": "Feature",
      "geometry": {
        "type": "Point",
        "coordinates": [
          72.55472,
          22.99464
        ]
      },
      "properties": {
        "name": "Hotel #185",
        "type": "hotel",
        "category": "hotel",
        "city": "Ahmedabad",
        "rating": 4.0,
        "footfall": 2524,
        "revenue_index": 0.61,
        "value": 0.468
      }
    },
    {
      "type": "Feature",
      "geometry": {
        "type": "Point",
        "coordinates": [
          70.78876,
          22.31422
        ]
      },
      "properties": {
        "name": "Hotel #186",
        "type": "hotel",
        "category": "hotel",
        "city": "Rajkot",
        "rating": 3.5,
        "footfall": 281,
        "revenue_index": 0.5,
        "value": 0.716
      }
    },
    {
      "type": "Feature",
      "geometry": {
        "type": "Point",
        "coordinates": [
          72.85683,
          21.15303
        ]
      },
      "properties": {
        "name": "Hotel #187",
        "type": "hotel",
        "category": "hotel",
        "city": "Surat",
        "rating": 3.9,
        "footfall": 1443,
        "revenue_index": 0.44,
        "value": 0.819
      }
    },
    {
      "type": "Feature",
      "geometry": {
        "type": "Point",
        "coordinates": [
          72.84474,
          21.15303
        ]
      },
      "properties": {
        "name": "Restaurant #188",
        "type": "restaurant",
        "category": "restaurant",
        "city": "Surat",
        "rating": 3.7,
        "footfall": 424,
        "revenue_index": 0.44,
        "value": 0.523
      }
    },
    {
      "type": "Feature",
      "geometry": {
        "type": "Point",
        "coordinates": [
          73.15635,
          22.31386
        ]
      },
      "properties": {
        "name": "Hotel #189",
        "type": "hotel",
        "category": "hotel",
        "city": "Vadodara",
        "rating": 4.0,
        "footfall": 596,
        "revenue_index": 0.61,
        "value": 0.521
      }
    },
    {
      "type": "Feature",
      "geometry": {
        "type": "Point",
        "coordinates": [
          72.15475,
          21.78443
        ]
      },
      "properties": {
        "name": "Bank #190",
        "type": "bank",
        "category": "bank",
        "city": "Bhavnagar",
        "rating": 4.8,
        "footfall": 2464,
        "revenue_index": 0.58,
        "value": 0.544
      }
    },
    {
      "type": "Feature",
      "geometry": {
        "type": "Point",
        "coordinates": [
          72.97276,
          21.69752
        ]
      },
      "properties": {
        "name": "Restaurant #191",
        "type": "restaurant",
        "category": "restaurant",
        "city": "Bharuch",
        "rating": 3.3,
        "footfall": 1442,
        "revenue_index": 0.68,
        "value": 0.818
      }
    },
    {
      "type": "Feature",
      "geometry": {
        "type": "Point",
        "coordinates": [
          72.93277,
          22.55528
        ]
      },
      "properties": {
        "name": "Gas Station #192",
        "type": "gas_station",
        "category": "gas_station",
        "city": "Anand",
        "rating": 3.6,
        "footfall": 1179,
        "revenue_index": 0.85,
        "value": 0.725
      }
    },
    {
      "type": "Feature",
      "geometry": {
        "type": "Point",
        "coordinates": [
          72.91789,
          22.57732
        ]
      },
      "properties": {
        "name": "Hotel #193",
        "type": "hotel",
        "category": "hotel",
        "city": "Anand",
        "rating": 4.7,
        "footfall": 3527,
        "revenue_index": 0.54,
        "value": 0.351
      }
    },
    {
      "type": "Feature",
      "geometry": {
        "type": "Point",
        "coordinates": [
          70.04994,
          22.44628
        ]
      },
      "properties": {
        "name": "Gas Station #194",
        "type": "gas_station",
        "category": "gas_station",
        "city": "Jamnagar",
        "rating": 4.8,
        "footfall": 3629,
        "revenue_index": 0.75,
        "value": 0.209
      }
    },
    {
      "type": "Feature",
      "geometry": {
        "type": "Point",
        "coordinates": [
          70.81779,
          22.31119
        ]
      },
      "properties": {
        "name": "Gas Station #195",
        "type": "gas_station",
        "category": "gas_station",
        "city": "Rajkot",
        "rating": 3.4,
        "footfall": 3072,
        "revenue_index": 0.4,
        "value": 0.826
      }
    },
    {
      "type": "Feature",
      "geometry": {
        "type": "Point",
        "coordinates": [
          72.53979,
          23.04442
        ]
      },
      "properties": {
        "name": "Gas Station #196",
        "type": "gas_station",
        "category": "gas_station",
        "city": "Ahmedabad",
        "rating": 4.8,
        "footfall": 1395,
        "revenue_index": 0.87,
        "value": 0.307
      }
    },
    {
      "type": "Feature",
      "geometry": {
        "type": "Point",
        "coordinates": [
          72.78821,
          21.17698
        ]
      },
      "properties": {
        "name": "Grocery #197",
        "type": "grocery",
        "category": "grocery",
        "city": "Surat",
        "rating": 3.9,
        "footfall": 3431,
        "revenue_index": 0.76,
        "value": 0.635
      }
    },
    {
      "type": "Feature",
      "geometry": {
        "type": "Point",
        "coordinates": [
          72.93954,
          22.5644
        ]
      },
      "properties": {
        "name": "Restaurant #198",
        "type": "restaurant",
        "category": "restaurant",
        "city": "Anand",
        "rating": 3.9,
        "footfall": 3543,
        "revenue_index": 0.76,
        "value": 0.949
      }
    },
    {
      "type": "Feature",
      "geometry": {
        "type": "Point",
        "coordinates": [
          72.15892,
          21.76244
        ]
      },
      "properties": {
        "name": "Gas Station #199",
        "type": "gas_station",
        "category": "gas_station",
        "city": "Bhavnagar",
        "rating": 4.6,
        "footfall": 3675,
        "revenue_index": 0.56,
        "value": 0.707
      }
    },
    {
      "type": "Feature",
      "geometry": {
        "type": "Point",
        "coordinates": [
          72.35433,
          23.57759
        ]
      },
      "properties": {
        "name": "Bank #200",
        "type": "bank",
        "category": "bank",
        "city": "Mehsana",
        "rating": 3.9,
        "footfall": 1767,
        "revenue_index": 0.57,
        "value": 0.6
      }
    },
    {
      "type": "Feature",
      "geometry": {
        "type": "Point",
        "coordinates": [
          72.58696,
          23.02056
        ]
      },
      "properties": {
        "name": "Grocery #201",
        "type": "grocery",
        "category": "grocery",
        "city": "Ahmedabad",
        "rating": 3.5,
        "footfall": 1716,
        "revenue_index": 0.56,
        "value": 0.912
      }
    },
    {
      "type": "Feature",
      "geometry": {
        "type": "Point",
        "coordinates": [
          72.14099,
          21.73597
        ]
      },
      "properties": {
        "name": "Bank #202",
        "type": "bank",
        "category": "bank",
        "city": "Bhavnagar",
        "rating": 4.6,
        "footfall": 2307,
        "revenue_index": 0.36,
        "value": 0.282
      }
    },
    {
      "type": "Feature",
      "geometry": {
        "type": "Point",
        "coordinates": [
          72.34529,
          23.59051
        ]
      },
      "properties": {
        "name": "Gas Station #203",
        "type": "gas_station",
        "category": "gas_station",
        "city": "Mehsana",
        "rating": 4.2,
        "footfall": 2082,
        "revenue_index": 0.89,
        "value": 0.825
      }
    },
    {
      "type": "Feature",
      "geometry": {
        "type": "Point",
        "coordinates": [
          72.1569,
          21.78938
        ]
      },
      "properties": {
        "name": "Bank #204",
        "type": "bank",
        "category": "bank",
        "city": "Bhavnagar",
        "rating": 4.5,
        "footfall": 2489,
        "revenue_index": 0.93,
        "value": 0.866
      }
    },
    {
      "type": "Feature",
      "geometry": {
        "type": "Point",
        "coordinates": [
          72.82086,
          21.13321
        ]
      },
      "properties": {
        "name": "Restaurant #205",
        "type": "restaurant",
        "category": "restaurant",
        "city": "Surat",
        "rating": 3.6,
        "footfall": 987,
        "revenue_index": 0.36,
        "value": 0.983
      }
    },
    {
      "type": "Feature",
      "geometry": {
        "type": "Point",
        "coordinates": [
          70.79791,
          22.31997
        ]
      },
      "properties": {
        "name": "Retail #206",
        "type": "retail",
        "category": "retail",
        "city": "Rajkot",
        "rating": 4.2,
        "footfall": 1135,
        "revenue_index": 0.43,
        "value": 0.903
      }
    },
    {
      "type": "Feature",
      "geometry": {
        "type": "Point",
        "coordinates": [
          70.04768,
          22.47815
        ]
      },
      "properties": {
        "name": "Restaurant #207",
        "type": "restaurant",
        "category": "restaurant",
        "city": "Jamnagar",
        "rating": 4.6,
        "footfall": 3781,
        "revenue_index": 0.56,
        "value": 0.264
      }
    },
    {
      "type": "Feature",
      "geometry": {
        "type": "Point",
        "coordinates": [
          72.93395,
          22.5869
        ]
      },
      "properties": {
        "name": "Ev Charging #208",
        "type": "ev_charging",
        "category": "ev_charging",
        "city": "Anand",
        "rating": 3.8,
        "footfall": 1633,
        "revenue_index": 0.9,
        "value": 0.3
      }
    },
    {
      "type": "Feature",
      "geometry": {
        "type": "Point",
        "coordinates": [
          70.08404,
          22.45598
        ]
      },
      "properties": {
        "name": "Hotel #209",
        "type": "hotel",
        "category": "hotel",
        "city": "Jamnagar",
        "rating": 3.6,
        "footfall": 2532,
        "revenue_index": 0.36,
        "value": 0.37
      }
    },
    {
      "type": "Feature",
      "geometry": {
        "type": "Point",
        "coordinates": [
          72.97155,
          21.7095
        ]
      },
      "properties": {
        "name": "Retail #210",
        "type": "retail",
        "category": "retail",
        "city": "Bharuch",
        "rating": 4.2,
        "footfall": 1836,
        "revenue_index": 0.87,
        "value": 0.597
      }
    },
    {
      "type": "Feature",
      "geometry": {
        "type": "Point",
        "coordinates": [
          72.51424,
          23.00676
        ]
      },
      "properties": {
        "name": "Gas Station #211",
        "type": "gas_station",
        "category": "gas_station",
        "city": "Ahmedabad",
        "rating": 4.2,
        "footfall": 2182,
        "revenue_index": 0.43,
        "value": 0.39
      }
    },
    {
      "type": "Feature",
      "geometry": {
        "type": "Point",
        "coordinates": [
          72.16336,
          21.78646
        ]
      },
      "properties": {
        "name": "Retail #212",
        "type": "retail",
        "category": "retail",
        "city": "Bhavnagar",
        "rating": 4.3,
        "footfall": 2825,
        "revenue_index": 0.75,
        "value": 0.592
      }
    },
    {
      "type": "Feature",
      "geometry": {
        "type": "Point",
        "coordinates": [
          73.01741,
          21.69676
        ]
      },
      "properties": {
        "name": "Bank #213",
        "type": "bank",
        "category": "bank",
        "city": "Bharuch",
        "rating": 3.8,
        "footfall": 371,
        "revenue_index": 0.59,
        "value": 0.972
      }
    },
    {
      "type": "Feature",
      "geometry": {
        "type": "Point",
        "coordinates": [
          73.20481,
          22.25661
        ]
      },
      "properties": {
        "name": "Grocery #214",
        "type": "grocery",
        "category": "grocery",
        "city": "Vadodara",
        "rating": 4.7,
        "footfall": 820,
        "revenue_index": 0.59,
        "value": 0.534
      }
    },
    {
      "type": "Feature",
      "geometry": {
        "type": "Point",
        "coordinates": [
          72.64553,
          23.20235
        ]
      },
      "properties": {
        "name": "Retail #215",
        "type": "retail",
        "category": "retail",
        "city": "Gandhinagar",
        "rating": 4.4,
        "footfall": 307,
        "revenue_index": 0.61,
        "value": 0.465
      }
    },
    {
      "type": "Feature",
      "geometry": {
        "type": "Point",
        "coordinates": [
          72.59427,
          23.01777
        ]
      },
      "properties": {
        "name": "Restaurant #216",
        "type": "restaurant",
        "category": "restaurant",
        "city": "Ahmedabad",
        "rating": 4.5,
        "footfall": 3227,
        "revenue_index": 0.47,
        "value": 0.954
      }
    },
    {
      "type": "Feature",
      "geometry": {
        "type": "Point",
        "coordinates": [
          72.51284,
          22.99788
        ]
      },
      "properties": {
        "name": "Ev Charging #217",
        "type": "ev_charging",
        "category": "ev_charging",
        "city": "Ahmedabad",
        "rating": 4.6,
        "footfall": 1291,
        "revenue_index": 0.75,
        "value": 0.394
      }
    },
    {
      "type": "Feature",
      "geometry": {
        "type": "Point",
        "coordinates": [
          72.60535,
          23.22589
        ]
      },
      "properties": {
        "name": "Ev Charging #218",
        "type": "ev_charging",
        "category": "ev_charging",
        "city": "Gandhinagar",
        "rating": 4.4,
        "footfall": 2666,
        "revenue_index": 0.61,
        "value": 0.217
      }
    },
    {
      "type": "Feature",
      "geometry": {
        "type": "Point",
        "coordinates": [
          72.96596,
          21.70995
        ]
      },
      "properties": {
        "name": "Restaurant #219",
        "type": "restaurant",
        "category": "restaurant",
        "city": "Bharuch",
        "rating": 4.4,
        "footfall": 4427,
        "revenue_index": 0.83,
        "value": 0.562
      }
    },
    {
      "type": "Feature",
      "geometry": {
        "type": "Point",
        "coordinates": [
          72.1759,
          21.76139
        ]
      },
      "properties": {
        "name": "Hotel #220",
        "type": "hotel",
        "category": "hotel",
        "city": "Bhavnagar",
        "rating": 4.1,
        "footfall": 2481,
        "revenue_index": 0.48,
        "value": 0.968
      }
    },
    {
      "type": "Feature",
      "geometry": {
        "type": "Point",
        "coordinates": [
          72.94002,
          22.552
        ]
      },
      "properties": {
        "name": "Hotel #221",
        "type": "hotel",
        "category": "hotel",
        "city": "Anand",
        "rating": 4.7,
        "footfall": 1391,
        "revenue_index": 0.78,
        "value": 0.869
      }
    },
    {
      "type": "Feature",
      "geometry": {
        "type": "Point",
        "coordinates": [
          73.17483,
          22.28841
        ]
      },
      "properties": {
        "name": "Hotel #222",
        "type": "hotel",
        "category": "hotel",
        "city": "Vadodara",
        "rating": 3.2,
        "footfall": 2889,
        "revenue_index": 0.71,
        "value": 0.445
      }
    },
    {
      "type": "Feature",
      "geometry": {
        "type": "Point",
        "coordinates": [
          73.19379,
          22.29305
        ]
      },
      "properties": {
        "name": "Ev Charging #223",
        "type": "ev_charging",
        "category": "ev_charging",
        "city": "Vadodara",
        "rating": 4.7,
        "footfall": 3991,
        "revenue_index": 0.79,
        "value": 0.444
      }
    },
    {
      "type": "Feature",
      "geometry": {
        "type": "Point",
        "coordinates": [
          72.17235,
          21.76739
        ]
      },
      "properties": {
        "name": "Bank #224",
        "type": "bank",
        "category": "bank",
        "city": "Bhavnagar",
        "rating": 4.1,
        "footfall": 4175,
        "revenue_index": 0.63,
        "value": 0.649
      }
    },
    {
      "type": "Feature",
      "geometry": {
        "type": "Point",
        "coordinates": [
          72.55981,
          23.04011
        ]
      },
      "properties": {
        "name": "Restaurant #225",
        "type": "restaurant",
        "category": "restaurant",
        "city": "Ahmedabad",
        "rating": 3.8,
        "footfall": 330,
        "revenue_index": 0.49,
        "value": 0.249
      }
    },
    {
      "type": "Feature",
      "geometry": {
        "type": "Point",
        "coordinates": [
          72.39114,
          23.59808
        ]
      },
      "properties": {
        "name": "Restaurant #226",
        "type": "restaurant",
        "category": "restaurant",
        "city": "Mehsana",
        "rating": 4.8,
        "footfall": 3300,
        "revenue_index": 0.59,
        "value": 0.891
      }
    },
    {
      "type": "Feature",
      "geometry": {
        "type": "Point",
        "coordinates": [
          73.00744,
          21.69052
        ]
      },
      "properties": {
        "name": "Gas Station #227",
        "type": "gas_station",
        "category": "gas_station",
        "city": "Bharuch",
        "rating": 4.2,
        "footfall": 678,
        "revenue_index": 0.59,
        "value": 0.836
      }
    },
    {
      "type": "Feature",
      "geometry": {
        "type": "Point",
        "coordinates": [
          70.77809,
          22.29744
        ]
      },
      "properties": {
        "name": "Grocery #228",
        "type": "grocery",
        "category": "grocery",
        "city": "Rajkot",
        "rating": 4.4,
        "footfall": 2375,
        "revenue_index": 0.39,
        "value": 0.741
      }
    },
    {
      "type": "Feature",
      "geometry": {
        "type": "Point",
        "coordinates": [
          72.56939,
          23.04562
        ]
      },
      "properties": {
        "name": "Hotel #229",
        "type": "hotel",
        "category": "hotel",
        "city": "Ahmedabad",
        "rating": 3.9,
        "footfall": 3324,
        "revenue_index": 0.62,
        "value": 0.615
      }
    },
    {
      "type": "Feature",
      "geometry": {
        "type": "Point",
        "coordinates": [
          72.37797,
          23.59197
        ]
      },
      "properties": {
        "name": "Hotel #230",
        "type": "hotel",
        "category": "hotel",
        "city": "Mehsana",
        "rating": 3.8,
        "footfall": 3089,
        "revenue_index": 0.55,
        "value": 0.926
      }
    },
    {
      "type": "Feature",
      "geometry": {
        "type": "Point",
        "coordinates": [
          72.13474,
          21.73398
        ]
      },
      "properties": {
        "name": "Gas Station #231",
        "type": "gas_station",
        "category": "gas_station",
        "city": "Bhavnagar",
        "rating": 4.7,
        "footfall": 1971,
        "revenue_index": 0.64,
        "value": 0.549
      }
    },
    {
      "type": "Feature",
      "geometry": {
        "type": "Point",
        "coordinates": [
          72.34604,
          23.589
        ]
      },
      "properties": {
        "name": "Ev Charging #232",
        "type": "ev_charging",
        "category": "ev_charging",
        "city": "Mehsana",
        "rating": 3.9,
        "footfall": 2763,
        "revenue_index": 0.78,
        "value": 0.24
      }
    },
    {
      "type": "Feature",
      "geometry": {
        "type": "Point",
        "coordinates": [
          72.80002,
          21.18338
        ]
      },
      "properties": {
        "name": "Bank #233",
        "type": "bank",
        "category": "bank",
        "city": "Surat",
        "rating": 3.9,
        "footfall": 3864,
        "revenue_index": 0.76,
        "value": 0.464
      }
    },
    {
      "type": "Feature",
      "geometry": {
        "type": "Point",
        "coordinates": [
          70.06388,
          22.46062
        ]
      },
      "properties": {
        "name": "Hotel #234",
        "type": "hotel",
        "category": "hotel",
        "city": "Jamnagar",
        "rating": 3.8,
        "footfall": 529,
        "revenue_index": 0.49,
        "value": 0.762
      }
    },
    {
      "type": "Feature",
      "geometry": {
        "type": "Point",
        "coordinates": [
          70.05732,
          22.4506
        ]
      },
      "properties": {
        "name": "Gas Station #235",
        "type": "gas_station",
        "category": "gas_station",
        "city": "Jamnagar",
        "rating": 3.3,
        "footfall": 2369,
        "revenue_index": 0.48,
        "value": 0.208
      }
    },
    {
      "type": "Feature",
      "geometry": {
        "type": "Point",
        "coordinates": [
          72.90131,
          22.57553
        ]
      },
      "properties": {
        "name": "Gas Station #236",
        "type": "gas_station",
        "category": "gas_station",
        "city": "Anand",
        "rating": 3.3,
        "footfall": 3499,
        "revenue_index": 0.93,
        "value": 0.709
      }
    },
    {
      "type": "Feature",
      "geometry": {
        "type": "Point",
        "coordinates": [
          73.00418,
          21.68727
        ]
      },
      "properties": {
        "name": "Gas Station #237",
        "type": "gas_station",
        "category": "gas_station",
        "city": "Bharuch",
        "rating": 3.5,
        "footfall": 3249,
        "revenue_index": 0.42,
        "value": 0.923
      }
    },
    {
      "type": "Feature",
      "geometry": {
        "type": "Point",
        "coordinates": [
          72.38022,
          23.56677
        ]
      },
      "properties": {
        "name": "Hotel #238",
        "type": "hotel",
        "category": "hotel",
        "city": "Mehsana",
        "rating": 4.4,
        "footfall": 1448,
        "revenue_index": 0.93,
        "value": 0.331
      }
    },
    {
      "type": "Feature",
      "geometry": {
        "type": "Point",
        "coordinates": [
          72.65771,
          23.21172
        ]
      },
      "properties": {
        "name": "Restaurant #239",
        "type": "restaurant",
        "category": "restaurant",
        "city": "Gandhinagar",
        "rating": 3.4,
        "footfall": 395,
        "revenue_index": 0.77,
        "value": 0.397
      }
    },
    {
      "type": "Feature",
      "geometry": {
        "type": "Point",
        "coordinates": [
          70.78658,
          22.3134
        ]
      },
      "properties": {
        "name": "Retail #240",
        "type": "retail",
        "category": "retail",
        "city": "Rajkot",
        "rating": 3.4,
        "footfall": 3665,
        "revenue_index": 0.86,
        "value": 0.635
      }
    },
    {
      "type": "Feature",
      "geometry": {
        "type": "Point",
        "coordinates": [
          70.82073,
          22.33803
        ]
      },
      "properties": {
        "name": "Bank #241",
        "type": "bank",
        "category": "bank",
        "city": "Rajkot",
        "rating": 3.2,
        "footfall": 1443,
        "revenue_index": 0.61,
        "value": 0.825
      }
    },
    {
      "type": "Feature",
      "geometry": {
        "type": "Point",
        "coordinates": [
          70.05389,
          22.4677
        ]
      },
      "properties": {
        "name": "Ev Charging #242",
        "type": "ev_charging",
        "category": "ev_charging",
        "city": "Jamnagar",
        "rating": 3.8,
        "footfall": 851,
        "revenue_index": 0.56,
        "value": 0.908
      }
    },
    {
      "type": "Feature",
      "geometry": {
        "type": "Point",
        "coordinates": [
          72.36371,
          23.60014
        ]
      },
      "properties": {
        "name": "Hotel #243",
        "type": "hotel",
        "category": "hotel",
        "city": "Mehsana",
        "rating": 4.3,
        "footfall": 2328,
        "revenue_index": 0.55,
        "value": 0.958
      }
    },
    {
      "type": "Feature",
      "geometry": {
        "type": "Point",
        "coordinates": [
          72.92887,
          22.55104
        ]
      },
      "properties": {
        "name": "Hotel #244",
        "type": "hotel",
        "category": "hotel",
        "city": "Anand",
        "rating": 4.1,
        "footfall": 1585,
        "revenue_index": 0.7,
        "value": 0.666
      }
    },
    {
      "type": "Feature",
      "geometry": {
        "type": "Point",
        "coordinates": [
          70.7894,
          22.28638
        ]
      },
      "properties": {
        "name": "Bank #245",
        "type": "bank",
        "category": "bank",
        "city": "Rajkot",
        "rating": 3.8,
        "footfall": 2632,
        "revenue_index": 0.83,
        "value": 0.529
      }
    },
    {
      "type": "Feature",
      "geometry": {
        "type": "Point",
        "coordinates": [
          72.36229,
          23.57739
        ]
      },
      "properties": {
        "name": "Restaurant #246",
        "type": "restaurant",
        "category": "restaurant",
        "city": "Mehsana",
        "rating": 3.6,
        "footfall": 1069,
        "revenue_index": 0.42,
        "value": 0.273
      }
    },
    {
      "type": "Feature",
      "geometry": {
        "type": "Point",
        "coordinates": [
          72.62426,
          23.19242
        ]
      },
      "properties": {
        "name": "Retail #247",
        "type": "retail",
        "category": "retail",
        "city": "Gandhinagar",
        "rating": 4.4,
        "footfall": 3301,
        "revenue_index": 0.44,
        "value": 0.979
      }
    },
    {
      "type": "Feature",
      "geometry": {
        "type": "Point",
        "coordinates": [
          73.00836,
          21.71934
        ]
      },
      "properties": {
        "name": "Gas Station #248",
        "type": "gas_station",
        "category": "gas_station",
        "city": "Bharuch",
        "rating": 4.6,
        "footfall": 2109,
        "revenue_index": 0.55,
        "value": 0.236
      }
    },
    {
      "type": "Feature",
      "geometry": {
        "type": "Point",
        "coordinates": [
          72.34853,
          23.58423
        ]
      },
      "properties": {
        "name": "Bank #249",
        "type": "bank",
        "category": "bank",
        "city": "Mehsana",
        "rating": 4.5,
        "footfall": 365,
        "revenue_index": 0.66,
        "value": 0.963
      }
    },
    {
      "type": "Feature",
      "geometry": {
        "type": "Point",
        "coordinates": [
          72.91177,
          22.55973
        ]
      },
      "properties": {
        "name": "Hotel #250",
        "type": "hotel",
        "category": "hotel",
        "city": "Anand",
        "rating": 4.0,
        "footfall": 2129,
        "revenue_index": 0.57,
        "value": 0.216
      }
    },
    {
      "type": "Feature",
      "properties": {
        "name": "Surat (Mandvi) - Gas Station Hub #1",
        "type": "gas_station",
        "category": "gas_station",
        "district": "Surat",
        "taluk": "Mandvi",
        "rating": 4.0,
        "revenue_index": 0.88
      },
      "geometry": {
        "type": "Point",
        "coordinates": [
          73.25472,
          21.32595
        ]
      }
    },
    {
      "type": "Feature",
      "properties": {
        "name": "Surat (Mandvi) - Ev Charging Hub #2",
        "type": "ev_charging",
        "category": "ev_charging",
        "district": "Surat",
        "taluk": "Mandvi",
        "rating": 4.1,
        "revenue_index": 0.89
      },
      "geometry": {
        "type": "Point",
        "coordinates": [
          73.24072,
          21.33395
        ]
      }
    },
    {
      "type": "Feature",
      "properties": {
        "name": "Surat (Mandvi) - Bank Hub #3",
        "type": "bank",
        "category": "bank",
        "district": "Surat",
        "taluk": "Mandvi",
        "rating": 4.2,
        "revenue_index": 0.9
      },
      "geometry": {
        "type": "Point",
        "coordinates": [
          73.25672,
          21.34195
        ]
      }
    },
    {
      "type": "Feature",
      "properties": {
        "name": "Surat (Mangrol) - Restaurant Hub #1",
        "type": "restaurant",
        "category": "restaurant",
        "district": "Surat",
        "taluk": "Mangrol",
        "rating": 3.9,
        "revenue_index": 0.6
      },
      "geometry": {
        "type": "Point",
        "coordinates": [
          73.28735,
          21.44559
        ]
      }
    },
    {
      "type": "Feature",
      "properties": {
        "name": "Surat (Mangrol) - Gas Station Hub #2",
        "type": "gas_station",
        "category": "gas_station",
        "district": "Surat",
        "taluk": "Mangrol",
        "rating": 4.0,
        "revenue_index": 0.61
      },
      "geometry": {
        "type": "Point",
        "coordinates": [
          73.29235,
          21.44059
        ]
      }
    },
    {
      "type": "Feature",
      "properties": {
        "name": "Surat (Mangrol) - Ev Charging Hub #3",
        "type": "ev_charging",
        "category": "ev_charging",
        "district": "Surat",
        "taluk": "Mangrol",
        "rating": 4.1,
        "revenue_index": 0.62
      },
      "geometry": {
        "type": "Point",
        "coordinates": [
          73.29735,
          21.43559
        ]
      }
    },
    {
      "type": "Feature",
      "properties": {
        "name": "Surat (Nijhar) - Substation Hub #1",
        "type": "substation",
        "category": "substation",
        "district": "Surat",
        "taluk": "Nijhar",
        "rating": 4.9,
        "revenue_index": 0.91
      },
      "geometry": {
        "type": "Point",
        "coordinates": [
          74.17044,
          21.50991
        ]
      }
    },
    {
      "type": "Feature",
      "properties": {
        "name": "Surat (Nijhar) - Retail Hub #2",
        "type": "retail",
        "category": "retail",
        "district": "Surat",
        "taluk": "Nijhar",
        "rating": 3.8,
        "revenue_index": 0.92
      },
      "geometry": {
        "type": "Point",
        "coordinates": [
          74.17744,
          21.52091
        ]
      }
    },
    {
      "type": "Feature",
      "properties": {
        "name": "Surat (Nijhar) - Restaurant Hub #3",
        "type": "restaurant",
        "category": "restaurant",
        "district": "Surat",
        "taluk": "Nijhar",
        "rating": 3.9,
        "revenue_index": 0.93
      },
      "geometry": {
        "type": "Point",
        "coordinates": [
          74.18444,
          21.50191
        ]
      }
    },
    {
      "type": "Feature",
      "properties": {
        "name": "Surat (Olpad) - Restaurant Hub #1",
        "type": "restaurant",
        "category": "restaurant",
        "district": "Surat",
        "taluk": "Olpad",
        "rating": 3.9,
        "revenue_index": 0.84
      },
      "geometry": {
        "type": "Point",
        "coordinates": [
          72.64294,
          21.35021
        ]
      }
    },
    {
      "type": "Feature",
      "properties": {
        "name": "Surat (Olpad) - Gas Station Hub #2",
        "type": "gas_station",
        "category": "gas_station",
        "district": "Surat",
        "taluk": "Olpad",
        "rating": 4.0,
        "revenue_index": 0.85
      },
      "geometry": {
        "type": "Point",
        "coordinates": [
          72.63594,
          21.33921
        ]
      }
    },
    {
      "type": "Feature",
      "properties": {
        "name": "Surat (Olpad) - Ev Charging Hub #3",
        "type": "ev_charging",
        "category": "ev_charging",
        "district": "Surat",
        "taluk": "Olpad",
        "rating": 4.1,
        "revenue_index": 0.86
      },
      "geometry": {
        "type": "Point",
        "coordinates": [
          72.62894,
          21.35821
        ]
      }
    },
    {
      "type": "Feature",
      "properties": {
        "name": "Surat (Palsana) - Bank Hub #1",
        "type": "bank",
        "category": "bank",
        "district": "Surat",
        "taluk": "Palsana",
        "rating": 4.2,
        "revenue_index": 0.63
      },
      "geometry": {
        "type": "Point",
        "coordinates": [
          73.00248,
          21.12283
        ]
      }
    },
    {
      "type": "Feature",
      "properties": {
        "name": "Surat (Palsana) - Substation Hub #2",
        "type": "substation",
        "category": "substation",
        "district": "Surat",
        "taluk": "Palsana",
        "rating": 4.3,
        "revenue_index": 0.64
      },
      "geometry": {
        "type": "Point",
        "coordinates": [
          72.99848,
          21.12083
        ]
      }
    },
    {
      "type": "Feature",
      "properties": {
        "name": "Surat (Palsana) - Retail Hub #3",
        "type": "retail",
        "category": "retail",
        "district": "Surat",
        "taluk": "Palsana",
        "rating": 4.4,
        "revenue_index": 0.65
      },
      "geometry": {
        "type": "Point",
        "coordinates": [
          72.99448,
          21.11883
        ]
      }
    },
    {
      "type": "Feature",
      "properties": {
        "name": "Surat (Songadh) - Ev Charging Hub #1",
        "type": "ev_charging",
        "category": "ev_charging",
        "district": "Surat",
        "taluk": "Songadh",
        "rating": 4.7,
        "revenue_index": 0.86
      },
      "geometry": {
        "type": "Point",
        "coordinates": [
          73.65371,
          21.16302
        ]
      }
    },
    {
      "type": "Feature",
      "properties": {
        "name": "Surat (Songadh) - Bank Hub #2",
        "type": "bank",
        "category": "bank",
        "district": "Surat",
        "taluk": "Songadh",
        "rating": 4.8,
        "revenue_index": 0.87
      },
      "geometry": {
        "type": "Point",
        "coordinates": [
          73.65071,
          21.15402
        ]
      }
    },
    {
      "type": "Feature",
      "properties": {
        "name": "Surat (Songadh) - Substation Hub #3",
        "type": "substation",
        "category": "substation",
        "district": "Surat",
        "taluk": "Songadh",
        "rating": 4.9,
        "revenue_index": 0.88
      },
      "geometry": {
        "type": "Point",
        "coordinates": [
          73.64771,
          21.14502
        ]
      }
    },
    {
      "type": "Feature",
      "properties": {
        "name": "Surat (Uchchhal) - Retail Hub #1",
        "type": "retail",
        "category": "retail",
        "district": "Surat",
        "taluk": "Uchchhal",
        "rating": 3.8,
        "revenue_index": 0.5
      },
      "geometry": {
        "type": "Point",
        "coordinates": [
          73.74198,
          21.22985
        ]
      }
    },
    {
      "type": "Feature",
      "properties": {
        "name": "Surat (Uchchhal) - Restaurant Hub #2",
        "type": "restaurant",
        "category": "restaurant",
        "district": "Surat",
        "taluk": "Uchchhal",
        "rating": 3.9,
        "revenue_index": 0.51
      },
      "geometry": {
        "type": "Point",
        "coordinates": [
          73.74198,
          21.22985
        ]
      }
    },
    {
      "type": "Feature",
      "properties": {
        "name": "Surat (Uchchhal) - Gas Station Hub #3",
        "type": "gas_station",
        "category": "gas_station",
        "district": "Surat",
        "taluk": "Uchchhal",
        "rating": 4.0,
        "revenue_index": 0.52
      },
      "geometry": {
        "type": "Point",
        "coordinates": [
          73.74198,
          21.22985
        ]
      }
    },
    {
      "type": "Feature",
      "properties": {
        "name": "Surat (Valod) - Gas Station Hub #1",
        "type": "gas_station",
        "category": "gas_station",
        "district": "Surat",
        "taluk": "Valod",
        "rating": 4.6,
        "revenue_index": 0.88
      },
      "geometry": {
        "type": "Point",
        "coordinates": [
          73.28668,
          21.0534
        ]
      }
    },
    {
      "type": "Feature",
      "properties": {
        "name": "Surat (Valod) - Ev Charging Hub #2",
        "type": "ev_charging",
        "category": "ev_charging",
        "district": "Surat",
        "taluk": "Valod",
        "rating": 4.7,
        "revenue_index": 0.89
      },
      "geometry": {
        "type": "Point",
        "coordinates": [
          73.27268,
          21.0614
        ]
      }
    },
    {
      "type": "Feature",
      "properties": {
        "name": "Surat (Valod) - Bank Hub #3",
        "type": "bank",
        "category": "bank",
        "district": "Surat",
        "taluk": "Valod",
        "rating": 4.8,
        "revenue_index": 0.9
      },
      "geometry": {
        "type": "Point",
        "coordinates": [
          73.28868,
          21.0694
        ]
      }
    },
    {
      "type": "Feature",
      "properties": {
        "name": "Surat (Vyara) - Restaurant Hub #1",
        "type": "restaurant",
        "category": "restaurant",
        "district": "Surat",
        "taluk": "Vyara",
        "rating": 3.9,
        "revenue_index": 0.69
      },
      "geometry": {
        "type": "Point",
        "coordinates": [
          73.40224,
          21.03359
        ]
      }
    },
    {
      "type": "Feature",
      "properties": {
        "name": "Surat (Vyara) - Gas Station Hub #2",
        "type": "gas_station",
        "category": "gas_station",
        "district": "Surat",
        "taluk": "Vyara",
        "rating": 4.0,
        "revenue_index": 0.7
      },
      "geometry": {
        "type": "Point",
        "coordinates": [
          73.39524,
          21.02259
        ]
      }
    },
    {
      "type": "Feature",
      "properties": {
        "name": "Surat (Vyara) - Ev Charging Hub #3",
        "type": "ev_charging",
        "category": "ev_charging",
        "district": "Surat",
        "taluk": "Vyara",
        "rating": 4.1,
        "revenue_index": 0.71
      },
      "geometry": {
        "type": "Point",
        "coordinates": [
          73.38824,
          21.04159
        ]
      }
    },
    {
      "type": "Feature",
      "properties": {
        "name": "Surendranagar (Chotila) - Gas Station Hub #1",
        "type": "gas_station",
        "category": "gas_station",
        "district": "Surendranagar",
        "taluk": "Chotila",
        "rating": 4.6,
        "revenue_index": 0.79
      },
      "geometry": {
        "type": "Point",
        "coordinates": [
          71.19497,
          22.38574
        ]
      }
    },
    {
      "type": "Feature",
      "properties": {
        "name": "Surendranagar (Chotila) - Ev Charging Hub #2",
        "type": "ev_charging",
        "category": "ev_charging",
        "district": "Surendranagar",
        "taluk": "Chotila",
        "rating": 4.7,
        "revenue_index": 0.8
      },
      "geometry": {
        "type": "Point",
        "coordinates": [
          71.19297,
          22.39974
        ]
      }
    },
    {
      "type": "Feature",
      "properties": {
        "name": "Surendranagar (Chotila) - Bank Hub #3",
        "type": "bank",
        "category": "bank",
        "district": "Surendranagar",
        "taluk": "Chotila",
        "rating": 4.8,
        "revenue_index": 0.81
      },
      "geometry": {
        "type": "Point",
        "coordinates": [
          71.19097,
          22.38374
        ]
      }
    },
    {
      "type": "Feature",
      "properties": {
        "name": "Surendranagar (Dasada) - Bank Hub #1",
        "type": "bank",
        "category": "bank",
        "district": "Surendranagar",
        "taluk": "Dasada",
        "rating": 4.8,
        "revenue_index": 0.93
      },
      "geometry": {
        "type": "Point",
        "coordinates": [
          71.80898,
          23.25206
        ]
      }
    },
    {
      "type": "Feature",
      "properties": {
        "name": "Surendranagar (Dasada) - Substation Hub #2",
        "type": "substation",
        "category": "substation",
        "district": "Surendranagar",
        "taluk": "Dasada",
        "rating": 4.9,
        "revenue_index": 0.94
      },
      "geometry": {
        "type": "Point",
        "coordinates": [
          71.80498,
          23.25006
        ]
      }
    },
    {
      "type": "Feature",
      "properties": {
        "name": "Surendranagar (Dasada) - Retail Hub #3",
        "type": "retail",
        "category": "retail",
        "district": "Surendranagar",
        "taluk": "Dasada",
        "rating": 3.8,
        "revenue_index": 0.5
      },
      "geometry": {
        "type": "Point",
        "coordinates": [
          71.80098,
          23.24806
        ]
      }
    },
    {
      "type": "Feature",
      "properties": {
        "name": "Surendranagar (Dhrangadhra) - Substation Hub #1",
        "type": "substation",
        "category": "substation",
        "district": "Surendranagar",
        "taluk": "Dhrangadhra",
        "rating": 4.3,
        "revenue_index": 0.94
      },
      "geometry": {
        "type": "Point",
        "coordinates": [
          71.46988,
          23.01637
        ]
      }
    },
    {
      "type": "Feature",
      "properties": {
        "name": "Surendranagar (Dhrangadhra) - Retail Hub #2",
        "type": "retail",
        "category": "retail",
        "district": "Surendranagar",
        "taluk": "Dhrangadhra",
        "rating": 4.4,
        "revenue_index": 0.5
      },
      "geometry": {
        "type": "Point",
        "coordinates": [
          71.48288,
          23.01537
        ]
      }
    },
    {
      "type": "Feature",
      "properties": {
        "name": "Surendranagar (Dhrangadhra) - Restaurant Hub #3",
        "type": "restaurant",
        "category": "restaurant",
        "district": "Surendranagar",
        "taluk": "Dhrangadhra",
        "rating": 4.5,
        "revenue_index": 0.51
      },
      "geometry": {
        "type": "Point",
        "coordinates": [
          71.46588,
          23.01437
        ]
      }
    },
    {
      "type": "Feature",
      "properties": {
        "name": "Surendranagar (Halvad) - Substation Hub #1",
        "type": "substation",
        "category": "substation",
        "district": "Surendranagar",
        "taluk": "Halvad",
        "rating": 4.9,
        "revenue_index": 0.52
      },
      "geometry": {
        "type": "Point",
        "coordinates": [
          71.08911,
          23.00123
        ]
      }
    },
    {
      "type": "Feature",
      "properties": {
        "name": "Surendranagar (Halvad) - Retail Hub #2",
        "type": "retail",
        "category": "retail",
        "district": "Surendranagar",
        "taluk": "Halvad",
        "rating": 3.8,
        "revenue_index": 0.53
      },
      "geometry": {
        "type": "Point",
        "coordinates": [
          71.07811,
          22.98823
        ]
      }
    },
    {
      "type": "Feature",
      "properties": {
        "name": "Surendranagar (Halvad) - Restaurant Hub #3",
        "type": "restaurant",
        "category": "restaurant",
        "district": "Surendranagar",
        "taluk": "Halvad",
        "rating": 3.9,
        "revenue_index": 0.54
      },
      "geometry": {
        "type": "Point",
        "coordinates": [
          71.09711,
          23.00523
        ]
      }
    },
    {
      "type": "Feature",
      "properties": {
        "name": "Surendranagar (Lakhtar) - Ev Charging Hub #1",
        "type": "ev_charging",
        "category": "ev_charging",
        "district": "Surendranagar",
        "taluk": "Lakhtar",
        "rating": 4.1,
        "revenue_index": 0.77
      },
      "geometry": {
        "type": "Point",
        "coordinates": [
          71.87176,
          22.91127
        ]
      }
    },
    {
      "type": "Feature",
      "properties": {
        "name": "Surendranagar (Lakhtar) - Bank Hub #2",
        "type": "bank",
        "category": "bank",
        "district": "Surendranagar",
        "taluk": "Lakhtar",
        "rating": 4.2,
        "revenue_index": 0.78
      },
      "geometry": {
        "type": "Point",
        "coordinates": [
          71.88076,
          22.90827
        ]
      }
    },
    {
      "type": "Feature",
      "properties": {
        "name": "Surendranagar (Lakhtar) - Substation Hub #3",
        "type": "substation",
        "category": "substation",
        "district": "Surendranagar",
        "taluk": "Lakhtar",
        "rating": 4.3,
        "revenue_index": 0.79
      },
      "geometry": {
        "type": "Point",
        "coordinates": [
          71.88976,
          22.90527
        ]
      }
    },
    {
      "type": "Feature",
      "properties": {
        "name": "Surendranagar (Limbdi) - Gas Station Hub #1",
        "type": "gas_station",
        "category": "gas_station",
        "district": "Surendranagar",
        "taluk": "Limbdi",
        "rating": 4.0,
        "revenue_index": 0.79
      },
      "geometry": {
        "type": "Point",
        "coordinates": [
          71.90622,
          22.58435
        ]
      }
    },
    {
      "type": "Feature",
      "properties": {
        "name": "Surendranagar (Limbdi) - Ev Charging Hub #2",
        "type": "ev_charging",
        "category": "ev_charging",
        "district": "Surendranagar",
        "taluk": "Limbdi",
        "rating": 4.1,
        "revenue_index": 0.8
      },
      "geometry": {
        "type": "Point",
        "coordinates": [
          71.90422,
          22.59835
        ]
      }
    },
    {
      "type": "Feature",
      "properties": {
        "name": "Surendranagar (Limbdi) - Bank Hub #3",
        "type": "bank",
        "category": "bank",
        "district": "Surendranagar",
        "taluk": "Limbdi",
        "rating": 4.2,
        "revenue_index": 0.81
      },
      "geometry": {
        "type": "Point",
        "coordinates": [
          71.90222,
          22.58235
        ]
      }
    },
    {
      "type": "Feature",
      "properties": {
        "name": "Surendranagar (Muli) - Retail Hub #1",
        "type": "retail",
        "category": "retail",
        "district": "Surendranagar",
        "taluk": "Muli",
        "rating": 3.8,
        "revenue_index": 0.92
      },
      "geometry": {
        "type": "Point",
        "coordinates": [
          71.38994,
          22.69177
        ]
      }
    },
    {
      "type": "Feature",
      "properties": {
        "name": "Surendranagar (Muli) - Restaurant Hub #2",
        "type": "restaurant",
        "category": "restaurant",
        "district": "Surendranagar",
        "taluk": "Muli",
        "rating": 3.9,
        "revenue_index": 0.93
      },
      "geometry": {
        "type": "Point",
        "coordinates": [
          71.38394,
          22.70377
        ]
      }
    },
    {
      "type": "Feature",
      "properties": {
        "name": "Surendranagar (Muli) - Gas Station Hub #3",
        "type": "gas_station",
        "category": "gas_station",
        "district": "Surendranagar",
        "taluk": "Muli",
        "rating": 4.0,
        "revenue_index": 0.94
      },
      "geometry": {
        "type": "Point",
        "coordinates": [
          71.37794,
          22.68577
        ]
      }
    },
    {
      "type": "Feature",
      "properties": {
        "name": "Surendranagar (Sayla) - Restaurant Hub #1",
        "type": "restaurant",
        "category": "restaurant",
        "district": "Surendranagar",
        "taluk": "Sayla",
        "rating": 4.5,
        "revenue_index": 0.93
      },
      "geometry": {
        "type": "Point",
        "coordinates": [
          71.42568,
          22.4189
        ]
      }
    },
    {
      "type": "Feature",
      "properties": {
        "name": "Surendranagar (Sayla) - Gas Station Hub #2",
        "type": "gas_station",
        "category": "gas_station",
        "district": "Surendranagar",
        "taluk": "Sayla",
        "rating": 4.6,
        "revenue_index": 0.94
      },
      "geometry": {
        "type": "Point",
        "coordinates": [
          71.43668,
          22.4319
        ]
      }
    },
    {
      "type": "Feature",
      "properties": {
        "name": "Surendranagar (Sayla) - Ev Charging Hub #3",
        "type": "ev_charging",
        "category": "ev_charging",
        "district": "Surendranagar",
        "taluk": "Sayla",
        "rating": 4.7,
        "revenue_index": 0.5
      },
      "geometry": {
        "type": "Point",
        "coordinates": [
          71.41768,
          22.4149
        ]
      }
    },
    {
      "type": "Feature",
      "properties": {
        "name": "Surendranagar (Wadhwan) - Retail Hub #1",
        "type": "retail",
        "category": "retail",
        "district": "Surendranagar",
        "taluk": "Wadhwan",
        "rating": 4.4,
        "revenue_index": 0.53
      },
      "geometry": {
        "type": "Point",
        "coordinates": [
          71.59583,
          22.68055
        ]
      }
    },
    {
      "type": "Feature",
      "properties": {
        "name": "Surendranagar (Wadhwan) - Restaurant Hub #2",
        "type": "restaurant",
        "category": "restaurant",
        "district": "Surendranagar",
        "taluk": "Wadhwan",
        "rating": 4.5,
        "revenue_index": 0.54
      },
      "geometry": {
        "type": "Point",
        "coordinates": [
          71.60183,
          22.66855
        ]
      }
    },
    {
      "type": "Feature",
      "properties": {
        "name": "Surendranagar (Wadhwan) - Gas Station Hub #3",
        "type": "gas_station",
        "category": "gas_station",
        "district": "Surendranagar",
        "taluk": "Wadhwan",
        "rating": 4.6,
        "revenue_index": 0.55
      },
      "geometry": {
        "type": "Point",
        "coordinates": [
          71.60783,
          22.68655
        ]
      }
    },
    {
      "type": "Feature",
      "properties": {
        "name": "The Dangs (Ahwa) - Retail Hub #1",
        "type": "retail",
        "category": "retail",
        "district": "The Dangs",
        "taluk": "Ahwa",
        "rating": 4.4,
        "revenue_index": 0.5
      },
      "geometry": {
        "type": "Point",
        "coordinates": [
          73.67335,
          20.78663
        ]
      }
    },
    {
      "type": "Feature",
      "properties": {
        "name": "The Dangs (Ahwa) - Restaurant Hub #2",
        "type": "restaurant",
        "category": "restaurant",
        "district": "The Dangs",
        "taluk": "Ahwa",
        "rating": 4.5,
        "revenue_index": 0.51
      },
      "geometry": {
        "type": "Point",
        "coordinates": [
          73.67335,
          20.78663
        ]
      }
    },
    {
      "type": "Feature",
      "properties": {
        "name": "The Dangs (Ahwa) - Gas Station Hub #3",
        "type": "gas_station",
        "category": "gas_station",
        "district": "The Dangs",
        "taluk": "Ahwa",
        "rating": 4.6,
        "revenue_index": 0.52
      },
      "geometry": {
        "type": "Point",
        "coordinates": [
          73.67335,
          20.78663
        ]
      }
    },
    {
      "type": "Feature",
      "properties": {
        "name": "Ahmadabad (Ahmadabad) - Retail Hub #1",
        "type": "retail",
        "category": "retail",
        "district": "Ahmadabad",
        "taluk": "Ahmadabad",
        "rating": 3.8,
        "revenue_index": 0.86
      },
      "geometry": {
        "type": "Point",
        "coordinates": [
          72.58089,
          23.00938
        ]
      }
    },
    {
      "type": "Feature",
      "properties": {
        "name": "Ahmadabad (Ahmadabad) - Restaurant Hub #2",
        "type": "restaurant",
        "category": "restaurant",
        "district": "Ahmadabad",
        "taluk": "Ahmadabad",
        "rating": 3.9,
        "revenue_index": 0.87
      },
      "geometry": {
        "type": "Point",
        "coordinates": [
          72.59289,
          23.01538
        ]
      }
    },
    {
      "type": "Feature",
      "properties": {
        "name": "Ahmadabad (Ahmadabad) - Gas Station Hub #3",
        "type": "gas_station",
        "category": "gas_station",
        "district": "Ahmadabad",
        "taluk": "Ahmadabad",
        "rating": 4.0,
        "revenue_index": 0.88
      },
      "geometry": {
        "type": "Point",
        "coordinates": [
          72.57489,
          23.02138
        ]
      }
    },
    {
      "type": "Feature",
      "properties": {
        "name": "Ahmadabad (Dhandhuka) - Retail Hub #1",
        "type": "retail",
        "category": "retail",
        "district": "Ahmadabad",
        "taluk": "Dhandhuka",
        "rating": 4.4,
        "revenue_index": 0.77
      },
      "geometry": {
        "type": "Point",
        "coordinates": [
          72.20105,
          22.28074
        ]
      }
    },
    {
      "type": "Feature",
      "properties": {
        "name": "Ahmadabad (Dhandhuka) - Restaurant Hub #2",
        "type": "restaurant",
        "category": "restaurant",
        "district": "Ahmadabad",
        "taluk": "Dhandhuka",
        "rating": 4.5,
        "revenue_index": 0.78
      },
      "geometry": {
        "type": "Point",
        "coordinates": [
          72.19505,
          22.29274
        ]
      }
    },
    {
      "type": "Feature",
      "properties": {
        "name": "Ahmadabad (Dhandhuka) - Gas Station Hub #3",
        "type": "gas_station",
        "category": "gas_station",
        "district": "Ahmadabad",
        "taluk": "Dhandhuka",
        "rating": 4.6,
        "revenue_index": 0.79
      },
      "geometry": {
        "type": "Point",
        "coordinates": [
          72.18905,
          22.27474
        ]
      }
    },
    {
      "type": "Feature",
      "properties": {
        "name": "Ahmadabad (Dholka) - Bank Hub #1",
        "type": "bank",
        "category": "bank",
        "district": "Ahmadabad",
        "taluk": "Dholka",
        "rating": 4.2,
        "revenue_index": 0.78
      },
      "geometry": {
        "type": "Point",
        "coordinates": [
          72.48317,
          22.85452
        ]
      }
    },
    {
      "type": "Feature",
      "properties": {
        "name": "Ahmadabad (Dholka) - Substation Hub #2",
        "type": "substation",
        "category": "substation",
        "district": "Ahmadabad",
        "taluk": "Dholka",
        "rating": 4.3,
        "revenue_index": 0.79
      },
      "geometry": {
        "type": "Point",
        "coordinates": [
          72.47917,
          22.85252
        ]
      }
    },
    {
      "type": "Feature",
      "properties": {
        "name": "Ahmadabad (Dholka) - Retail Hub #3",
        "type": "retail",
        "category": "retail",
        "district": "Ahmadabad",
        "taluk": "Dholka",
        "rating": 4.4,
        "revenue_index": 0.8
      },
      "geometry": {
        "type": "Point",
        "coordinates": [
          72.47517,
          22.85052
        ]
      }
    },
    {
      "type": "Feature",
      "properties": {
        "name": "Ahmadabad (Sanand) - Substation Hub #1",
        "type": "substation",
        "category": "substation",
        "district": "Ahmadabad",
        "taluk": "Sanand",
        "rating": 4.9,
        "revenue_index": 0.79
      },
      "geometry": {
        "type": "Point",
        "coordinates": [
          72.29669,
          22.96314
        ]
      }
    },
    {
      "type": "Feature",
      "properties": {
        "name": "Ahmadabad (Sanand) - Retail Hub #2",
        "type": "retail",
        "category": "retail",
        "district": "Ahmadabad",
        "taluk": "Sanand",
        "rating": 3.8,
        "revenue_index": 0.8
      },
      "geometry": {
        "type": "Point",
        "coordinates": [
          72.30969,
          22.96214
        ]
      }
    },
    {
      "type": "Feature",
      "properties": {
        "name": "Ahmadabad (Sanand) - Restaurant Hub #3",
        "type": "restaurant",
        "category": "restaurant",
        "district": "Ahmadabad",
        "taluk": "Sanand",
        "rating": 3.9,
        "revenue_index": 0.81
      },
      "geometry": {
        "type": "Point",
        "coordinates": [
          72.29269,
          22.96114
        ]
      }
    },
    {
      "type": "Feature",
      "properties": {
        "name": "Ahmadabad (Viramgam) - Ev Charging Hub #1",
        "type": "ev_charging",
        "category": "ev_charging",
        "district": "Ahmadabad",
        "taluk": "Viramgam",
        "rating": 4.1,
        "revenue_index": 0.62
      },
      "geometry": {
        "type": "Point",
        "coordinates": [
          72.07006,
          23.19197
        ]
      }
    },
    {
      "type": "Feature",
      "properties": {
        "name": "Ahmadabad (Viramgam) - Bank Hub #2",
        "type": "bank",
        "category": "bank",
        "district": "Ahmadabad",
        "taluk": "Viramgam",
        "rating": 4.2,
        "revenue_index": 0.63
      },
      "geometry": {
        "type": "Point",
        "coordinates": [
          72.07906,
          23.18897
        ]
      }
    },
    {
      "type": "Feature",
      "properties": {
        "name": "Ahmadabad (Viramgam) - Substation Hub #3",
        "type": "substation",
        "category": "substation",
        "district": "Ahmadabad",
        "taluk": "Viramgam",
        "rating": 4.3,
        "revenue_index": 0.64
      },
      "geometry": {
        "type": "Point",
        "coordinates": [
          72.08806,
          23.18597
        ]
      }
    },
    {
      "type": "Feature",
      "properties": {
        "name": "Amreli (Amreli) - Bank Hub #1",
        "type": "bank",
        "category": "bank",
        "district": "Amreli",
        "taluk": "Amreli",
        "rating": 4.2,
        "revenue_index": 0.93
      },
      "geometry": {
        "type": "Point",
        "coordinates": [
          71.18939,
          21.60385
        ]
      }
    },
    {
      "type": "Feature",
      "properties": {
        "name": "Amreli (Amreli) - Substation Hub #2",
        "type": "substation",
        "category": "substation",
        "district": "Amreli",
        "taluk": "Amreli",
        "rating": 4.3,
        "revenue_index": 0.94
      },
      "geometry": {
        "type": "Point",
        "coordinates": [
          71.18539,
          21.60185
        ]
      }
    },
    {
      "type": "Feature",
      "properties": {
        "name": "Amreli (Amreli) - Retail Hub #3",
        "type": "retail",
        "category": "retail",
        "district": "Amreli",
        "taluk": "Amreli",
        "rating": 4.4,
        "revenue_index": 0.5
      },
      "geometry": {
        "type": "Point",
        "coordinates": [
          71.18139,
          21.59985
        ]
      }
    },
    {
      "type": "Feature",
      "properties": {
        "name": "Amreli (Babra) - Ev Charging Hub #1",
        "type": "ev_charging",
        "category": "ev_charging",
        "district": "Amreli",
        "taluk": "Babra",
        "rating": 4.7,
        "revenue_index": 0.83
      },
      "geometry": {
        "type": "Point",
        "coordinates": [
          71.27693,
          21.87421
        ]
      }
    },
    {
      "type": "Feature",
      "properties": {
        "name": "Amreli (Babra) - Bank Hub #2",
        "type": "bank",
        "category": "bank",
        "district": "Amreli",
        "taluk": "Babra",
        "rating": 4.8,
        "revenue_index": 0.84
      },
      "geometry": {
        "type": "Point",
        "coordinates": [
          71.26793,
          21.87721
        ]
      }
    },
    {
      "type": "Feature",
      "properties": {
        "name": "Amreli (Babra) - Substation Hub #3",
        "type": "substation",
        "category": "substation",
        "district": "Amreli",
        "taluk": "Babra",
        "rating": 4.9,
        "revenue_index": 0.85
      },
      "geometry": {
        "type": "Point",
        "coordinates": [
          71.25893,
          21.88021
        ]
      }
    },
    {
      "type": "Feature",
      "properties": {
        "name": "Amreli (Dhari) - Ev Charging Hub #1",
        "type": "ev_charging",
        "category": "ev_charging",
        "district": "Amreli",
        "taluk": "Dhari",
        "rating": 4.1,
        "revenue_index": 0.86
      },
      "geometry": {
        "type": "Point",
        "coordinates": [
          71.06259,
          21.33262
        ]
      }
    },
    {
      "type": "Feature",
      "properties": {
        "name": "Amreli (Dhari) - Bank Hub #2",
        "type": "bank",
        "category": "bank",
        "district": "Amreli",
        "taluk": "Dhari",
        "rating": 4.2,
        "revenue_index": 0.87
      },
      "geometry": {
        "type": "Point",
        "coordinates": [
          71.05959,
          21.32362
        ]
      }
    },
    {
      "type": "Feature",
      "properties": {
        "name": "Amreli (Dhari) - Substation Hub #3",
        "type": "substation",
        "category": "substation",
        "district": "Amreli",
        "taluk": "Dhari",
        "rating": 4.3,
        "revenue_index": 0.88
      },
      "geometry": {
        "type": "Point",
        "coordinates": [
          71.05659,
          21.31462
        ]
      }
    },
    {
      "type": "Feature",
      "properties": {
        "name": "Amreli (Jafarabad) - Gas Station Hub #1",
        "type": "gas_station",
        "category": "gas_station",
        "district": "Amreli",
        "taluk": "Jafarabad",
        "rating": 4.0,
        "revenue_index": 0.58
      },
      "geometry": {
        "type": "Point",
        "coordinates": [
          71.36314,
          20.85542
        ]
      }
    },
    {
      "type": "Feature",
      "properties": {
        "name": "Amreli (Jafarabad) - Ev Charging Hub #2",
        "type": "ev_charging",
        "category": "ev_charging",
        "district": "Amreli",
        "taluk": "Jafarabad",
        "rating": 4.1,
        "revenue_index": 0.59
      },
      "geometry": {
        "type": "Point",
        "coordinates": [
          71.34914,
          20.86342
        ]
      }
    },
    {
      "type": "Feature",
      "properties": {
        "name": "Amreli (Jafarabad) - Bank Hub #3",
        "type": "bank",
        "category": "bank",
        "district": "Amreli",
        "taluk": "Jafarabad",
        "rating": 4.2,
        "revenue_index": 0.6
      },
      "geometry": {
        "type": "Point",
        "coordinates": [
          71.36514,
          20.87142
        ]
      }
    },
    {
      "type": "Feature",
      "properties": {
        "name": "Amreli (Khambha) - Retail Hub #1",
        "type": "retail",
        "category": "retail",
        "district": "Amreli",
        "taluk": "Khambha",
        "rating": 4.4,
        "revenue_index": 0.77
      },
      "geometry": {
        "type": "Point",
        "coordinates": [
          71.21769,
          21.11895
        ]
      }
    },
    {
      "type": "Feature",
      "properties": {
        "name": "Amreli (Khambha) - Restaurant Hub #2",
        "type": "restaurant",
        "category": "restaurant",
        "district": "Amreli",
        "taluk": "Khambha",
        "rating": 4.5,
        "revenue_index": 0.78
      },
      "geometry": {
        "type": "Point",
        "coordinates": [
          71.21169,
          21.13095
        ]
      }
    },
    {
      "type": "Feature",
      "properties": {
        "name": "Amreli (Khambha) - Gas Station Hub #3",
        "type": "gas_station",
        "category": "gas_station",
        "district": "Amreli",
        "taluk": "Khambha",
        "rating": 4.6,
        "revenue_index": 0.79
      },
      "geometry": {
        "type": "Point",
        "coordinates": [
          71.20569,
          21.11295
        ]
      }
    },
    {
      "type": "Feature",
      "properties": {
        "name": "Amreli (Kundla) - Bank Hub #1",
        "type": "bank",
        "category": "bank",
        "district": "Amreli",
        "taluk": "Kundla",
        "rating": 4.2,
        "revenue_index": 0.87
      },
      "geometry": {
        "type": "Point",
        "coordinates": [
          71.45827,
          21.29407
        ]
      }
    },
    {
      "type": "Feature",
      "properties": {
        "name": "Amreli (Kundla) - Substation Hub #2",
        "type": "substation",
        "category": "substation",
        "district": "Amreli",
        "taluk": "Kundla",
        "rating": 4.3,
        "revenue_index": 0.88
      },
      "geometry": {
        "type": "Point",
        "coordinates": [
          71.47227,
          21.28607
        ]
      }
    },
    {
      "type": "Feature",
      "properties": {
        "name": "Amreli (Kundla) - Retail Hub #3",
        "type": "retail",
        "category": "retail",
        "district": "Amreli",
        "taluk": "Kundla",
        "rating": 4.4,
        "revenue_index": 0.89
      },
      "geometry": {
        "type": "Point",
        "coordinates": [
          71.45627,
          21.27807
        ]
      }
    },
    {
      "type": "Feature",
      "properties": {
        "name": "Amreli (Lathi) - Ev Charging Hub #1",
        "type": "ev_charging",
        "category": "ev_charging",
        "district": "Amreli",
        "taluk": "Lathi",
        "rating": 4.1,
        "revenue_index": 0.77
      },
      "geometry": {
        "type": "Point",
        "coordinates": [
          71.45163,
          21.69335
        ]
      }
    },
    {
      "type": "Feature",
      "properties": {
        "name": "Amreli (Lathi) - Bank Hub #2",
        "type": "bank",
        "category": "bank",
        "district": "Amreli",
        "taluk": "Lathi",
        "rating": 4.2,
        "revenue_index": 0.78
      },
      "geometry": {
        "type": "Point",
        "coordinates": [
          71.46063,
          21.69035
        ]
      }
    },
    {
      "type": "Feature",
      "properties": {
        "name": "Amreli (Lathi) - Substation Hub #3",
        "type": "substation",
        "category": "substation",
        "district": "Amreli",
        "taluk": "Lathi",
        "rating": 4.3,
        "revenue_index": 0.79
      },
      "geometry": {
        "type": "Point",
        "coordinates": [
          71.46963,
          21.68735
        ]
      }
    },
    {
      "type": "Feature",
      "properties": {
        "name": "Amreli (Lilia) - Substation Hub #1",
        "type": "substation",
        "category": "substation",
        "district": "Amreli",
        "taluk": "Lilia",
        "rating": 4.9,
        "revenue_index": 0.64
      },
      "geometry": {
        "type": "Point",
        "coordinates": [
          71.43256,
          21.55031
        ]
      }
    },
    {
      "type": "Feature",
      "properties": {
        "name": "Amreli (Lilia) - Retail Hub #2",
        "type": "retail",
        "category": "retail",
        "district": "Amreli",
        "taluk": "Lilia",
        "rating": 3.8,
        "revenue_index": 0.65
      },
      "geometry": {
        "type": "Point",
        "coordinates": [
          71.44556,
          21.54931
        ]
      }
    },
    {
      "type": "Feature",
      "properties": {
        "name": "Amreli (Lilia) - Restaurant Hub #3",
        "type": "restaurant",
        "category": "restaurant",
        "district": "Amreli",
        "taluk": "Lilia",
        "rating": 3.9,
        "revenue_index": 0.66
      },
      "geometry": {
        "type": "Point",
        "coordinates": [
          71.42856,
          21.54831
        ]
      }
    },
    {
      "type": "Feature",
      "properties": {
        "name": "Amreli (Rajula) - Bank Hub #1",
        "type": "bank",
        "category": "bank",
        "district": "Amreli",
        "taluk": "Rajula",
        "rating": 4.8,
        "revenue_index": 0.84
      },
      "geometry": {
        "type": "Point",
        "coordinates": [
          71.52149,
          20.95104
        ]
      }
    },
    {
      "type": "Feature",
      "properties": {
        "name": "Amreli (Rajula) - Substation Hub #2",
        "type": "substation",
        "category": "substation",
        "district": "Amreli",
        "taluk": "Rajula",
        "rating": 4.9,
        "revenue_index": 0.85
      },
      "geometry": {
        "type": "Point",
        "coordinates": [
          71.52949,
          20.95504
        ]
      }
    },
    {
      "type": "Feature",
      "properties": {
        "name": "Amreli (Rajula) - Retail Hub #3",
        "type": "retail",
        "category": "retail",
        "district": "Amreli",
        "taluk": "Rajula",
        "rating": 3.8,
        "revenue_index": 0.86
      },
      "geometry": {
        "type": "Point",
        "coordinates": [
          71.53749,
          20.95904
        ]
      }
    },
    {
      "type": "Feature",
      "properties": {
        "name": "Amreli (Vadia) - Bank Hub #1",
        "type": "bank",
        "category": "bank",
        "district": "Amreli",
        "taluk": "Vadia",
        "rating": 4.2,
        "revenue_index": 0.6
      },
      "geometry": {
        "type": "Point",
        "coordinates": [
          70.98646,
          21.61704
        ]
      }
    },
    {
      "type": "Feature",
      "properties": {
        "name": "Amreli (Vadia) - Substation Hub #2",
        "type": "substation",
        "category": "substation",
        "district": "Amreli",
        "taluk": "Vadia",
        "rating": 4.3,
        "revenue_index": 0.61
      },
      "geometry": {
        "type": "Point",
        "coordinates": [
          70.97646,
          21.62704
        ]
      }
    },
    {
      "type": "Feature",
      "properties": {
        "name": "Amreli (Vadia) - Retail Hub #3",
        "type": "retail",
        "category": "retail",
        "district": "Amreli",
        "taluk": "Vadia",
        "rating": 4.4,
        "revenue_index": 0.62
      },
      "geometry": {
        "type": "Point",
        "coordinates": [
          70.96646,
          21.60704
        ]
      }
    },
    {
      "type": "Feature",
      "properties": {
        "name": "Anand (Anand) - Retail Hub #1",
        "type": "retail",
        "category": "retail",
        "district": "Anand",
        "taluk": "Anand",
        "rating": 4.4,
        "revenue_index": 0.89
      },
      "geometry": {
        "type": "Point",
        "coordinates": [
          73.03268,
          22.58005
        ]
      }
    },
    {
      "type": "Feature",
      "properties": {
        "name": "Anand (Anand) - Restaurant Hub #2",
        "type": "restaurant",
        "category": "restaurant",
        "district": "Anand",
        "taluk": "Anand",
        "rating": 4.5,
        "revenue_index": 0.9
      },
      "geometry": {
        "type": "Point",
        "coordinates": [
          73.02068,
          22.57405
        ]
      }
    },
    {
      "type": "Feature",
      "properties": {
        "name": "Anand (Anand) - Gas Station Hub #3",
        "type": "gas_station",
        "category": "gas_station",
        "district": "Anand",
        "taluk": "Anand",
        "rating": 4.6,
        "revenue_index": 0.91
      },
      "geometry": {
        "type": "Point",
        "coordinates": [
          73.03868,
          22.56805
        ]
      }
    },
    {
      "type": "Feature",
      "properties": {
        "name": "Anand (Borsad) - Substation Hub #1",
        "type": "substation",
        "category": "substation",
        "district": "Anand",
        "taluk": "Borsad",
        "rating": 4.9,
        "revenue_index": 0.64
      },
      "geometry": {
        "type": "Point",
        "coordinates": [
          72.87124,
          22.30577
        ]
      }
    },
    {
      "type": "Feature",
      "properties": {
        "name": "Anand (Borsad) - Retail Hub #2",
        "type": "retail",
        "category": "retail",
        "district": "Anand",
        "taluk": "Borsad",
        "rating": 3.8,
        "revenue_index": 0.65
      },
      "geometry": {
        "type": "Point",
        "coordinates": [
          72.88424,
          22.30477
        ]
      }
    },
    {
      "type": "Feature",
      "properties": {
        "name": "Anand (Borsad) - Restaurant Hub #3",
        "type": "restaurant",
        "category": "restaurant",
        "district": "Anand",
        "taluk": "Borsad",
        "rating": 3.9,
        "revenue_index": 0.66
      },
      "geometry": {
        "type": "Point",
        "coordinates": [
          72.86724,
          22.30377
        ]
      }
    },
    {
      "type": "Feature",
      "properties": {
        "name": "Anand (Khambhat) - Ev Charging Hub #1",
        "type": "ev_charging",
        "category": "ev_charging",
        "district": "Anand",
        "taluk": "Khambhat",
        "rating": 4.1,
        "revenue_index": 0.53
      },
      "geometry": {
        "type": "Point",
        "coordinates": [
          72.5219,
          22.25971
        ]
      }
    },
    {
      "type": "Feature",
      "properties": {
        "name": "Anand (Khambhat) - Bank Hub #2",
        "type": "bank",
        "category": "bank",
        "district": "Anand",
        "taluk": "Khambhat",
        "rating": 4.2,
        "revenue_index": 0.54
      },
      "geometry": {
        "type": "Point",
        "coordinates": [
          72.5129,
          22.26271
        ]
      }
    },
    {
      "type": "Feature",
      "properties": {
        "name": "Anand (Khambhat) - Substation Hub #3",
        "type": "substation",
        "category": "substation",
        "district": "Anand",
        "taluk": "Khambhat",
        "rating": 4.3,
        "revenue_index": 0.55
      },
      "geometry": {
        "type": "Point",
        "coordinates": [
          72.5039,
          22.26571
        ]
      }
    },
    {
      "type": "Feature",
      "properties": {
        "name": "Anand (Petlad) - Retail Hub #1",
        "type": "retail",
        "category": "retail",
        "district": "Anand",
        "taluk": "Petlad",
        "rating": 3.8,
        "revenue_index": 0.56
      },
      "geometry": {
        "type": "Point",
        "coordinates": [
          72.78374,
          22.50866
        ]
      }
    },
    {
      "type": "Feature",
      "properties": {
        "name": "Anand (Petlad) - Restaurant Hub #2",
        "type": "restaurant",
        "category": "restaurant",
        "district": "Anand",
        "taluk": "Petlad",
        "rating": 3.9,
        "revenue_index": 0.57
      },
      "geometry": {
        "type": "Point",
        "coordinates": [
          72.79574,
          22.51466
        ]
      }
    },
    {
      "type": "Feature",
      "properties": {
        "name": "Anand (Petlad) - Gas Station Hub #3",
        "type": "gas_station",
        "category": "gas_station",
        "district": "Anand",
        "taluk": "Petlad",
        "rating": 4.0,
        "revenue_index": 0.58
      },
      "geometry": {
        "type": "Point",
        "coordinates": [
          72.77774,
          22.52066
        ]
      }
    },
    {
      "type": "Feature",
      "properties": {
        "name": "Banas Kantha (Danta) - Gas Station Hub #1",
        "type": "gas_station",
        "category": "gas_station",
        "district": "Banas Kantha",
        "taluk": "Danta",
        "rating": 4.6,
        "revenue_index": 0.67
      },
      "geometry": {
        "type": "Point",
        "coordinates": [
          72.82233,
          24.176
        ]
      }
    },
    {
      "type": "Feature",
      "properties": {
        "name": "Banas Kantha (Danta) - Ev Charging Hub #2",
        "type": "ev_charging",
        "category": "ev_charging",
        "district": "Banas Kantha",
        "taluk": "Danta",
        "rating": 4.7,
        "revenue_index": 0.68
      },
      "geometry": {
        "type": "Point",
        "coordinates": [
          72.82633,
          24.178
        ]
      }
    },
    {
      "type": "Feature",
      "properties": {
        "name": "Banas Kantha (Danta) - Bank Hub #3",
        "type": "bank",
        "category": "bank",
        "district": "Banas Kantha",
        "taluk": "Danta",
        "rating": 4.8,
        "revenue_index": 0.69
      },
      "geometry": {
        "type": "Point",
        "coordinates": [
          72.83033,
          24.18
        ]
      }
    },
    {
      "type": "Feature",
      "properties": {
        "name": "Banas Kantha (Dhanera) - Retail Hub #1",
        "type": "retail",
        "category": "retail",
        "district": "Banas Kantha",
        "taluk": "Dhanera",
        "rating": 4.4,
        "revenue_index": 0.59
      },
      "geometry": {
        "type": "Point",
        "coordinates": [
          72.17738,
          24.52627
        ]
      }
    },
    {
      "type": "Feature",
      "properties": {
        "name": "Banas Kantha (Dhanera) - Restaurant Hub #2",
        "type": "restaurant",
        "category": "restaurant",
        "district": "Banas Kantha",
        "taluk": "Dhanera",
        "rating": 4.5,
        "revenue_index": 0.6
      },
      "geometry": {
        "type": "Point",
        "coordinates": [
          72.16538,
          24.52027
        ]
      }
    },
    {
      "type": "Feature",
      "properties": {
        "name": "Banas Kantha (Dhanera) - Gas Station Hub #3",
        "type": "gas_station",
        "category": "gas_station",
        "district": "Banas Kantha",
        "taluk": "Dhanera",
        "rating": 4.6,
        "revenue_index": 0.61
      },
      "geometry": {
        "type": "Point",
        "coordinates": [
          72.18338,
          24.51427
        ]
      }
    },
    {
      "type": "Feature",
      "properties": {
        "name": "Banas Kantha (Disa) - Retail Hub #1",
        "type": "retail",
        "category": "retail",
        "district": "Banas Kantha",
        "taluk": "Disa",
        "rating": 4.4,
        "revenue_index": 0.77
      },
      "geometry": {
        "type": "Point",
        "coordinates": [
          72.07546,
          24.27242
        ]
      }
    },
    {
      "type": "Feature",
      "properties": {
        "name": "Banas Kantha (Disa) - Restaurant Hub #2",
        "type": "restaurant",
        "category": "restaurant",
        "district": "Banas Kantha",
        "taluk": "Disa",
        "rating": 4.5,
        "revenue_index": 0.78
      },
      "geometry": {
        "type": "Point",
        "coordinates": [
          72.06946,
          24.28442
        ]
      }
    },
    {
      "type": "Feature",
      "properties": {
        "name": "Banas Kantha (Disa) - Gas Station Hub #3",
        "type": "gas_station",
        "category": "gas_station",
        "district": "Banas Kantha",
        "taluk": "Disa",
        "rating": 4.6,
        "revenue_index": 0.79
      },
      "geometry": {
        "type": "Point",
        "coordinates": [
          72.06346,
          24.26642
        ]
      }
    },
    {
      "type": "Feature",
      "properties": {
        "name": "Banas Kantha (Diyodar) - Restaurant Hub #1",
        "type": "restaurant",
        "category": "restaurant",
        "district": "Banas Kantha",
        "taluk": "Diyodar",
        "rating": 4.5,
        "revenue_index": 0.66
      },
      "geometry": {
        "type": "Point",
        "coordinates": [
          71.70844,
          24.10644
        ]
      }
    },
    {
      "type": "Feature",
      "properties": {
        "name": "Banas Kantha (Diyodar) - Gas Station Hub #2",
        "type": "gas_station",
        "category": "gas_station",
        "district": "Banas Kantha",
        "taluk": "Diyodar",
        "rating": 4.6,
        "revenue_index": 0.67
      },
      "geometry": {
        "type": "Point",
        "coordinates": [
          71.69544,
          24.10744
        ]
      }
    },
    {
      "type": "Feature",
      "properties": {
        "name": "Banas Kantha (Diyodar) - Ev Charging Hub #3",
        "type": "ev_charging",
        "category": "ev_charging",
        "district": "Banas Kantha",
        "taluk": "Diyodar",
        "rating": 4.7,
        "revenue_index": 0.68
      },
      "geometry": {
        "type": "Point",
        "coordinates": [
          71.71244,
          24.10844
        ]
      }
    },
    {
      "type": "Feature",
      "properties": {
        "name": "Banas Kantha (Kankrej) - Retail Hub #1",
        "type": "retail",
        "category": "retail",
        "district": "Banas Kantha",
        "taluk": "Kankrej",
        "rating": 3.8,
        "revenue_index": 0.53
      },
      "geometry": {
        "type": "Point",
        "coordinates": [
          71.85725,
          24.00519
        ]
      }
    },
    {
      "type": "Feature",
      "properties": {
        "name": "Banas Kantha (Kankrej) - Restaurant Hub #2",
        "type": "restaurant",
        "category": "restaurant",
        "district": "Banas Kantha",
        "taluk": "Kankrej",
        "rating": 3.9,
        "revenue_index": 0.54
      },
      "geometry": {
        "type": "Point",
        "coordinates": [
          71.86325,
          23.99319
        ]
      }
    },
    {
      "type": "Feature",
      "properties": {
        "name": "Banas Kantha (Kankrej) - Gas Station Hub #3",
        "type": "gas_station",
        "category": "gas_station",
        "district": "Banas Kantha",
        "taluk": "Kankrej",
        "rating": 4.0,
        "revenue_index": 0.55
      },
      "geometry": {
        "type": "Point",
        "coordinates": [
          71.86925,
          24.01119
        ]
      }
    },
    {
      "type": "Feature",
      "properties": {
        "name": "Banas Kantha (Palanpur) - Bank Hub #1",
        "type": "bank",
        "category": "bank",
        "district": "Banas Kantha",
        "taluk": "Palanpur",
        "rating": 4.2,
        "revenue_index": 0.75
      },
      "geometry": {
        "type": "Point",
        "coordinates": [
          72.46044,
          24.23025
        ]
      }
    },
    {
      "type": "Feature",
      "properties": {
        "name": "Banas Kantha (Palanpur) - Substation Hub #2",
        "type": "substation",
        "category": "substation",
        "district": "Banas Kantha",
        "taluk": "Palanpur",
        "rating": 4.3,
        "revenue_index": 0.76
      },
      "geometry": {
        "type": "Point",
        "coordinates": [
          72.45044,
          24.24025
        ]
      }
    },
    {
      "type": "Feature",
      "properties": {
        "name": "Banas Kantha (Palanpur) - Retail Hub #3",
        "type": "retail",
        "category": "retail",
        "district": "Banas Kantha",
        "taluk": "Palanpur",
        "rating": 4.4,
        "revenue_index": 0.77
      },
      "geometry": {
        "type": "Point",
        "coordinates": [
          72.44044,
          24.22025
        ]
      }
    },
    {
      "type": "Feature",
      "properties": {
        "name": "Banas Kantha (Tharad) - Bank Hub #1",
        "type": "bank",
        "category": "bank",
        "district": "Banas Kantha",
        "taluk": "Tharad",
        "rating": 4.2,
        "revenue_index": 0.75
      },
      "geometry": {
        "type": "Point",
        "coordinates": [
          71.68364,
          24.48748
        ]
      }
    },
    {
      "type": "Feature",
      "properties": {
        "name": "Banas Kantha (Tharad) - Substation Hub #2",
        "type": "substation",
        "category": "substation",
        "district": "Banas Kantha",
        "taluk": "Tharad",
        "rating": 4.3,
        "revenue_index": 0.76
      },
      "geometry": {
        "type": "Point",
        "coordinates": [
          71.67364,
          24.49748
        ]
      }
    },
    {
      "type": "Feature",
      "properties": {
        "name": "Banas Kantha (Tharad) - Retail Hub #3",
        "type": "retail",
        "category": "retail",
        "district": "Banas Kantha",
        "taluk": "Tharad",
        "rating": 4.4,
        "revenue_index": 0.77
      },
      "geometry": {
        "type": "Point",
        "coordinates": [
          71.66364,
          24.47748
        ]
      }
    },
    {
      "type": "Feature",
      "properties": {
        "name": "Banas Kantha (Vadgam) - Bank Hub #1",
        "type": "bank",
        "category": "bank",
        "district": "Banas Kantha",
        "taluk": "Vadgam",
        "rating": 4.2,
        "revenue_index": 0.75
      },
      "geometry": {
        "type": "Point",
        "coordinates": [
          72.53017,
          24.04275
        ]
      }
    },
    {
      "type": "Feature",
      "properties": {
        "name": "Banas Kantha (Vadgam) - Substation Hub #2",
        "type": "substation",
        "category": "substation",
        "district": "Banas Kantha",
        "taluk": "Vadgam",
        "rating": 4.3,
        "revenue_index": 0.76
      },
      "geometry": {
        "type": "Point",
        "coordinates": [
          72.52017,
          24.05275
        ]
      }
    },
    {
      "type": "Feature",
      "properties": {
        "name": "Banas Kantha (Vadgam) - Retail Hub #3",
        "type": "retail",
        "category": "retail",
        "district": "Banas Kantha",
        "taluk": "Vadgam",
        "rating": 4.4,
        "revenue_index": 0.77
      },
      "geometry": {
        "type": "Point",
        "coordinates": [
          72.51017,
          24.03275
        ]
      }
    },
    {
      "type": "Feature",
      "properties": {
        "name": "Banas Kantha (Vav) - Restaurant Hub #1",
        "type": "restaurant",
        "category": "restaurant",
        "district": "Banas Kantha",
        "taluk": "Vav",
        "rating": 3.9,
        "revenue_index": 0.6
      },
      "geometry": {
        "type": "Point",
        "coordinates": [
          71.42002,
          24.33219
        ]
      }
    },
    {
      "type": "Feature",
      "properties": {
        "name": "Banas Kantha (Vav) - Gas Station Hub #2",
        "type": "gas_station",
        "category": "gas_station",
        "district": "Banas Kantha",
        "taluk": "Vav",
        "rating": 4.0,
        "revenue_index": 0.61
      },
      "geometry": {
        "type": "Point",
        "coordinates": [
          71.42502,
          24.32719
        ]
      }
    },
    {
      "type": "Feature",
      "properties": {
        "name": "Banas Kantha (Vav) - Ev Charging Hub #3",
        "type": "ev_charging",
        "category": "ev_charging",
        "district": "Banas Kantha",
        "taluk": "Vav",
        "rating": 4.1,
        "revenue_index": 0.62
      },
      "geometry": {
        "type": "Point",
        "coordinates": [
          71.43002,
          24.32219
        ]
      }
    },
    {
      "type": "Feature",
      "properties": {
        "name": "Bharuch (Amod) - Retail Hub #1",
        "type": "retail",
        "category": "retail",
        "district": "Bharuch",
        "taluk": "Amod",
        "rating": 3.8,
        "revenue_index": 0.68
      },
      "geometry": {
        "type": "Point",
        "coordinates": [
          72.9435,
          21.97609
        ]
      }
    },
    {
      "type": "Feature",
      "properties": {
        "name": "Bharuch (Amod) - Restaurant Hub #2",
        "type": "restaurant",
        "category": "restaurant",
        "district": "Bharuch",
        "taluk": "Amod",
        "rating": 3.9,
        "revenue_index": 0.69
      },
      "geometry": {
        "type": "Point",
        "coordinates": [
          72.9495,
          21.96409
        ]
      }
    },
    {
      "type": "Feature",
      "properties": {
        "name": "Bharuch (Amod) - Gas Station Hub #3",
        "type": "gas_station",
        "category": "gas_station",
        "district": "Bharuch",
        "taluk": "Amod",
        "rating": 4.0,
        "revenue_index": 0.7
      },
      "geometry": {
        "type": "Point",
        "coordinates": [
          72.9555,
          21.98209
        ]
      }
    },
    {
      "type": "Feature",
      "properties": {
        "name": "Bharuch (Ankleshwar) - Bank Hub #1",
        "type": "bank",
        "category": "bank",
        "district": "Bharuch",
        "taluk": "Ankleshwar",
        "rating": 4.8,
        "revenue_index": 0.87
      },
      "geometry": {
        "type": "Point",
        "coordinates": [
          72.98358,
          21.59083
        ]
      }
    },
    {
      "type": "Feature",
      "properties": {
        "name": "Bharuch (Ankleshwar) - Substation Hub #2",
        "type": "substation",
        "category": "substation",
        "district": "Bharuch",
        "taluk": "Ankleshwar",
        "rating": 4.9,
        "revenue_index": 0.88
      },
      "geometry": {
        "type": "Point",
        "coordinates": [
          72.99758,
          21.58283
        ]
      }
    },
    {
      "type": "Feature",
      "properties": {
        "name": "Bharuch (Ankleshwar) - Retail Hub #3",
        "type": "retail",
        "category": "retail",
        "district": "Bharuch",
        "taluk": "Ankleshwar",
        "rating": 3.8,
        "revenue_index": 0.89
      },
      "geometry": {
        "type": "Point",
        "coordinates": [
          72.98158,
          21.57483
        ]
      }
    },
    {
      "type": "Feature",
      "properties": {
        "name": "Bharuch (Bharuch) - Substation Hub #1",
        "type": "substation",
        "category": "substation",
        "district": "Bharuch",
        "taluk": "Bharuch",
        "rating": 4.3,
        "revenue_index": 0.67
      },
      "geometry": {
        "type": "Point",
        "coordinates": [
          72.87885,
          21.71239
        ]
      }
    },
    {
      "type": "Feature",
      "properties": {
        "name": "Bharuch (Bharuch) - Retail Hub #2",
        "type": "retail",
        "category": "retail",
        "district": "Bharuch",
        "taluk": "Bharuch",
        "rating": 4.4,
        "revenue_index": 0.68
      },
      "geometry": {
        "type": "Point",
        "coordinates": [
          72.86785,
          21.69939
        ]
      }
    },
    {
      "type": "Feature",
      "properties": {
        "name": "Bharuch (Bharuch) - Restaurant Hub #3",
        "type": "restaurant",
        "category": "restaurant",
        "district": "Bharuch",
        "taluk": "Bharuch",
        "rating": 4.5,
        "revenue_index": 0.69
      },
      "geometry": {
        "type": "Point",
        "coordinates": [
          72.88685,
          21.71639
        ]
      }
    },
    {
      "type": "Feature",
      "properties": {
        "name": "Bharuch (Hansot Mahal) - Retail Hub #1",
        "type": "retail",
        "category": "retail",
        "district": "Bharuch",
        "taluk": "Hansot Mahal",
        "rating": 4.4,
        "revenue_index": 0.8
      },
      "geometry": {
        "type": "Point",
        "coordinates": [
          72.66005,
          21.54788
        ]
      }
    },
    {
      "type": "Feature",
      "properties": {
        "name": "Bharuch (Hansot Mahal) - Restaurant Hub #2",
        "type": "restaurant",
        "category": "restaurant",
        "district": "Bharuch",
        "taluk": "Hansot Mahal",
        "rating": 4.5,
        "revenue_index": 0.81
      },
      "geometry": {
        "type": "Point",
        "coordinates": [
          72.66005,
          21.54788
        ]
      }
    },
    {
      "type": "Feature",
      "properties": {
        "name": "Bharuch (Hansot Mahal) - Gas Station Hub #3",
        "type": "gas_station",
        "category": "gas_station",
        "district": "Bharuch",
        "taluk": "Hansot Mahal",
        "rating": 4.6,
        "revenue_index": 0.82
      },
      "geometry": {
        "type": "Point",
        "coordinates": [
          72.66005,
          21.54788
        ]
      }
    },
    {
      "type": "Feature",
      "properties": {
        "name": "Bharuch (Jambusar) - Bank Hub #1",
        "type": "bank",
        "category": "bank",
        "district": "Bharuch",
        "taluk": "Jambusar",
        "rating": 4.8,
        "revenue_index": 0.72
      },
      "geometry": {
        "type": "Point",
        "coordinates": [
          72.64273,
          22.1053
        ]
      }
    },
    {
      "type": "Feature",
      "properties": {
        "name": "Bharuch (Jambusar) - Substation Hub #2",
        "type": "substation",
        "category": "substation",
        "district": "Bharuch",
        "taluk": "Jambusar",
        "rating": 4.9,
        "revenue_index": 0.73
      },
      "geometry": {
        "type": "Point",
        "coordinates": [
          72.65673,
          22.0973
        ]
      }
    },
    {
      "type": "Feature",
      "properties": {
        "name": "Bharuch (Jambusar) - Retail Hub #3",
        "type": "retail",
        "category": "retail",
        "district": "Bharuch",
        "taluk": "Jambusar",
        "rating": 3.8,
        "revenue_index": 0.74
      },
      "geometry": {
        "type": "Point",
        "coordinates": [
          72.64073,
          22.0893
        ]
      }
    },
    {
      "type": "Feature",
      "properties": {
        "name": "Bharuch (Jhagadia) - Gas Station Hub #1",
        "type": "gas_station",
        "category": "gas_station",
        "district": "Bharuch",
        "taluk": "Jhagadia",
        "rating": 4.0,
        "revenue_index": 0.55
      },
      "geometry": {
        "type": "Point",
        "coordinates": [
          73.26934,
          21.70827
        ]
      }
    },
    {
      "type": "Feature",
      "properties": {
        "name": "Bharuch (Jhagadia) - Ev Charging Hub #2",
        "type": "ev_charging",
        "category": "ev_charging",
        "district": "Bharuch",
        "taluk": "Jhagadia",
        "rating": 4.1,
        "revenue_index": 0.56
      },
      "geometry": {
        "type": "Point",
        "coordinates": [
          73.27934,
          21.69827
        ]
      }
    },
    {
      "type": "Feature",
      "properties": {
        "name": "Bharuch (Jhagadia) - Bank Hub #3",
        "type": "bank",
        "category": "bank",
        "district": "Bharuch",
        "taluk": "Jhagadia",
        "rating": 4.2,
        "revenue_index": 0.57
      },
      "geometry": {
        "type": "Point",
        "coordinates": [
          73.25934,
          21.68827
        ]
      }
    },
    {
      "type": "Feature",
      "properties": {
        "name": "Bharuch (Vagra) - Retail Hub #1",
        "type": "retail",
        "category": "retail",
        "district": "Bharuch",
        "taluk": "Vagra",
        "rating": 3.8,
        "revenue_index": 0.5
      },
      "geometry": {
        "type": "Point",
        "coordinates": [
          72.59789,
          21.70426
        ]
      }
    },
    {
      "type": "Feature",
      "properties": {
        "name": "Bharuch (Vagra) - Restaurant Hub #2",
        "type": "restaurant",
        "category": "restaurant",
        "district": "Bharuch",
        "taluk": "Vagra",
        "rating": 3.9,
        "revenue_index": 0.51
      },
      "geometry": {
        "type": "Point",
        "coordinates": [
          72.59789,
          21.70426
        ]
      }
    },
    {
      "type": "Feature",
      "properties": {
        "name": "Bharuch (Vagra) - Gas Station Hub #3",
        "type": "gas_station",
        "category": "gas_station",
        "district": "Bharuch",
        "taluk": "Vagra",
        "rating": 4.0,
        "revenue_index": 0.52
      },
      "geometry": {
        "type": "Point",
        "coordinates": [
          72.59789,
          21.70426
        ]
      }
    },
    {
      "type": "Feature",
      "properties": {
        "name": "Bharuch (Valia) - Bank Hub #1",
        "type": "bank",
        "category": "bank",
        "district": "Bharuch",
        "taluk": "Valia",
        "rating": 4.8,
        "revenue_index": 0.66
      },
      "geometry": {
        "type": "Point",
        "coordinates": [
          73.26527,
          21.57918
        ]
      }
    },
    {
      "type": "Feature",
      "properties": {
        "name": "Bharuch (Valia) - Substation Hub #2",
        "type": "substation",
        "category": "substation",
        "district": "Bharuch",
        "taluk": "Valia",
        "rating": 4.9,
        "revenue_index": 0.67
      },
      "geometry": {
        "type": "Point",
        "coordinates": [
          73.26727,
          21.56518
        ]
      }
    },
    {
      "type": "Feature",
      "properties": {
        "name": "Bharuch (Valia) - Retail Hub #3",
        "type": "retail",
        "category": "retail",
        "district": "Bharuch",
        "taluk": "Valia",
        "rating": 3.8,
        "revenue_index": 0.68
      },
      "geometry": {
        "type": "Point",
        "coordinates": [
          73.26927,
          21.58118
        ]
      }
    },
    {
      "type": "Feature",
      "properties": {
        "name": "Bhavnagar (Bhavnagar) - Substation Hub #1",
        "type": "substation",
        "category": "substation",
        "district": "Bhavnagar",
        "taluk": "Bhavnagar",
        "rating": 4.3,
        "revenue_index": 0.76
      },
      "geometry": {
        "type": "Point",
        "coordinates": [
          72.10286,
          21.74625
        ]
      }
    },
    {
      "type": "Feature",
      "properties": {
        "name": "Bhavnagar (Bhavnagar) - Retail Hub #2",
        "type": "retail",
        "category": "retail",
        "district": "Bhavnagar",
        "taluk": "Bhavnagar",
        "rating": 4.4,
        "revenue_index": 0.77
      },
      "geometry": {
        "type": "Point",
        "coordinates": [
          72.10986,
          21.75725
        ]
      }
    },
    {
      "type": "Feature",
      "properties": {
        "name": "Bhavnagar (Bhavnagar) - Restaurant Hub #3",
        "type": "restaurant",
        "category": "restaurant",
        "district": "Bhavnagar",
        "taluk": "Bhavnagar",
        "rating": 4.5,
        "revenue_index": 0.78
      },
      "geometry": {
        "type": "Point",
        "coordinates": [
          72.11686,
          21.73825
        ]
      }
    },
    {
      "type": "Feature",
      "properties": {
        "name": "Bhavnagar (Botad) - Restaurant Hub #1",
        "type": "restaurant",
        "category": "restaurant",
        "district": "Bhavnagar",
        "taluk": "Botad",
        "rating": 3.9,
        "revenue_index": 0.72
      },
      "geometry": {
        "type": "Point",
        "coordinates": [
          71.67705,
          22.14292
        ]
      }
    },
    {
      "type": "Feature",
      "properties": {
        "name": "Bhavnagar (Botad) - Gas Station Hub #2",
        "type": "gas_station",
        "category": "gas_station",
        "district": "Bhavnagar",
        "taluk": "Botad",
        "rating": 4.0,
        "revenue_index": 0.73
      },
      "geometry": {
        "type": "Point",
        "coordinates": [
          71.67605,
          22.14992
        ]
      }
    },
    {
      "type": "Feature",
      "properties": {
        "name": "Bhavnagar (Botad) - Ev Charging Hub #3",
        "type": "ev_charging",
        "category": "ev_charging",
        "district": "Bhavnagar",
        "taluk": "Botad",
        "rating": 4.1,
        "revenue_index": 0.74
      },
      "geometry": {
        "type": "Point",
        "coordinates": [
          71.67505,
          22.15692
        ]
      }
    },
    {
      "type": "Feature",
      "properties": {
        "name": "Bhavnagar (Gadhada) - Gas Station Hub #1",
        "type": "gas_station",
        "category": "gas_station",
        "district": "Bhavnagar",
        "taluk": "Gadhada",
        "rating": 4.0,
        "revenue_index": 0.7
      },
      "geometry": {
        "type": "Point",
        "coordinates": [
          71.57901,
          21.93711
        ]
      }
    },
    {
      "type": "Feature",
      "properties": {
        "name": "Bhavnagar (Gadhada) - Ev Charging Hub #2",
        "type": "ev_charging",
        "category": "ev_charging",
        "district": "Bhavnagar",
        "taluk": "Gadhada",
        "rating": 4.1,
        "revenue_index": 0.71
      },
      "geometry": {
        "type": "Point",
        "coordinates": [
          71.58901,
          21.92711
        ]
      }
    },
    {
      "type": "Feature",
      "properties": {
        "name": "Bhavnagar (Gadhada) - Bank Hub #3",
        "type": "bank",
        "category": "bank",
        "district": "Bhavnagar",
        "taluk": "Gadhada",
        "rating": 4.2,
        "revenue_index": 0.72
      },
      "geometry": {
        "type": "Point",
        "coordinates": [
          71.56901,
          21.91711
        ]
      }
    },
    {
      "type": "Feature",
      "properties": {
        "name": "Bhavnagar (Gariyadhar) - Bank Hub #1",
        "type": "bank",
        "category": "bank",
        "district": "Bhavnagar",
        "taluk": "Gariyadhar",
        "rating": 4.8,
        "revenue_index": 0.75
      },
      "geometry": {
        "type": "Point",
        "coordinates": [
          71.64716,
          21.52146
        ]
      }
    },
    {
      "type": "Feature",
      "properties": {
        "name": "Bhavnagar (Gariyadhar) - Substation Hub #2",
        "type": "substation",
        "category": "substation",
        "district": "Bhavnagar",
        "taluk": "Gariyadhar",
        "rating": 4.9,
        "revenue_index": 0.76
      },
      "geometry": {
        "type": "Point",
        "coordinates": [
          71.63716,
          21.53146
        ]
      }
    },
    {
      "type": "Feature",
      "properties": {
        "name": "Bhavnagar (Gariyadhar) - Retail Hub #3",
        "type": "retail",
        "category": "retail",
        "district": "Bhavnagar",
        "taluk": "Gariyadhar",
        "rating": 3.8,
        "revenue_index": 0.77
      },
      "geometry": {
        "type": "Point",
        "coordinates": [
          71.62716,
          21.51146
        ]
      }
    },
    {
      "type": "Feature",
      "properties": {
        "name": "Bhavnagar (Ghogha) - Substation Hub #1",
        "type": "substation",
        "category": "substation",
        "district": "Bhavnagar",
        "taluk": "Ghogha",
        "rating": 4.9,
        "revenue_index": 0.67
      },
      "geometry": {
        "type": "Point",
        "coordinates": [
          72.2851,
          21.68097
        ]
      }
    },
    {
      "type": "Feature",
      "properties": {
        "name": "Bhavnagar (Ghogha) - Retail Hub #2",
        "type": "retail",
        "category": "retail",
        "district": "Bhavnagar",
        "taluk": "Ghogha",
        "rating": 3.8,
        "revenue_index": 0.68
      },
      "geometry": {
        "type": "Point",
        "coordinates": [
          72.2741,
          21.66797
        ]
      }
    },
    {
      "type": "Feature",
      "properties": {
        "name": "Bhavnagar (Ghogha) - Restaurant Hub #3",
        "type": "restaurant",
        "category": "restaurant",
        "district": "Bhavnagar",
        "taluk": "Ghogha",
        "rating": 3.9,
        "revenue_index": 0.69
      },
      "geometry": {
        "type": "Point",
        "coordinates": [
          72.2931,
          21.68497
        ]
      }
    },
    {
      "type": "Feature",
      "properties": {
        "name": "Bhavnagar (Mahuva) - Restaurant Hub #1",
        "type": "restaurant",
        "category": "restaurant",
        "district": "Bhavnagar",
        "taluk": "Mahuva",
        "rating": 4.5,
        "revenue_index": 0.93
      },
      "geometry": {
        "type": "Point",
        "coordinates": [
          71.84205,
          21.11728
        ]
      }
    },
    {
      "type": "Feature",
      "properties": {
        "name": "Bhavnagar (Mahuva) - Gas Station Hub #2",
        "type": "gas_station",
        "category": "gas_station",
        "district": "Bhavnagar",
        "taluk": "Mahuva",
        "rating": 4.6,
        "revenue_index": 0.94
      },
      "geometry": {
        "type": "Point",
        "coordinates": [
          71.85305,
          21.13028
        ]
      }
    },
    {
      "type": "Feature",
      "properties": {
        "name": "Bhavnagar (Mahuva) - Ev Charging Hub #3",
        "type": "ev_charging",
        "category": "ev_charging",
        "district": "Bhavnagar",
        "taluk": "Mahuva",
        "rating": 4.7,
        "revenue_index": 0.5
      },
      "geometry": {
        "type": "Point",
        "coordinates": [
          71.83405,
          21.11328
        ]
      }
    },
    {
      "type": "Feature",
      "properties": {
        "name": "Bhavnagar (Palitana) - Ev Charging Hub #1",
        "type": "ev_charging",
        "category": "ev_charging",
        "district": "Bhavnagar",
        "taluk": "Palitana",
        "rating": 4.1,
        "revenue_index": 0.68
      },
      "geometry": {
        "type": "Point",
        "coordinates": [
          71.81112,
          21.49093
        ]
      }
    },
    {
      "type": "Feature",
      "properties": {
        "name": "Bhavnagar (Palitana) - Bank Hub #2",
        "type": "bank",
        "category": "bank",
        "district": "Bhavnagar",
        "taluk": "Palitana",
        "rating": 4.2,
        "revenue_index": 0.69
      },
      "geometry": {
        "type": "Point",
        "coordinates": [
          71.80212,
          21.49393
        ]
      }
    },
    {
      "type": "Feature",
      "properties": {
        "name": "Bhavnagar (Palitana) - Substation Hub #3",
        "type": "substation",
        "category": "substation",
        "district": "Bhavnagar",
        "taluk": "Palitana",
        "rating": 4.3,
        "revenue_index": 0.7
      },
      "geometry": {
        "type": "Point",
        "coordinates": [
          71.79312,
          21.49693
        ]
      }
    },
    {
      "type": "Feature",
      "properties": {
        "name": "Bhavnagar (Sihor) - Gas Station Hub #1",
        "type": "gas_station",
        "category": "gas_station",
        "district": "Bhavnagar",
        "taluk": "Sihor",
        "rating": 4.6,
        "revenue_index": 0.61
      },
      "geometry": {
        "type": "Point",
        "coordinates": [
          71.90731,
          21.67756
        ]
      }
    },
    {
      "type": "Feature",
      "properties": {
        "name": "Bhavnagar (Sihor) - Ev Charging Hub #2",
        "type": "ev_charging",
        "category": "ev_charging",
        "district": "Bhavnagar",
        "taluk": "Sihor",
        "rating": 4.7,
        "revenue_index": 0.62
      },
      "geometry": {
        "type": "Point",
        "coordinates": [
          71.89931,
          21.67356
        ]
      }
    },
    {
      "type": "Feature",
      "properties": {
        "name": "Bhavnagar (Sihor) - Bank Hub #3",
        "type": "bank",
        "category": "bank",
        "district": "Bhavnagar",
        "taluk": "Sihor",
        "rating": 4.8,
        "revenue_index": 0.63
      },
      "geometry": {
        "type": "Point",
        "coordinates": [
          71.89131,
          21.66956
        ]
      }
    },
    {
      "type": "Feature",
      "properties": {
        "name": "Bhavnagar (Talaja) - Retail Hub #1",
        "type": "retail",
        "category": "retail",
        "district": "Bhavnagar",
        "taluk": "Talaja",
        "rating": 4.4,
        "revenue_index": 0.59
      },
      "geometry": {
        "type": "Point",
        "coordinates": [
          72.10056,
          21.2936
        ]
      }
    },
    {
      "type": "Feature",
      "properties": {
        "name": "Bhavnagar (Talaja) - Restaurant Hub #2",
        "type": "restaurant",
        "category": "restaurant",
        "district": "Bhavnagar",
        "taluk": "Talaja",
        "rating": 4.5,
        "revenue_index": 0.6
      },
      "geometry": {
        "type": "Point",
        "coordinates": [
          72.08856,
          21.2876
        ]
      }
    },
    {
      "type": "Feature",
      "properties": {
        "name": "Bhavnagar (Talaja) - Gas Station Hub #3",
        "type": "gas_station",
        "category": "gas_station",
        "district": "Bhavnagar",
        "taluk": "Talaja",
        "rating": 4.6,
        "revenue_index": 0.61
      },
      "geometry": {
        "type": "Point",
        "coordinates": [
          72.10656,
          21.2816
        ]
      }
    },
    {
      "type": "Feature",
      "properties": {
        "name": "Bhavnagar (Umrala) - Substation Hub #1",
        "type": "substation",
        "category": "substation",
        "district": "Bhavnagar",
        "taluk": "Umrala",
        "rating": 4.9,
        "revenue_index": 0.94
      },
      "geometry": {
        "type": "Point",
        "coordinates": [
          71.75761,
          21.81747
        ]
      }
    },
    {
      "type": "Feature",
      "properties": {
        "name": "Bhavnagar (Umrala) - Retail Hub #2",
        "type": "retail",
        "category": "retail",
        "district": "Bhavnagar",
        "taluk": "Umrala",
        "rating": 3.8,
        "revenue_index": 0.5
      },
      "geometry": {
        "type": "Point",
        "coordinates": [
          71.77061,
          21.81647
        ]
      }
    },
    {
      "type": "Feature",
      "properties": {
        "name": "Bhavnagar (Umrala) - Restaurant Hub #3",
        "type": "restaurant",
        "category": "restaurant",
        "district": "Bhavnagar",
        "taluk": "Umrala",
        "rating": 3.9,
        "revenue_index": 0.51
      },
      "geometry": {
        "type": "Point",
        "coordinates": [
          71.75361,
          21.81547
        ]
      }
    },
    {
      "type": "Feature",
      "properties": {
        "name": "Bhavnagar (Valabhipur) - Bank Hub #1",
        "type": "bank",
        "category": "bank",
        "district": "Bhavnagar",
        "taluk": "Valabhipur",
        "rating": 4.2,
        "revenue_index": 0.87
      },
      "geometry": {
        "type": "Point",
        "coordinates": [
          71.89343,
          21.97051
        ]
      }
    },
    {
      "type": "Feature",
      "properties": {
        "name": "Bhavnagar (Valabhipur) - Substation Hub #2",
        "type": "substation",
        "category": "substation",
        "district": "Bhavnagar",
        "taluk": "Valabhipur",
        "rating": 4.3,
        "revenue_index": 0.88
      },
      "geometry": {
        "type": "Point",
        "coordinates": [
          71.90743,
          21.96251
        ]
      }
    },
    {
      "type": "Feature",
      "properties": {
        "name": "Bhavnagar (Valabhipur) - Retail Hub #3",
        "type": "retail",
        "category": "retail",
        "district": "Bhavnagar",
        "taluk": "Valabhipur",
        "rating": 4.4,
        "revenue_index": 0.89
      },
      "geometry": {
        "type": "Point",
        "coordinates": [
          71.89143,
          21.95451
        ]
      }
    },
    {
      "type": "Feature",
      "properties": {
        "name": "Dahod (Dahod) - Restaurant Hub #1",
        "type": "restaurant",
        "category": "restaurant",
        "district": "Dahod",
        "taluk": "Dahod",
        "rating": 3.9,
        "revenue_index": 0.84
      },
      "geometry": {
        "type": "Point",
        "coordinates": [
          74.29874,
          22.80421
        ]
      }
    },
    {
      "type": "Feature",
      "properties": {
        "name": "Dahod (Dahod) - Gas Station Hub #2",
        "type": "gas_station",
        "category": "gas_station",
        "district": "Dahod",
        "taluk": "Dahod",
        "rating": 4.0,
        "revenue_index": 0.85
      },
      "geometry": {
        "type": "Point",
        "coordinates": [
          74.29174,
          22.79321
        ]
      }
    },
    {
      "type": "Feature",
      "properties": {
        "name": "Dahod (Dahod) - Ev Charging Hub #3",
        "type": "ev_charging",
        "category": "ev_charging",
        "district": "Dahod",
        "taluk": "Dahod",
        "rating": 4.1,
        "revenue_index": 0.86
      },
      "geometry": {
        "type": "Point",
        "coordinates": [
          74.28474,
          22.81221
        ]
      }
    },
    {
      "type": "Feature",
      "properties": {
        "name": "Dahod (Devgadh Bariya) - Bank Hub #1",
        "type": "bank",
        "category": "bank",
        "district": "Dahod",
        "taluk": "Devgadh Bariya",
        "rating": 4.2,
        "revenue_index": 0.75
      },
      "geometry": {
        "type": "Point",
        "coordinates": [
          73.82755,
          22.65347
        ]
      }
    },
    {
      "type": "Feature",
      "properties": {
        "name": "Dahod (Devgadh Bariya) - Substation Hub #2",
        "type": "substation",
        "category": "substation",
        "district": "Dahod",
        "taluk": "Devgadh Bariya",
        "rating": 4.3,
        "revenue_index": 0.76
      },
      "geometry": {
        "type": "Point",
        "coordinates": [
          73.81755,
          22.66347
        ]
      }
    },
    {
      "type": "Feature",
      "properties": {
        "name": "Dahod (Devgadh Bariya) - Retail Hub #3",
        "type": "retail",
        "category": "retail",
        "district": "Dahod",
        "taluk": "Devgadh Bariya",
        "rating": 4.4,
        "revenue_index": 0.77
      },
      "geometry": {
        "type": "Point",
        "coordinates": [
          73.80755,
          22.64347
        ]
      }
    },
    {
      "type": "Feature",
      "properties": {
        "name": "Dahod (Jhalod) - Bank Hub #1",
        "type": "bank",
        "category": "bank",
        "district": "Dahod",
        "taluk": "Jhalod",
        "rating": 4.2,
        "revenue_index": 0.9
      },
      "geometry": {
        "type": "Point",
        "coordinates": [
          74.14305,
          23.04164
        ]
      }
    },
    {
      "type": "Feature",
      "properties": {
        "name": "Dahod (Jhalod) - Substation Hub #2",
        "type": "substation",
        "category": "substation",
        "district": "Dahod",
        "taluk": "Jhalod",
        "rating": 4.3,
        "revenue_index": 0.91
      },
      "geometry": {
        "type": "Point",
        "coordinates": [
          74.13305,
          23.05164
        ]
      }
    },
    {
      "type": "Feature",
      "properties": {
        "name": "Dahod (Jhalod) - Retail Hub #3",
        "type": "retail",
        "category": "retail",
        "district": "Dahod",
        "taluk": "Jhalod",
        "rating": 4.4,
        "revenue_index": 0.92
      },
      "geometry": {
        "type": "Point",
        "coordinates": [
          74.12305,
          23.03164
        ]
      }
    },
    {
      "type": "Feature",
      "properties": {
        "name": "Dahod (Limkheda) - Retail Hub #1",
        "type": "retail",
        "category": "retail",
        "district": "Dahod",
        "taluk": "Limkheda",
        "rating": 4.4,
        "revenue_index": 0.74
      },
      "geometry": {
        "type": "Point",
        "coordinates": [
          74.08409,
          22.77542
        ]
      }
    },
    {
      "type": "Feature",
      "properties": {
        "name": "Dahod (Limkheda) - Restaurant Hub #2",
        "type": "restaurant",
        "category": "restaurant",
        "district": "Dahod",
        "taluk": "Limkheda",
        "rating": 4.5,
        "revenue_index": 0.75
      },
      "geometry": {
        "type": "Point",
        "coordinates": [
          74.07209,
          22.76942
        ]
      }
    },
    {
      "type": "Feature",
      "properties": {
        "name": "Dahod (Limkheda) - Gas Station Hub #3",
        "type": "gas_station",
        "category": "gas_station",
        "district": "Dahod",
        "taluk": "Limkheda",
        "rating": 4.6,
        "revenue_index": 0.76
      },
      "geometry": {
        "type": "Point",
        "coordinates": [
          74.09009,
          22.76342
        ]
      }
    },
    {
      "type": "Feature",
      "properties": {
        "name": "Dahod (Santrampur) - Gas Station Hub #1",
        "type": "gas_station",
        "category": "gas_station",
        "district": "Dahod",
        "taluk": "Santrampur",
        "rating": 4.6,
        "revenue_index": 0.58
      },
      "geometry": {
        "type": "Point",
        "coordinates": [
          73.87442,
          23.21465
        ]
      }
    },
    {
      "type": "Feature",
      "properties": {
        "name": "Dahod (Santrampur) - Ev Charging Hub #2",
        "type": "ev_charging",
        "category": "ev_charging",
        "district": "Dahod",
        "taluk": "Santrampur",
        "rating": 4.7,
        "revenue_index": 0.59
      },
      "geometry": {
        "type": "Point",
        "coordinates": [
          73.86042,
          23.22265
        ]
      }
    },
    {
      "type": "Feature",
      "properties": {
        "name": "Dahod (Santrampur) - Bank Hub #3",
        "type": "bank",
        "category": "bank",
        "district": "Dahod",
        "taluk": "Santrampur",
        "rating": 4.8,
        "revenue_index": 0.6
      },
      "geometry": {
        "type": "Point",
        "coordinates": [
          73.87642,
          23.23065
        ]
      }
    },
    {
      "type": "Feature",
      "properties": {
        "name": "Gandhinagar (Dahegam) - Retail Hub #1",
        "type": "retail",
        "category": "retail",
        "district": "Gandhinagar",
        "taluk": "Dahegam",
        "rating": 3.8,
        "revenue_index": 0.86
      },
      "geometry": {
        "type": "Point",
        "coordinates": [
          72.8893,
          23.15813
        ]
      }
    },
    {
      "type": "Feature",
      "properties": {
        "name": "Gandhinagar (Dahegam) - Restaurant Hub #2",
        "type": "restaurant",
        "category": "restaurant",
        "district": "Gandhinagar",
        "taluk": "Dahegam",
        "rating": 3.9,
        "revenue_index": 0.87
      },
      "geometry": {
        "type": "Point",
        "coordinates": [
          72.9013,
          23.16413
        ]
      }
    },
    {
      "type": "Feature",
      "properties": {
        "name": "Gandhinagar (Dahegam) - Gas Station Hub #3",
        "type": "gas_station",
        "category": "gas_station",
        "district": "Gandhinagar",
        "taluk": "Dahegam",
        "rating": 4.0,
        "revenue_index": 0.88
      },
      "geometry": {
        "type": "Point",
        "coordinates": [
          72.8833,
          23.17013
        ]
      }
    },
    {
      "type": "Feature",
      "properties": {
        "name": "Gandhinagar (Gandhinagar) - Substation Hub #1",
        "type": "substation",
        "category": "substation",
        "district": "Gandhinagar",
        "taluk": "Gandhinagar",
        "rating": 4.3,
        "revenue_index": 0.7
      },
      "geometry": {
        "type": "Point",
        "coordinates": [
          72.69536,
          23.207
        ]
      }
    },
    {
      "type": "Feature",
      "properties": {
        "name": "Gandhinagar (Gandhinagar) - Retail Hub #2",
        "type": "retail",
        "category": "retail",
        "district": "Gandhinagar",
        "taluk": "Gandhinagar",
        "rating": 4.4,
        "revenue_index": 0.71
      },
      "geometry": {
        "type": "Point",
        "coordinates": [
          72.69036,
          23.212
        ]
      }
    },
    {
      "type": "Feature",
      "properties": {
        "name": "Gandhinagar (Gandhinagar) - Restaurant Hub #3",
        "type": "restaurant",
        "category": "restaurant",
        "district": "Gandhinagar",
        "taluk": "Gandhinagar",
        "rating": 4.5,
        "revenue_index": 0.72
      },
      "geometry": {
        "type": "Point",
        "coordinates": [
          72.68536,
          23.217
        ]
      }
    },
    {
      "type": "Feature",
      "properties": {
        "name": "Gandhinagar (Kalol) - Bank Hub #1",
        "type": "bank",
        "category": "bank",
        "district": "Gandhinagar",
        "taluk": "Kalol",
        "rating": 4.8,
        "revenue_index": 0.75
      },
      "geometry": {
        "type": "Point",
        "coordinates": [
          72.51858,
          23.23402
        ]
      }
    },
    {
      "type": "Feature",
      "properties": {
        "name": "Gandhinagar (Kalol) - Substation Hub #2",
        "type": "substation",
        "category": "substation",
        "district": "Gandhinagar",
        "taluk": "Kalol",
        "rating": 4.9,
        "revenue_index": 0.76
      },
      "geometry": {
        "type": "Point",
        "coordinates": [
          72.50858,
          23.24402
        ]
      }
    },
    {
      "type": "Feature",
      "properties": {
        "name": "Gandhinagar (Kalol) - Retail Hub #3",
        "type": "retail",
        "category": "retail",
        "district": "Gandhinagar",
        "taluk": "Kalol",
        "rating": 3.8,
        "revenue_index": 0.77
      },
      "geometry": {
        "type": "Point",
        "coordinates": [
          72.49858,
          23.22402
        ]
      }
    },
    {
      "type": "Feature",
      "properties": {
        "name": "Jamnagar (Bhanvad) - Gas Station Hub #1",
        "type": "gas_station",
        "category": "gas_station",
        "district": "Jamnagar",
        "taluk": "Bhanvad",
        "rating": 4.6,
        "revenue_index": 0.88
      },
      "geometry": {
        "type": "Point",
        "coordinates": [
          69.79253,
          21.94236
        ]
      }
    },
    {
      "type": "Feature",
      "properties": {
        "name": "Jamnagar (Bhanvad) - Ev Charging Hub #2",
        "type": "ev_charging",
        "category": "ev_charging",
        "district": "Jamnagar",
        "taluk": "Bhanvad",
        "rating": 4.7,
        "revenue_index": 0.89
      },
      "geometry": {
        "type": "Point",
        "coordinates": [
          69.77853,
          21.95036
        ]
      }
    },
    {
      "type": "Feature",
      "properties": {
        "name": "Jamnagar (Bhanvad) - Bank Hub #3",
        "type": "bank",
        "category": "bank",
        "district": "Jamnagar",
        "taluk": "Bhanvad",
        "rating": 4.8,
        "revenue_index": 0.9
      },
      "geometry": {
        "type": "Point",
        "coordinates": [
          69.79453,
          21.95836
        ]
      }
    },
    {
      "type": "Feature",
      "properties": {
        "name": "Jamnagar (Dhrol) - Substation Hub #1",
        "type": "substation",
        "category": "substation",
        "district": "Jamnagar",
        "taluk": "Dhrol",
        "rating": 4.3,
        "revenue_index": 0.79
      },
      "geometry": {
        "type": "Point",
        "coordinates": [
          70.46695,
          22.5169
        ]
      }
    },
    {
      "type": "Feature",
      "properties": {
        "name": "Jamnagar (Dhrol) - Retail Hub #2",
        "type": "retail",
        "category": "retail",
        "district": "Jamnagar",
        "taluk": "Dhrol",
        "rating": 4.4,
        "revenue_index": 0.8
      },
      "geometry": {
        "type": "Point",
        "coordinates": [
          70.47995,
          22.5159
        ]
      }
    },
    {
      "type": "Feature",
      "properties": {
        "name": "Jamnagar (Dhrol) - Restaurant Hub #3",
        "type": "restaurant",
        "category": "restaurant",
        "district": "Jamnagar",
        "taluk": "Dhrol",
        "rating": 4.5,
        "revenue_index": 0.81
      },
      "geometry": {
        "type": "Point",
        "coordinates": [
          70.46295,
          22.5149
        ]
      }
    },
    {
      "type": "Feature",
      "properties": {
        "name": "Jamnagar (Dwarka) - Substation Hub #1",
        "type": "substation",
        "category": "substation",
        "district": "Jamnagar",
        "taluk": "Dwarka",
        "rating": 4.9,
        "revenue_index": 0.52
      },
      "geometry": {
        "type": "Point",
        "coordinates": [
          69.09956,
          22.29965
        ]
      }
    },
    {
      "type": "Feature",
      "properties": {
        "name": "Jamnagar (Dwarka) - Retail Hub #2",
        "type": "retail",
        "category": "retail",
        "district": "Jamnagar",
        "taluk": "Dwarka",
        "rating": 3.8,
        "revenue_index": 0.53
      },
      "geometry": {
        "type": "Point",
        "coordinates": [
          69.08856,
          22.28665
        ]
      }
    },
    {
      "type": "Feature",
      "properties": {
        "name": "Jamnagar (Dwarka) - Restaurant Hub #3",
        "type": "restaurant",
        "category": "restaurant",
        "district": "Jamnagar",
        "taluk": "Dwarka",
        "rating": 3.9,
        "revenue_index": 0.54
      },
      "geometry": {
        "type": "Point",
        "coordinates": [
          69.10756,
          22.30365
        ]
      }
    },
    {
      "type": "Feature",
      "properties": {
        "name": "Jamnagar (Jam Jodhpur) - Bank Hub #1",
        "type": "bank",
        "category": "bank",
        "district": "Jamnagar",
        "taluk": "Jam Jodhpur",
        "rating": 4.8,
        "revenue_index": 0.9
      },
      "geometry": {
        "type": "Point",
        "coordinates": [
          70.04612,
          21.92122
        ]
      }
    },
    {
      "type": "Feature",
      "properties": {
        "name": "Jamnagar (Jam Jodhpur) - Substation Hub #2",
        "type": "substation",
        "category": "substation",
        "district": "Jamnagar",
        "taluk": "Jam Jodhpur",
        "rating": 4.9,
        "revenue_index": 0.91
      },
      "geometry": {
        "type": "Point",
        "coordinates": [
          70.03612,
          21.93122
        ]
      }
    },
    {
      "type": "Feature",
      "properties": {
        "name": "Jamnagar (Jam Jodhpur) - Retail Hub #3",
        "type": "retail",
        "category": "retail",
        "district": "Jamnagar",
        "taluk": "Jam Jodhpur",
        "rating": 3.8,
        "revenue_index": 0.92
      },
      "geometry": {
        "type": "Point",
        "coordinates": [
          70.02612,
          21.91122
        ]
      }
    },
    {
      "type": "Feature",
      "properties": {
        "name": "Jamnagar (Jamnagar) - Substation Hub #1",
        "type": "substation",
        "category": "substation",
        "district": "Jamnagar",
        "taluk": "Jamnagar",
        "rating": 4.9,
        "revenue_index": 0.82
      },
      "geometry": {
        "type": "Point",
        "coordinates": [
          69.96081,
          22.5137
        ]
      }
    },
    {
      "type": "Feature",
      "properties": {
        "name": "Jamnagar (Jamnagar) - Retail Hub #2",
        "type": "retail",
        "category": "retail",
        "district": "Jamnagar",
        "taluk": "Jamnagar",
        "rating": 3.8,
        "revenue_index": 0.83
      },
      "geometry": {
        "type": "Point",
        "coordinates": [
          69.94981,
          22.5007
        ]
      }
    },
    {
      "type": "Feature",
      "properties": {
        "name": "Jamnagar (Jamnagar) - Restaurant Hub #3",
        "type": "restaurant",
        "category": "restaurant",
        "district": "Jamnagar",
        "taluk": "Jamnagar",
        "rating": 3.9,
        "revenue_index": 0.84
      },
      "geometry": {
        "type": "Point",
        "coordinates": [
          69.96881,
          22.5177
        ]
      }
    },
    {
      "type": "Feature",
      "properties": {
        "name": "Jamnagar (Jodiya) - Restaurant Hub #1",
        "type": "restaurant",
        "category": "restaurant",
        "district": "Jamnagar",
        "taluk": "Jodiya",
        "rating": 4.5,
        "revenue_index": 0.63
      },
      "geometry": {
        "type": "Point",
        "coordinates": [
          70.41755,
          22.75966
        ]
      }
    },
    {
      "type": "Feature",
      "properties": {
        "name": "Jamnagar (Jodiya) - Gas Station Hub #2",
        "type": "gas_station",
        "category": "gas_station",
        "district": "Jamnagar",
        "taluk": "Jodiya",
        "rating": 4.6,
        "revenue_index": 0.64
      },
      "geometry": {
        "type": "Point",
        "coordinates": [
          70.42855,
          22.77266
        ]
      }
    },
    {
      "type": "Feature",
      "properties": {
        "name": "Jamnagar (Jodiya) - Ev Charging Hub #3",
        "type": "ev_charging",
        "category": "ev_charging",
        "district": "Jamnagar",
        "taluk": "Jodiya",
        "rating": 4.7,
        "revenue_index": 0.65
      },
      "geometry": {
        "type": "Point",
        "coordinates": [
          70.40955,
          22.75566
        ]
      }
    },
    {
      "type": "Feature",
      "properties": {
        "name": "Jamnagar (Kalavad) - Ev Charging Hub #1",
        "type": "ev_charging",
        "category": "ev_charging",
        "district": "Jamnagar",
        "taluk": "Kalavad",
        "rating": 4.7,
        "revenue_index": 0.62
      },
      "geometry": {
        "type": "Point",
        "coordinates": [
          70.39499,
          22.18981
        ]
      }
    },
    {
      "type": "Feature",
      "properties": {
        "name": "Jamnagar (Kalavad) - Bank Hub #2",
        "type": "bank",
        "category": "bank",
        "district": "Jamnagar",
        "taluk": "Kalavad",
        "rating": 4.8,
        "revenue_index": 0.63
      },
      "geometry": {
        "type": "Point",
        "coordinates": [
          70.40399,
          22.18681
        ]
      }
    },
    {
      "type": "Feature",
      "properties": {
        "name": "Jamnagar (Kalavad) - Substation Hub #3",
        "type": "substation",
        "category": "substation",
        "district": "Jamnagar",
        "taluk": "Kalavad",
        "rating": 4.9,
        "revenue_index": 0.64
      },
      "geometry": {
        "type": "Point",
        "coordinates": [
          70.41299,
          22.18381
        ]
      }
    },
    {
      "type": "Feature",
      "properties": {
        "name": "Jamnagar (Kalyanpur) - Gas Station Hub #1",
        "type": "gas_station",
        "category": "gas_station",
        "district": "Jamnagar",
        "taluk": "Kalyanpur",
        "rating": 4.6,
        "revenue_index": 0.55
      },
      "geometry": {
        "type": "Point",
        "coordinates": [
          69.33546,
          22.19159
        ]
      }
    },
    {
      "type": "Feature",
      "properties": {
        "name": "Jamnagar (Kalyanpur) - Ev Charging Hub #2",
        "type": "ev_charging",
        "category": "ev_charging",
        "district": "Jamnagar",
        "taluk": "Kalyanpur",
        "rating": 4.7,
        "revenue_index": 0.56
      },
      "geometry": {
        "type": "Point",
        "coordinates": [
          69.34546,
          22.18159
        ]
      }
    },
    {
      "type": "Feature",
      "properties": {
        "name": "Jamnagar (Kalyanpur) - Bank Hub #3",
        "type": "bank",
        "category": "bank",
        "district": "Jamnagar",
        "taluk": "Kalyanpur",
        "rating": 4.8,
        "revenue_index": 0.57
      },
      "geometry": {
        "type": "Point",
        "coordinates": [
          69.32546,
          22.17159
        ]
      }
    },
    {
      "type": "Feature",
      "properties": {
        "name": "Jamnagar (Khambhaliya) - Ev Charging Hub #1",
        "type": "ev_charging",
        "category": "ev_charging",
        "district": "Jamnagar",
        "taluk": "Khambhaliya",
        "rating": 4.1,
        "revenue_index": 0.53
      },
      "geometry": {
        "type": "Point",
        "coordinates": [
          69.62746,
          22.36981
        ]
      }
    },
    {
      "type": "Feature",
      "properties": {
        "name": "Jamnagar (Khambhaliya) - Bank Hub #2",
        "type": "bank",
        "category": "bank",
        "district": "Jamnagar",
        "taluk": "Khambhaliya",
        "rating": 4.2,
        "revenue_index": 0.54
      },
      "geometry": {
        "type": "Point",
        "coordinates": [
          69.61846,
          22.37281
        ]
      }
    },
    {
      "type": "Feature",
      "properties": {
        "name": "Jamnagar (Khambhaliya) - Substation Hub #3",
        "type": "substation",
        "category": "substation",
        "district": "Jamnagar",
        "taluk": "Khambhaliya",
        "rating": 4.3,
        "revenue_index": 0.55
      },
      "geometry": {
        "type": "Point",
        "coordinates": [
          69.60946,
          22.37581
        ]
      }
    },
    {
      "type": "Feature",
      "properties": {
        "name": "Jamnagar (Lalpur) - Restaurant Hub #1",
        "type": "restaurant",
        "category": "restaurant",
        "district": "Jamnagar",
        "taluk": "Lalpur",
        "rating": 4.5,
        "revenue_index": 0.51
      },
      "geometry": {
        "type": "Point",
        "coordinates": [
          69.92456,
          22.24477
        ]
      }
    },
    {
      "type": "Feature",
      "properties": {
        "name": "Jamnagar (Lalpur) - Gas Station Hub #2",
        "type": "gas_station",
        "category": "gas_station",
        "district": "Jamnagar",
        "taluk": "Lalpur",
        "rating": 4.6,
        "revenue_index": 0.52
      },
      "geometry": {
        "type": "Point",
        "coordinates": [
          69.91156,
          22.24577
        ]
      }
    },
    {
      "type": "Feature",
      "properties": {
        "name": "Jamnagar (Lalpur) - Ev Charging Hub #3",
        "type": "ev_charging",
        "category": "ev_charging",
        "district": "Jamnagar",
        "taluk": "Lalpur",
        "rating": 4.7,
        "revenue_index": 0.53
      },
      "geometry": {
        "type": "Point",
        "coordinates": [
          69.92856,
          22.24677
        ]
      }
    },
    {
      "type": "Feature",
      "properties": {
        "name": "Junagadh (Bhesan) - Bank Hub #1",
        "type": "bank",
        "category": "bank",
        "district": "Junagadh",
        "taluk": "Bhesan",
        "rating": 4.2,
        "revenue_index": 0.66
      },
      "geometry": {
        "type": "Point",
        "coordinates": [
          70.71665,
          21.56404
        ]
      }
    },
    {
      "type": "Feature",
      "properties": {
        "name": "Junagadh (Bhesan) - Substation Hub #2",
        "type": "substation",
        "category": "substation",
        "district": "Junagadh",
        "taluk": "Bhesan",
        "rating": 4.3,
        "revenue_index": 0.67
      },
      "geometry": {
        "type": "Point",
        "coordinates": [
          70.71865,
          21.55004
        ]
      }
    },
    {
      "type": "Feature",
      "properties": {
        "name": "Junagadh (Bhesan) - Retail Hub #3",
        "type": "retail",
        "category": "retail",
        "district": "Junagadh",
        "taluk": "Bhesan",
        "rating": 4.4,
        "revenue_index": 0.68
      },
      "geometry": {
        "type": "Point",
        "coordinates": [
          70.72065,
          21.56604
        ]
      }
    },
    {
      "type": "Feature",
      "properties": {
        "name": "Junagadh (Junagadh) - Retail Hub #1",
        "type": "retail",
        "category": "retail",
        "district": "Junagadh",
        "taluk": "Junagadh",
        "rating": 3.8,
        "revenue_index": 0.68
      },
      "geometry": {
        "type": "Point",
        "coordinates": [
          70.52484,
          21.49788
        ]
      }
    },
    {
      "type": "Feature",
      "properties": {
        "name": "Junagadh (Junagadh) - Restaurant Hub #2",
        "type": "restaurant",
        "category": "restaurant",
        "district": "Junagadh",
        "taluk": "Junagadh",
        "rating": 3.9,
        "revenue_index": 0.69
      },
      "geometry": {
        "type": "Point",
        "coordinates": [
          70.53084,
          21.48588
        ]
      }
    },
    {
      "type": "Feature",
      "properties": {
        "name": "Junagadh (Junagadh) - Gas Station Hub #3",
        "type": "gas_station",
        "category": "gas_station",
        "district": "Junagadh",
        "taluk": "Junagadh",
        "rating": 4.0,
        "revenue_index": 0.7
      },
      "geometry": {
        "type": "Point",
        "coordinates": [
          70.53684,
          21.50388
        ]
      }
    },
    {
      "type": "Feature",
      "properties": {
        "name": "Junagadh (Keshod) - Restaurant Hub #1",
        "type": "restaurant",
        "category": "restaurant",
        "district": "Junagadh",
        "taluk": "Keshod",
        "rating": 3.9,
        "revenue_index": 0.78
      },
      "geometry": {
        "type": "Point",
        "coordinates": [
          70.24417,
          21.307
        ]
      }
    },
    {
      "type": "Feature",
      "properties": {
        "name": "Junagadh (Keshod) - Gas Station Hub #2",
        "type": "gas_station",
        "category": "gas_station",
        "district": "Junagadh",
        "taluk": "Keshod",
        "rating": 4.0,
        "revenue_index": 0.79
      },
      "geometry": {
        "type": "Point",
        "coordinates": [
          70.25517,
          21.32
        ]
      }
    },
    {
      "type": "Feature",
      "properties": {
        "name": "Junagadh (Keshod) - Ev Charging Hub #3",
        "type": "ev_charging",
        "category": "ev_charging",
        "district": "Junagadh",
        "taluk": "Keshod",
        "rating": 4.1,
        "revenue_index": 0.8
      },
      "geometry": {
        "type": "Point",
        "coordinates": [
          70.23617,
          21.303
        ]
      }
    },
    {
      "type": "Feature",
      "properties": {
        "name": "Junagadh (Maliya) - Gas Station Hub #1",
        "type": "gas_station",
        "category": "gas_station",
        "district": "Junagadh",
        "taluk": "Maliya",
        "rating": 4.6,
        "revenue_index": 0.67
      },
      "geometry": {
        "type": "Point",
        "coordinates": [
          70.25334,
          21.01346
        ]
      }
    },
    {
      "type": "Feature",
      "properties": {
        "name": "Junagadh (Maliya) - Ev Charging Hub #2",
        "type": "ev_charging",
        "category": "ev_charging",
        "district": "Junagadh",
        "taluk": "Maliya",
        "rating": 4.7,
        "revenue_index": 0.68
      },
      "geometry": {
        "type": "Point",
        "coordinates": [
          70.25734,
          21.01546
        ]
      }
    },
    {
      "type": "Feature",
      "properties": {
        "name": "Junagadh (Maliya) - Bank Hub #3",
        "type": "bank",
        "category": "bank",
        "district": "Junagadh",
        "taluk": "Maliya",
        "rating": 4.8,
        "revenue_index": 0.69
      },
      "geometry": {
        "type": "Point",
        "coordinates": [
          70.26134,
          21.01746
        ]
      }
    },
    {
      "type": "Feature",
      "properties": {
        "name": "Junagadh (Manavadar) - Substation Hub #1",
        "type": "substation",
        "category": "substation",
        "district": "Junagadh",
        "taluk": "Manavadar",
        "rating": 4.3,
        "revenue_index": 0.94
      },
      "geometry": {
        "type": "Point",
        "coordinates": [
          70.12463,
          21.53113
        ]
      }
    },
    {
      "type": "Feature",
      "properties": {
        "name": "Junagadh (Manavadar) - Retail Hub #2",
        "type": "retail",
        "category": "retail",
        "district": "Junagadh",
        "taluk": "Manavadar",
        "rating": 4.4,
        "revenue_index": 0.5
      },
      "geometry": {
        "type": "Point",
        "coordinates": [
          70.13763,
          21.53013
        ]
      }
    },
    {
      "type": "Feature",
      "properties": {
        "name": "Junagadh (Manavadar) - Restaurant Hub #3",
        "type": "restaurant",
        "category": "restaurant",
        "district": "Junagadh",
        "taluk": "Manavadar",
        "rating": 4.5,
        "revenue_index": 0.51
      },
      "geometry": {
        "type": "Point",
        "coordinates": [
          70.12063,
          21.52913
        ]
      }
    },
    {
      "type": "Feature",
      "properties": {
        "name": "Junagadh (Mangrol) - Gas Station Hub #1",
        "type": "gas_station",
        "category": "gas_station",
        "district": "Junagadh",
        "taluk": "Mangrol",
        "rating": 4.0,
        "revenue_index": 0.67
      },
      "geometry": {
        "type": "Point",
        "coordinates": [
          70.08798,
          21.11971
        ]
      }
    },
    {
      "type": "Feature",
      "properties": {
        "name": "Junagadh (Mangrol) - Ev Charging Hub #2",
        "type": "ev_charging",
        "category": "ev_charging",
        "district": "Junagadh",
        "taluk": "Mangrol",
        "rating": 4.1,
        "revenue_index": 0.68
      },
      "geometry": {
        "type": "Point",
        "coordinates": [
          70.09198,
          21.12171
        ]
      }
    },
    {
      "type": "Feature",
      "properties": {
        "name": "Junagadh (Mangrol) - Bank Hub #3",
        "type": "bank",
        "category": "bank",
        "district": "Junagadh",
        "taluk": "Mangrol",
        "rating": 4.2,
        "revenue_index": 0.69
      },
      "geometry": {
        "type": "Point",
        "coordinates": [
          70.09598,
          21.12371
        ]
      }
    },
    {
      "type": "Feature",
      "properties": {
        "name": "Junagadh (Mendarda) - Retail Hub #1",
        "type": "retail",
        "category": "retail",
        "district": "Junagadh",
        "taluk": "Mendarda",
        "rating": 4.4,
        "revenue_index": 0.5
      },
      "geometry": {
        "type": "Point",
        "coordinates": [
          70.47222,
          21.28679
        ]
      }
    },
    {
      "type": "Feature",
      "properties": {
        "name": "Junagadh (Mendarda) - Restaurant Hub #2",
        "type": "restaurant",
        "category": "restaurant",
        "district": "Junagadh",
        "taluk": "Mendarda",
        "rating": 4.5,
        "revenue_index": 0.51
      },
      "geometry": {
        "type": "Point",
        "coordinates": [
          70.47222,
          21.28679
        ]
      }
    },
    {
      "type": "Feature",
      "properties": {
        "name": "Junagadh (Mendarda) - Gas Station Hub #3",
        "type": "gas_station",
        "category": "gas_station",
        "district": "Junagadh",
        "taluk": "Mendarda",
        "rating": 4.6,
        "revenue_index": 0.52
      },
      "geometry": {
        "type": "Point",
        "coordinates": [
          70.47222,
          21.28679
        ]
      }
    },
    {
      "type": "Feature",
      "properties": {
        "name": "Junagadh (Talala) - Gas Station Hub #1",
        "type": "gas_station",
        "category": "gas_station",
        "district": "Junagadh",
        "taluk": "Talala",
        "rating": 4.0,
        "revenue_index": 0.76
      },
      "geometry": {
        "type": "Point",
        "coordinates": [
          70.61017,
          21.05669
        ]
      }
    },
    {
      "type": "Feature",
      "properties": {
        "name": "Junagadh (Talala) - Ev Charging Hub #2",
        "type": "ev_charging",
        "category": "ev_charging",
        "district": "Junagadh",
        "taluk": "Talala",
        "rating": 4.1,
        "revenue_index": 0.77
      },
      "geometry": {
        "type": "Point",
        "coordinates": [
          70.60217,
          21.05269
        ]
      }
    },
    {
      "type": "Feature",
      "properties": {
        "name": "Junagadh (Talala) - Bank Hub #3",
        "type": "bank",
        "category": "bank",
        "district": "Junagadh",
        "taluk": "Talala",
        "rating": 4.2,
        "revenue_index": 0.78
      },
      "geometry": {
        "type": "Point",
        "coordinates": [
          70.59417,
          21.04869
        ]
      }
    },
    {
      "type": "Feature",
      "properties": {
        "name": "Junagadh (Una) - Gas Station Hub #1",
        "type": "gas_station",
        "category": "gas_station",
        "district": "Junagadh",
        "taluk": "Una",
        "rating": 4.6,
        "revenue_index": 0.55
      },
      "geometry": {
        "type": "Point",
        "coordinates": [
          71.00556,
          20.76489
        ]
      }
    },
    {
      "type": "Feature",
      "properties": {
        "name": "Junagadh (Una) - Ev Charging Hub #2",
        "type": "ev_charging",
        "category": "ev_charging",
        "district": "Junagadh",
        "taluk": "Una",
        "rating": 4.7,
        "revenue_index": 0.56
      },
      "geometry": {
        "type": "Point",
        "coordinates": [
          71.01556,
          20.75489
        ]
      }
    },
    {
      "type": "Feature",
      "properties": {
        "name": "Junagadh (Una) - Bank Hub #3",
        "type": "bank",
        "category": "bank",
        "district": "Junagadh",
        "taluk": "Una",
        "rating": 4.8,
        "revenue_index": 0.57
      },
      "geometry": {
        "type": "Point",
        "coordinates": [
          70.99556,
          20.74489
        ]
      }
    },
    {
      "type": "Feature",
      "properties": {
        "name": "Junagadh (Vanthli) - Restaurant Hub #1",
        "type": "restaurant",
        "category": "restaurant",
        "district": "Junagadh",
        "taluk": "Vanthli",
        "rating": 4.5,
        "revenue_index": 0.93
      },
      "geometry": {
        "type": "Point",
        "coordinates": [
          70.34475,
          21.44648
        ]
      }
    },
    {
      "type": "Feature",
      "properties": {
        "name": "Junagadh (Vanthli) - Gas Station Hub #2",
        "type": "gas_station",
        "category": "gas_station",
        "district": "Junagadh",
        "taluk": "Vanthli",
        "rating": 4.6,
        "revenue_index": 0.94
      },
      "geometry": {
        "type": "Point",
        "coordinates": [
          70.35575,
          21.45948
        ]
      }
    },
    {
      "type": "Feature",
      "properties": {
        "name": "Junagadh (Vanthli) - Ev Charging Hub #3",
        "type": "ev_charging",
        "category": "ev_charging",
        "district": "Junagadh",
        "taluk": "Vanthli",
        "rating": 4.7,
        "revenue_index": 0.5
      },
      "geometry": {
        "type": "Point",
        "coordinates": [
          70.33675,
          21.44248
        ]
      }
    },
    {
      "type": "Feature",
      "properties": {
        "name": "Junagadh (Veraval) - Ev Charging Hub #1",
        "type": "ev_charging",
        "category": "ev_charging",
        "district": "Junagadh",
        "taluk": "Veraval",
        "rating": 4.7,
        "revenue_index": 0.59
      },
      "geometry": {
        "type": "Point",
        "coordinates": [
          70.44538,
          20.85817
        ]
      }
    },
    {
      "type": "Feature",
      "properties": {
        "name": "Junagadh (Veraval) - Bank Hub #2",
        "type": "bank",
        "category": "bank",
        "district": "Junagadh",
        "taluk": "Veraval",
        "rating": 4.8,
        "revenue_index": 0.6
      },
      "geometry": {
        "type": "Point",
        "coordinates": [
          70.44838,
          20.86717
        ]
      }
    },
    {
      "type": "Feature",
      "properties": {
        "name": "Junagadh (Veraval) - Substation Hub #3",
        "type": "substation",
        "category": "substation",
        "district": "Junagadh",
        "taluk": "Veraval",
        "rating": 4.9,
        "revenue_index": 0.61
      },
      "geometry": {
        "type": "Point",
        "coordinates": [
          70.45138,
          20.87617
        ]
      }
    },
    {
      "type": "Feature",
      "properties": {
        "name": "Junagadh (Visavadar) - Substation Hub #1",
        "type": "substation",
        "category": "substation",
        "district": "Junagadh",
        "taluk": "Visavadar",
        "rating": 4.9,
        "revenue_index": 0.61
      },
      "geometry": {
        "type": "Point",
        "coordinates": [
          70.75453,
          21.37163
        ]
      }
    },
    {
      "type": "Feature",
      "properties": {
        "name": "Junagadh (Visavadar) - Retail Hub #2",
        "type": "retail",
        "category": "retail",
        "district": "Junagadh",
        "taluk": "Visavadar",
        "rating": 3.8,
        "revenue_index": 0.62
      },
      "geometry": {
        "type": "Point",
        "coordinates": [
          70.76153,
          21.38263
        ]
      }
    },
    {
      "type": "Feature",
      "properties": {
        "name": "Junagadh (Visavadar) - Restaurant Hub #3",
        "type": "restaurant",
        "category": "restaurant",
        "district": "Junagadh",
        "taluk": "Visavadar",
        "rating": 3.9,
        "revenue_index": 0.63
      },
      "geometry": {
        "type": "Point",
        "coordinates": [
          70.76853,
          21.36363
        ]
      }
    },
    {
      "type": "Feature",
      "properties": {
        "name": "Kachchh (Anjar) - Substation Hub #1",
        "type": "substation",
        "category": "substation",
        "district": "Kachchh",
        "taluk": "Anjar",
        "rating": 4.9,
        "revenue_index": 0.79
      },
      "geometry": {
        "type": "Point",
        "coordinates": [
          70.12982,
          23.00041
        ]
      }
    },
    {
      "type": "Feature",
      "properties": {
        "name": "Kachchh (Anjar) - Retail Hub #2",
        "type": "retail",
        "category": "retail",
        "district": "Kachchh",
        "taluk": "Anjar",
        "rating": 3.8,
        "revenue_index": 0.8
      },
      "geometry": {
        "type": "Point",
        "coordinates": [
          70.14282,
          22.99941
        ]
      }
    },
    {
      "type": "Feature",
      "properties": {
        "name": "Kachchh (Anjar) - Restaurant Hub #3",
        "type": "restaurant",
        "category": "restaurant",
        "district": "Kachchh",
        "taluk": "Anjar",
        "rating": 3.9,
        "revenue_index": 0.81
      },
      "geometry": {
        "type": "Point",
        "coordinates": [
          70.12582,
          22.99841
        ]
      }
    },
    {
      "type": "Feature",
      "properties": {
        "name": "Kachchh (Bhachau) - Gas Station Hub #1",
        "type": "gas_station",
        "category": "gas_station",
        "district": "Kachchh",
        "taluk": "Bhachau",
        "rating": 4.0,
        "revenue_index": 0.94
      },
      "geometry": {
        "type": "Point",
        "coordinates": [
          70.43886,
          23.33073
        ]
      }
    },
    {
      "type": "Feature",
      "properties": {
        "name": "Kachchh (Bhachau) - Ev Charging Hub #2",
        "type": "ev_charging",
        "category": "ev_charging",
        "district": "Kachchh",
        "taluk": "Bhachau",
        "rating": 4.1,
        "revenue_index": 0.5
      },
      "geometry": {
        "type": "Point",
        "coordinates": [
          70.43686,
          23.34473
        ]
      }
    },
    {
      "type": "Feature",
      "properties": {
        "name": "Kachchh (Bhachau) - Bank Hub #3",
        "type": "bank",
        "category": "bank",
        "district": "Kachchh",
        "taluk": "Bhachau",
        "rating": 4.2,
        "revenue_index": 0.51
      },
      "geometry": {
        "type": "Point",
        "coordinates": [
          70.43486,
          23.32873
        ]
      }
    },
    {
      "type": "Feature",
      "properties": {
        "name": "Kachchh (Bhuj) - Gas Station Hub #1",
        "type": "gas_station",
        "category": "gas_station",
        "district": "Kachchh",
        "taluk": "Bhuj",
        "rating": 4.0,
        "revenue_index": 0.64
      },
      "geometry": {
        "type": "Point",
        "coordinates": [
          69.72889,
          23.4621
        ]
      }
    },
    {
      "type": "Feature",
      "properties": {
        "name": "Kachchh (Bhuj) - Ev Charging Hub #2",
        "type": "ev_charging",
        "category": "ev_charging",
        "district": "Kachchh",
        "taluk": "Bhuj",
        "rating": 4.1,
        "revenue_index": 0.65
      },
      "geometry": {
        "type": "Point",
        "coordinates": [
          69.72689,
          23.4761
        ]
      }
    },
    {
      "type": "Feature",
      "properties": {
        "name": "Kachchh (Bhuj) - Bank Hub #3",
        "type": "bank",
        "category": "bank",
        "district": "Kachchh",
        "taluk": "Bhuj",
        "rating": 4.2,
        "revenue_index": 0.66
      },
      "geometry": {
        "type": "Point",
        "coordinates": [
          69.72489,
          23.4601
        ]
      }
    },
    {
      "type": "Feature",
      "properties": {
        "name": "Kachchh (Lakhpat) - Bank Hub #1",
        "type": "bank",
        "category": "bank",
        "district": "Kachchh",
        "taluk": "Lakhpat",
        "rating": 4.2,
        "revenue_index": 0.51
      },
      "geometry": {
        "type": "Point",
        "coordinates": [
          68.49032,
          23.52755
        ]
      }
    },
    {
      "type": "Feature",
      "properties": {
        "name": "Kachchh (Lakhpat) - Substation Hub #2",
        "type": "substation",
        "category": "substation",
        "district": "Kachchh",
        "taluk": "Lakhpat",
        "rating": 4.3,
        "revenue_index": 0.52
      },
      "geometry": {
        "type": "Point",
        "coordinates": [
          68.49232,
          23.51355
        ]
      }
    },
    {
      "type": "Feature",
      "properties": {
        "name": "Kachchh (Lakhpat) - Retail Hub #3",
        "type": "retail",
        "category": "retail",
        "district": "Kachchh",
        "taluk": "Lakhpat",
        "rating": 4.4,
        "revenue_index": 0.53
      },
      "geometry": {
        "type": "Point",
        "coordinates": [
          68.49432,
          23.52955
        ]
      }
    },
    {
      "type": "Feature",
      "properties": {
        "name": "Kachchh (Mandvi) - Restaurant Hub #1",
        "type": "restaurant",
        "category": "restaurant",
        "district": "Kachchh",
        "taluk": "Mandvi",
        "rating": 3.9,
        "revenue_index": 0.9
      },
      "geometry": {
        "type": "Point",
        "coordinates": [
          69.29174,
          22.86523
        ]
      }
    },
    {
      "type": "Feature",
      "properties": {
        "name": "Kachchh (Mandvi) - Gas Station Hub #2",
        "type": "gas_station",
        "category": "gas_station",
        "district": "Kachchh",
        "taluk": "Mandvi",
        "rating": 4.0,
        "revenue_index": 0.91
      },
      "geometry": {
        "type": "Point",
        "coordinates": [
          69.29674,
          22.86023
        ]
      }
    },
    {
      "type": "Feature",
      "properties": {
        "name": "Kachchh (Mandvi) - Ev Charging Hub #3",
        "type": "ev_charging",
        "category": "ev_charging",
        "district": "Kachchh",
        "taluk": "Mandvi",
        "rating": 4.1,
        "revenue_index": 0.92
      },
      "geometry": {
        "type": "Point",
        "coordinates": [
          69.30174,
          22.85523
        ]
      }
    },
    {
      "type": "Feature",
      "properties": {
        "name": "Kachchh (Mundra) - Substation Hub #1",
        "type": "substation",
        "category": "substation",
        "district": "Kachchh",
        "taluk": "Mundra",
        "rating": 4.9,
        "revenue_index": 0.58
      },
      "geometry": {
        "type": "Point",
        "coordinates": [
          69.79112,
          22.87098
        ]
      }
    },
    {
      "type": "Feature",
      "properties": {
        "name": "Kachchh (Mundra) - Retail Hub #2",
        "type": "retail",
        "category": "retail",
        "district": "Kachchh",
        "taluk": "Mundra",
        "rating": 3.8,
        "revenue_index": 0.59
      },
      "geometry": {
        "type": "Point",
        "coordinates": [
          69.79212,
          22.86398
        ]
      }
    },
    {
      "type": "Feature",
      "properties": {
        "name": "Kachchh (Mundra) - Restaurant Hub #3",
        "type": "restaurant",
        "category": "restaurant",
        "district": "Kachchh",
        "taluk": "Mundra",
        "rating": 3.9,
        "revenue_index": 0.6
      },
      "geometry": {
        "type": "Point",
        "coordinates": [
          69.79312,
          22.85698
        ]
      }
    },
    {
      "type": "Feature",
      "properties": {
        "name": "Kachchh (Nakhtarana) - Bank Hub #1",
        "type": "bank",
        "category": "bank",
        "district": "Kachchh",
        "taluk": "Nakhtarana",
        "rating": 4.2,
        "revenue_index": 0.69
      },
      "geometry": {
        "type": "Point",
        "coordinates": [
          69.2716,
          23.36613
        ]
      }
    },
    {
      "type": "Feature",
      "properties": {
        "name": "Kachchh (Nakhtarana) - Substation Hub #2",
        "type": "substation",
        "category": "substation",
        "district": "Kachchh",
        "taluk": "Nakhtarana",
        "rating": 4.3,
        "revenue_index": 0.7
      },
      "geometry": {
        "type": "Point",
        "coordinates": [
          69.2796,
          23.37013
        ]
      }
    },
    {
      "type": "Feature",
      "properties": {
        "name": "Kachchh (Nakhtarana) - Retail Hub #3",
        "type": "retail",
        "category": "retail",
        "district": "Kachchh",
        "taluk": "Nakhtarana",
        "rating": 4.4,
        "revenue_index": 0.71
      },
      "geometry": {
        "type": "Point",
        "coordinates": [
          69.2876,
          23.37413
        ]
      }
    },
    {
      "type": "Feature",
      "properties": {
        "name": "Kachchh (Naliya) - Bank Hub #1",
        "type": "bank",
        "category": "bank",
        "district": "Kachchh",
        "taluk": "Naliya",
        "rating": 4.8,
        "revenue_index": 0.75
      },
      "geometry": {
        "type": "Point",
        "coordinates": [
          68.65835,
          23.26003
        ]
      }
    },
    {
      "type": "Feature",
      "properties": {
        "name": "Kachchh (Naliya) - Substation Hub #2",
        "type": "substation",
        "category": "substation",
        "district": "Kachchh",
        "taluk": "Naliya",
        "rating": 4.9,
        "revenue_index": 0.76
      },
      "geometry": {
        "type": "Point",
        "coordinates": [
          68.64835,
          23.27003
        ]
      }
    },
    {
      "type": "Feature",
      "properties": {
        "name": "Kachchh (Naliya) - Retail Hub #3",
        "type": "retail",
        "category": "retail",
        "district": "Kachchh",
        "taluk": "Naliya",
        "rating": 3.8,
        "revenue_index": 0.77
      },
      "geometry": {
        "type": "Point",
        "coordinates": [
          68.63835,
          23.25003
        ]
      }
    },
    {
      "type": "Feature",
      "properties": {
        "name": "Kachchh (Rapar) - Retail Hub #1",
        "type": "retail",
        "category": "retail",
        "district": "Kachchh",
        "taluk": "Rapar",
        "rating": 4.4,
        "revenue_index": 0.74
      },
      "geometry": {
        "type": "Point",
        "coordinates": [
          70.73118,
          23.65085
        ]
      }
    },
    {
      "type": "Feature",
      "properties": {
        "name": "Kachchh (Rapar) - Restaurant Hub #2",
        "type": "restaurant",
        "category": "restaurant",
        "district": "Kachchh",
        "taluk": "Rapar",
        "rating": 4.5,
        "revenue_index": 0.75
      },
      "geometry": {
        "type": "Point",
        "coordinates": [
          70.71918,
          23.64485
        ]
      }
    },
    {
      "type": "Feature",
      "properties": {
        "name": "Kachchh (Rapar) - Gas Station Hub #3",
        "type": "gas_station",
        "category": "gas_station",
        "district": "Kachchh",
        "taluk": "Rapar",
        "rating": 4.6,
        "revenue_index": 0.76
      },
      "geometry": {
        "type": "Point",
        "coordinates": [
          70.73718,
          23.63885
        ]
      }
    },
    {
      "type": "Feature",
      "properties": {
        "name": "Kheda (Kapadvanj) - Restaurant Hub #1",
        "type": "restaurant",
        "category": "restaurant",
        "district": "Kheda",
        "taluk": "Kapadvanj",
        "rating": 4.5,
        "revenue_index": 0.84
      },
      "geometry": {
        "type": "Point",
        "coordinates": [
          73.06853,
          23.01769
        ]
      }
    },
    {
      "type": "Feature",
      "properties": {
        "name": "Kheda (Kapadvanj) - Gas Station Hub #2",
        "type": "gas_station",
        "category": "gas_station",
        "district": "Kheda",
        "taluk": "Kapadvanj",
        "rating": 4.6,
        "revenue_index": 0.85
      },
      "geometry": {
        "type": "Point",
        "coordinates": [
          73.06153,
          23.00669
        ]
      }
    },
    {
      "type": "Feature",
      "properties": {
        "name": "Kheda (Kapadvanj) - Ev Charging Hub #3",
        "type": "ev_charging",
        "category": "ev_charging",
        "district": "Kheda",
        "taluk": "Kapadvanj",
        "rating": 4.7,
        "revenue_index": 0.86
      },
      "geometry": {
        "type": "Point",
        "coordinates": [
          73.05453,
          23.02569
        ]
      }
    },
    {
      "type": "Feature",
      "properties": {
        "name": "Kheda (Mahemdavad) - Ev Charging Hub #1",
        "type": "ev_charging",
        "category": "ev_charging",
        "district": "Kheda",
        "taluk": "Mahemdavad",
        "rating": 4.7,
        "revenue_index": 0.74
      },
      "geometry": {
        "type": "Point",
        "coordinates": [
          72.78166,
          22.84427
        ]
      }
    },
    {
      "type": "Feature",
      "properties": {
        "name": "Kheda (Mahemdavad) - Bank Hub #2",
        "type": "bank",
        "category": "bank",
        "district": "Kheda",
        "taluk": "Mahemdavad",
        "rating": 4.8,
        "revenue_index": 0.75
      },
      "geometry": {
        "type": "Point",
        "coordinates": [
          72.78466,
          22.85327
        ]
      }
    },
    {
      "type": "Feature",
      "properties": {
        "name": "Kheda (Mahemdavad) - Substation Hub #3",
        "type": "substation",
        "category": "substation",
        "district": "Kheda",
        "taluk": "Mahemdavad",
        "rating": 4.9,
        "revenue_index": 0.76
      },
      "geometry": {
        "type": "Point",
        "coordinates": [
          72.78766,
          22.86227
        ]
      }
    },
    {
      "type": "Feature",
      "properties": {
        "name": "Kheda (Matar) - Gas Station Hub #1",
        "type": "gas_station",
        "category": "gas_station",
        "district": "Kheda",
        "taluk": "Matar",
        "rating": 4.6,
        "revenue_index": 0.61
      },
      "geometry": {
        "type": "Point",
        "coordinates": [
          72.649,
          22.68344
        ]
      }
    },
    {
      "type": "Feature",
      "properties": {
        "name": "Kheda (Matar) - Ev Charging Hub #2",
        "type": "ev_charging",
        "category": "ev_charging",
        "district": "Kheda",
        "taluk": "Matar",
        "rating": 4.7,
        "revenue_index": 0.62
      },
      "geometry": {
        "type": "Point",
        "coordinates": [
          72.641,
          22.67944
        ]
      }
    },
    {
      "type": "Feature",
      "properties": {
        "name": "Kheda (Matar) - Bank Hub #3",
        "type": "bank",
        "category": "bank",
        "district": "Kheda",
        "taluk": "Matar",
        "rating": 4.8,
        "revenue_index": 0.63
      },
      "geometry": {
        "type": "Point",
        "coordinates": [
          72.633,
          22.67544
        ]
      }
    },
    {
      "type": "Feature",
      "properties": {
        "name": "Kheda (Nadiad) - Restaurant Hub #1",
        "type": "restaurant",
        "category": "restaurant",
        "district": "Kheda",
        "taluk": "Nadiad",
        "rating": 3.9,
        "revenue_index": 0.72
      },
      "geometry": {
        "type": "Point",
        "coordinates": [
          72.93573,
          22.7369
        ]
      }
    },
    {
      "type": "Feature",
      "properties": {
        "name": "Kheda (Nadiad) - Gas Station Hub #2",
        "type": "gas_station",
        "category": "gas_station",
        "district": "Kheda",
        "taluk": "Nadiad",
        "rating": 4.0,
        "revenue_index": 0.73
      },
      "geometry": {
        "type": "Point",
        "coordinates": [
          72.93473,
          22.7439
        ]
      }
    },
    {
      "type": "Feature",
      "properties": {
        "name": "Kheda (Nadiad) - Ev Charging Hub #3",
        "type": "ev_charging",
        "category": "ev_charging",
        "district": "Kheda",
        "taluk": "Nadiad",
        "rating": 4.1,
        "revenue_index": 0.74
      },
      "geometry": {
        "type": "Point",
        "coordinates": [
          72.93373,
          22.7509
        ]
      }
    },
    {
      "type": "Feature",
      "properties": {
        "name": "Kheda (Thasra) - Bank Hub #1",
        "type": "bank",
        "category": "bank",
        "district": "Kheda",
        "taluk": "Thasra",
        "rating": 4.8,
        "revenue_index": 0.54
      },
      "geometry": {
        "type": "Point",
        "coordinates": [
          73.23219,
          22.81938
        ]
      }
    },
    {
      "type": "Feature",
      "properties": {
        "name": "Kheda (Thasra) - Substation Hub #2",
        "type": "substation",
        "category": "substation",
        "district": "Kheda",
        "taluk": "Thasra",
        "rating": 4.9,
        "revenue_index": 0.55
      },
      "geometry": {
        "type": "Point",
        "coordinates": [
          73.24019,
          22.82338
        ]
      }
    },
    {
      "type": "Feature",
      "properties": {
        "name": "Kheda (Thasra) - Retail Hub #3",
        "type": "retail",
        "category": "retail",
        "district": "Kheda",
        "taluk": "Thasra",
        "rating": 3.8,
        "revenue_index": 0.56
      },
      "geometry": {
        "type": "Point",
        "coordinates": [
          73.24819,
          22.82738
        ]
      }
    },
    {
      "type": "Feature",
      "properties": {
        "name": "Kheda (Vadasinor) - Bank Hub #1",
        "type": "bank",
        "category": "bank",
        "district": "Kheda",
        "taluk": "Vadasinor",
        "rating": 4.2,
        "revenue_index": 0.78
      },
      "geometry": {
        "type": "Point",
        "coordinates": [
          73.42055,
          23.12064
        ]
      }
    },
    {
      "type": "Feature",
      "properties": {
        "name": "Kheda (Vadasinor) - Substation Hub #2",
        "type": "substation",
        "category": "substation",
        "district": "Kheda",
        "taluk": "Vadasinor",
        "rating": 4.3,
        "revenue_index": 0.79
      },
      "geometry": {
        "type": "Point",
        "coordinates": [
          73.41655,
          23.11864
        ]
      }
    },
    {
      "type": "Feature",
      "properties": {
        "name": "Kheda (Vadasinor) - Retail Hub #3",
        "type": "retail",
        "category": "retail",
        "district": "Kheda",
        "taluk": "Vadasinor",
        "rating": 4.4,
        "revenue_index": 0.8
      },
      "geometry": {
        "type": "Point",
        "coordinates": [
          73.41255,
          23.11664
        ]
      }
    },
    {
      "type": "Feature",
      "properties": {
        "name": "Mahesana (Chanasma) - Bank Hub #1",
        "type": "bank",
        "category": "bank",
        "district": "Mahesana",
        "taluk": "Chanasma",
        "rating": 4.8,
        "revenue_index": 0.81
      },
      "geometry": {
        "type": "Point",
        "coordinates": [
          72.1348,
          23.55259
        ]
      }
    },
    {
      "type": "Feature",
      "properties": {
        "name": "Mahesana (Chanasma) - Substation Hub #2",
        "type": "substation",
        "category": "substation",
        "district": "Mahesana",
        "taluk": "Chanasma",
        "rating": 4.9,
        "revenue_index": 0.82
      },
      "geometry": {
        "type": "Point",
        "coordinates": [
          72.1368,
          23.53859
        ]
      }
    },
    {
      "type": "Feature",
      "properties": {
        "name": "Mahesana (Chanasma) - Retail Hub #3",
        "type": "retail",
        "category": "retail",
        "district": "Mahesana",
        "taluk": "Chanasma",
        "rating": 3.8,
        "revenue_index": 0.83
      },
      "geometry": {
        "type": "Point",
        "coordinates": [
          72.1388,
          23.55459
        ]
      }
    },
    {
      "type": "Feature",
      "properties": {
        "name": "Mahesana (Kadi) - Ev Charging Hub #1",
        "type": "ev_charging",
        "category": "ev_charging",
        "district": "Mahesana",
        "taluk": "Kadi",
        "rating": 4.1,
        "revenue_index": 0.56
      },
      "geometry": {
        "type": "Point",
        "coordinates": [
          72.35981,
          23.24287
        ]
      }
    },
    {
      "type": "Feature",
      "properties": {
        "name": "Mahesana (Kadi) - Bank Hub #2",
        "type": "bank",
        "category": "bank",
        "district": "Mahesana",
        "taluk": "Kadi",
        "rating": 4.2,
        "revenue_index": 0.57
      },
      "geometry": {
        "type": "Point",
        "coordinates": [
          72.35681,
          23.23387
        ]
      }
    },
    {
      "type": "Feature",
      "properties": {
        "name": "Mahesana (Kadi) - Substation Hub #3",
        "type": "substation",
        "category": "substation",
        "district": "Mahesana",
        "taluk": "Kadi",
        "rating": 4.3,
        "revenue_index": 0.58
      },
      "geometry": {
        "type": "Point",
        "coordinates": [
          72.35381,
          23.22487
        ]
      }
    },
    {
      "type": "Feature",
      "properties": {
        "name": "Mahesana (Kheralu) - Restaurant Hub #1",
        "type": "restaurant",
        "category": "restaurant",
        "district": "Mahesana",
        "taluk": "Kheralu",
        "rating": 3.9,
        "revenue_index": 0.75
      },
      "geometry": {
        "type": "Point",
        "coordinates": [
          72.66404,
          23.90839
        ]
      }
    },
    {
      "type": "Feature",
      "properties": {
        "name": "Mahesana (Kheralu) - Gas Station Hub #2",
        "type": "gas_station",
        "category": "gas_station",
        "district": "Mahesana",
        "taluk": "Kheralu",
        "rating": 4.0,
        "revenue_index": 0.76
      },
      "geometry": {
        "type": "Point",
        "coordinates": [
          72.66904,
          23.90339
        ]
      }
    },
    {
      "type": "Feature",
      "properties": {
        "name": "Mahesana (Kheralu) - Ev Charging Hub #3",
        "type": "ev_charging",
        "category": "ev_charging",
        "district": "Mahesana",
        "taluk": "Kheralu",
        "rating": 4.1,
        "revenue_index": 0.77
      },
      "geometry": {
        "type": "Point",
        "coordinates": [
          72.67404,
          23.89839
        ]
      }
    },
    {
      "type": "Feature",
      "properties": {
        "name": "Mahesana (Mahesana) - Gas Station Hub #1",
        "type": "gas_station",
        "category": "gas_station",
        "district": "Mahesana",
        "taluk": "Mahesana",
        "rating": 4.6,
        "revenue_index": 0.67
      },
      "geometry": {
        "type": "Point",
        "coordinates": [
          72.35168,
          23.50373
        ]
      }
    },
    {
      "type": "Feature",
      "properties": {
        "name": "Mahesana (Mahesana) - Ev Charging Hub #2",
        "type": "ev_charging",
        "category": "ev_charging",
        "district": "Mahesana",
        "taluk": "Mahesana",
        "rating": 4.7,
        "revenue_index": 0.68
      },
      "geometry": {
        "type": "Point",
        "coordinates": [
          72.35568,
          23.50573
        ]
      }
    },
    {
      "type": "Feature",
      "properties": {
        "name": "Mahesana (Mahesana) - Bank Hub #3",
        "type": "bank",
        "category": "bank",
        "district": "Mahesana",
        "taluk": "Mahesana",
        "rating": 4.8,
        "revenue_index": 0.69
      },
      "geometry": {
        "type": "Point",
        "coordinates": [
          72.35968,
          23.50773
        ]
      }
    },
    {
      "type": "Feature",
      "properties": {
        "name": "Mahesana (Vijapur) - Ev Charging Hub #1",
        "type": "ev_charging",
        "category": "ev_charging",
        "district": "Mahesana",
        "taluk": "Vijapur",
        "rating": 4.7,
        "revenue_index": 0.5
      },
      "geometry": {
        "type": "Point",
        "coordinates": [
          72.69851,
          23.55597
        ]
      }
    },
    {
      "type": "Feature",
      "properties": {
        "name": "Mahesana (Vijapur) - Bank Hub #2",
        "type": "bank",
        "category": "bank",
        "district": "Mahesana",
        "taluk": "Vijapur",
        "rating": 4.8,
        "revenue_index": 0.51
      },
      "geometry": {
        "type": "Point",
        "coordinates": [
          72.68351,
          23.54097
        ]
      }
    },
    {
      "type": "Feature",
      "properties": {
        "name": "Mahesana (Vijapur) - Substation Hub #3",
        "type": "substation",
        "category": "substation",
        "district": "Mahesana",
        "taluk": "Vijapur",
        "rating": 4.9,
        "revenue_index": 0.52
      },
      "geometry": {
        "type": "Point",
        "coordinates": [
          72.69851,
          23.55597
        ]
      }
    },
    {
      "type": "Feature",
      "properties": {
        "name": "Mahesana (Visnagar) - Ev Charging Hub #1",
        "type": "ev_charging",
        "category": "ev_charging",
        "district": "Mahesana",
        "taluk": "Visnagar",
        "rating": 4.1,
        "revenue_index": 0.62
      },
      "geometry": {
        "type": "Point",
        "coordinates": [
          72.50715,
          23.68816
        ]
      }
    },
    {
      "type": "Feature",
      "properties": {
        "name": "Mahesana (Visnagar) - Bank Hub #2",
        "type": "bank",
        "category": "bank",
        "district": "Mahesana",
        "taluk": "Visnagar",
        "rating": 4.2,
        "revenue_index": 0.63
      },
      "geometry": {
        "type": "Point",
        "coordinates": [
          72.51615,
          23.68516
        ]
      }
    },
    {
      "type": "Feature",
      "properties": {
        "name": "Mahesana (Visnagar) - Substation Hub #3",
        "type": "substation",
        "category": "substation",
        "district": "Mahesana",
        "taluk": "Visnagar",
        "rating": 4.3,
        "revenue_index": 0.64
      },
      "geometry": {
        "type": "Point",
        "coordinates": [
          72.52515,
          23.68216
        ]
      }
    },
    {
      "type": "Feature",
      "properties": {
        "name": "Narmada (Dediapada) - Restaurant Hub #1",
        "type": "restaurant",
        "category": "restaurant",
        "district": "Narmada",
        "taluk": "Dediapada",
        "rating": 3.9,
        "revenue_index": 0.54
      },
      "geometry": {
        "type": "Point",
        "coordinates": [
          73.65153,
          21.66894
        ]
      }
    },
    {
      "type": "Feature",
      "properties": {
        "name": "Narmada (Dediapada) - Gas Station Hub #2",
        "type": "gas_station",
        "category": "gas_station",
        "district": "Narmada",
        "taluk": "Dediapada",
        "rating": 4.0,
        "revenue_index": 0.55
      },
      "geometry": {
        "type": "Point",
        "coordinates": [
          73.64453,
          21.65794
        ]
      }
    },
    {
      "type": "Feature",
      "properties": {
        "name": "Narmada (Dediapada) - Ev Charging Hub #3",
        "type": "ev_charging",
        "category": "ev_charging",
        "district": "Narmada",
        "taluk": "Dediapada",
        "rating": 4.1,
        "revenue_index": 0.56
      },
      "geometry": {
        "type": "Point",
        "coordinates": [
          73.63753,
          21.67694
        ]
      }
    },
    {
      "type": "Feature",
      "properties": {
        "name": "Narmada (Rajpipla) - Bank Hub #1",
        "type": "bank",
        "category": "bank",
        "district": "Narmada",
        "taluk": "Rajpipla",
        "rating": 4.8,
        "revenue_index": 0.51
      },
      "geometry": {
        "type": "Point",
        "coordinates": [
          73.59738,
          21.84691
        ]
      }
    },
    {
      "type": "Feature",
      "properties": {
        "name": "Narmada (Rajpipla) - Substation Hub #2",
        "type": "substation",
        "category": "substation",
        "district": "Narmada",
        "taluk": "Rajpipla",
        "rating": 4.9,
        "revenue_index": 0.52
      },
      "geometry": {
        "type": "Point",
        "coordinates": [
          73.59938,
          21.83291
        ]
      }
    },
    {
      "type": "Feature",
      "properties": {
        "name": "Narmada (Rajpipla) - Retail Hub #3",
        "type": "retail",
        "category": "retail",
        "district": "Narmada",
        "taluk": "Rajpipla",
        "rating": 3.8,
        "revenue_index": 0.53
      },
      "geometry": {
        "type": "Point",
        "coordinates": [
          73.60138,
          21.84891
        ]
      }
    },
    {
      "type": "Feature",
      "properties": {
        "name": "Narmada (Sagbara) - Restaurant Hub #1",
        "type": "restaurant",
        "category": "restaurant",
        "district": "Narmada",
        "taluk": "Sagbara",
        "rating": 4.5,
        "revenue_index": 0.51
      },
      "geometry": {
        "type": "Point",
        "coordinates": [
          73.84809,
          21.49316
        ]
      }
    },
    {
      "type": "Feature",
      "properties": {
        "name": "Narmada (Sagbara) - Gas Station Hub #2",
        "type": "gas_station",
        "category": "gas_station",
        "district": "Narmada",
        "taluk": "Sagbara",
        "rating": 4.6,
        "revenue_index": 0.52
      },
      "geometry": {
        "type": "Point",
        "coordinates": [
          73.83509,
          21.49416
        ]
      }
    },
    {
      "type": "Feature",
      "properties": {
        "name": "Narmada (Sagbara) - Ev Charging Hub #3",
        "type": "ev_charging",
        "category": "ev_charging",
        "district": "Narmada",
        "taluk": "Sagbara",
        "rating": 4.7,
        "revenue_index": 0.53
      },
      "geometry": {
        "type": "Point",
        "coordinates": [
          73.85209,
          21.49516
        ]
      }
    },
    {
      "type": "Feature",
      "properties": {
        "name": "Navsari (Chikhli) - Retail Hub #1",
        "type": "retail",
        "category": "retail",
        "district": "Navsari",
        "taluk": "Chikhli",
        "rating": 4.4,
        "revenue_index": 0.77
      },
      "geometry": {
        "type": "Point",
        "coordinates": [
          73.14845,
          20.74564
        ]
      }
    },
    {
      "type": "Feature",
      "properties": {
        "name": "Navsari (Chikhli) - Restaurant Hub #2",
        "type": "restaurant",
        "category": "restaurant",
        "district": "Navsari",
        "taluk": "Chikhli",
        "rating": 4.5,
        "revenue_index": 0.78
      },
      "geometry": {
        "type": "Point",
        "coordinates": [
          73.14245,
          20.75764
        ]
      }
    },
    {
      "type": "Feature",
      "properties": {
        "name": "Navsari (Chikhli) - Gas Station Hub #3",
        "type": "gas_station",
        "category": "gas_station",
        "district": "Navsari",
        "taluk": "Chikhli",
        "rating": 4.6,
        "revenue_index": 0.79
      },
      "geometry": {
        "type": "Point",
        "coordinates": [
          73.13645,
          20.73964
        ]
      }
    },
    {
      "type": "Feature",
      "properties": {
        "name": "Navsari (Gandevi) - Restaurant Hub #1",
        "type": "restaurant",
        "category": "restaurant",
        "district": "Navsari",
        "taluk": "Gandevi",
        "rating": 4.5,
        "revenue_index": 0.78
      },
      "geometry": {
        "type": "Point",
        "coordinates": [
          72.88103,
          20.77292
        ]
      }
    },
    {
      "type": "Feature",
      "properties": {
        "name": "Navsari (Gandevi) - Gas Station Hub #2",
        "type": "gas_station",
        "category": "gas_station",
        "district": "Navsari",
        "taluk": "Gandevi",
        "rating": 4.6,
        "revenue_index": 0.79
      },
      "geometry": {
        "type": "Point",
        "coordinates": [
          72.89203,
          20.78592
        ]
      }
    },
    {
      "type": "Feature",
      "properties": {
        "name": "Navsari (Gandevi) - Ev Charging Hub #3",
        "type": "ev_charging",
        "category": "ev_charging",
        "district": "Navsari",
        "taluk": "Gandevi",
        "rating": 4.7,
        "revenue_index": 0.8
      },
      "geometry": {
        "type": "Point",
        "coordinates": [
          72.87303,
          20.76892
        ]
      }
    },
    {
      "type": "Feature",
      "properties": {
        "name": "Navsari (Navsari) - Substation Hub #1",
        "type": "substation",
        "category": "substation",
        "district": "Navsari",
        "taluk": "Navsari",
        "rating": 4.9,
        "revenue_index": 0.91
      },
      "geometry": {
        "type": "Point",
        "coordinates": [
          72.7936,
          20.92696
        ]
      }
    },
    {
      "type": "Feature",
      "properties": {
        "name": "Navsari (Navsari) - Retail Hub #2",
        "type": "retail",
        "category": "retail",
        "district": "Navsari",
        "taluk": "Navsari",
        "rating": 3.8,
        "revenue_index": 0.92
      },
      "geometry": {
        "type": "Point",
        "coordinates": [
          72.8006,
          20.93796
        ]
      }
    },
    {
      "type": "Feature",
      "properties": {
        "name": "Navsari (Navsari) - Restaurant Hub #3",
        "type": "restaurant",
        "category": "restaurant",
        "district": "Navsari",
        "taluk": "Navsari",
        "rating": 3.9,
        "revenue_index": 0.93
      },
      "geometry": {
        "type": "Point",
        "coordinates": [
          72.8076,
          20.91896
        ]
      }
    },
    {
      "type": "Feature",
      "properties": {
        "name": "Navsari (Vansada) - Gas Station Hub #1",
        "type": "gas_station",
        "category": "gas_station",
        "district": "Navsari",
        "taluk": "Vansada",
        "rating": 4.0,
        "revenue_index": 0.85
      },
      "geometry": {
        "type": "Point",
        "coordinates": [
          73.3324,
          20.74175
        ]
      }
    },
    {
      "type": "Feature",
      "properties": {
        "name": "Navsari (Vansada) - Ev Charging Hub #2",
        "type": "ev_charging",
        "category": "ev_charging",
        "district": "Navsari",
        "taluk": "Vansada",
        "rating": 4.1,
        "revenue_index": 0.86
      },
      "geometry": {
        "type": "Point",
        "coordinates": [
          73.3424,
          20.73175
        ]
      }
    },
    {
      "type": "Feature",
      "properties": {
        "name": "Navsari (Vansada) - Bank Hub #3",
        "type": "bank",
        "category": "bank",
        "district": "Navsari",
        "taluk": "Vansada",
        "rating": 4.2,
        "revenue_index": 0.87
      },
      "geometry": {
        "type": "Point",
        "coordinates": [
          73.3224,
          20.72175
        ]
      }
    },
    {
      "type": "Feature",
      "properties": {
        "name": "Panch Mahals (Godhra) - Restaurant Hub #1",
        "type": "restaurant",
        "category": "restaurant",
        "district": "Panch Mahals",
        "taluk": "Godhra",
        "rating": 3.9,
        "revenue_index": 0.84
      },
      "geometry": {
        "type": "Point",
        "coordinates": [
          73.67895,
          22.86651
        ]
      }
    },
    {
      "type": "Feature",
      "properties": {
        "name": "Panch Mahals (Godhra) - Gas Station Hub #2",
        "type": "gas_station",
        "category": "gas_station",
        "district": "Panch Mahals",
        "taluk": "Godhra",
        "rating": 4.0,
        "revenue_index": 0.85
      },
      "geometry": {
        "type": "Point",
        "coordinates": [
          73.67195,
          22.85551
        ]
      }
    },
    {
      "type": "Feature",
      "properties": {
        "name": "Panch Mahals (Godhra) - Ev Charging Hub #3",
        "type": "ev_charging",
        "category": "ev_charging",
        "district": "Panch Mahals",
        "taluk": "Godhra",
        "rating": 4.1,
        "revenue_index": 0.86
      },
      "geometry": {
        "type": "Point",
        "coordinates": [
          73.66495,
          22.87451
        ]
      }
    },
    {
      "type": "Feature",
      "properties": {
        "name": "Panch Mahals (Halol) - Gas Station Hub #1",
        "type": "gas_station",
        "category": "gas_station",
        "district": "Panch Mahals",
        "taluk": "Halol",
        "rating": 4.6,
        "revenue_index": 0.64
      },
      "geometry": {
        "type": "Point",
        "coordinates": [
          73.56687,
          22.44813
        ]
      }
    },
    {
      "type": "Feature",
      "properties": {
        "name": "Panch Mahals (Halol) - Ev Charging Hub #2",
        "type": "ev_charging",
        "category": "ev_charging",
        "district": "Panch Mahals",
        "taluk": "Halol",
        "rating": 4.7,
        "revenue_index": 0.65
      },
      "geometry": {
        "type": "Point",
        "coordinates": [
          73.56487,
          22.46213
        ]
      }
    },
    {
      "type": "Feature",
      "properties": {
        "name": "Panch Mahals (Halol) - Bank Hub #3",
        "type": "bank",
        "category": "bank",
        "district": "Panch Mahals",
        "taluk": "Halol",
        "rating": 4.8,
        "revenue_index": 0.66
      },
      "geometry": {
        "type": "Point",
        "coordinates": [
          73.56287,
          22.44613
        ]
      }
    },
    {
      "type": "Feature",
      "properties": {
        "name": "Panch Mahals (Jambughoda) - Gas Station Hub #1",
        "type": "gas_station",
        "category": "gas_station",
        "district": "Panch Mahals",
        "taluk": "Jambughoda",
        "rating": 4.0,
        "revenue_index": 0.88
      },
      "geometry": {
        "type": "Point",
        "coordinates": [
          73.70758,
          22.36066
        ]
      }
    },
    {
      "type": "Feature",
      "properties": {
        "name": "Panch Mahals (Jambughoda) - Ev Charging Hub #2",
        "type": "ev_charging",
        "category": "ev_charging",
        "district": "Panch Mahals",
        "taluk": "Jambughoda",
        "rating": 4.1,
        "revenue_index": 0.89
      },
      "geometry": {
        "type": "Point",
        "coordinates": [
          73.69358,
          22.36866
        ]
      }
    },
    {
      "type": "Feature",
      "properties": {
        "name": "Panch Mahals (Jambughoda) - Bank Hub #3",
        "type": "bank",
        "category": "bank",
        "district": "Panch Mahals",
        "taluk": "Jambughoda",
        "rating": 4.2,
        "revenue_index": 0.9
      },
      "geometry": {
        "type": "Point",
        "coordinates": [
          73.70958,
          22.37666
        ]
      }
    },
    {
      "type": "Feature",
      "properties": {
        "name": "Panch Mahals (Kalol) - Gas Station Hub #1",
        "type": "gas_station",
        "category": "gas_station",
        "district": "Panch Mahals",
        "taluk": "Kalol",
        "rating": 4.6,
        "revenue_index": 0.76
      },
      "geometry": {
        "type": "Point",
        "coordinates": [
          73.51982,
          22.6563
        ]
      }
    },
    {
      "type": "Feature",
      "properties": {
        "name": "Panch Mahals (Kalol) - Ev Charging Hub #2",
        "type": "ev_charging",
        "category": "ev_charging",
        "district": "Panch Mahals",
        "taluk": "Kalol",
        "rating": 4.7,
        "revenue_index": 0.77
      },
      "geometry": {
        "type": "Point",
        "coordinates": [
          73.51182,
          22.6523
        ]
      }
    },
    {
      "type": "Feature",
      "properties": {
        "name": "Panch Mahals (Kalol) - Bank Hub #3",
        "type": "bank",
        "category": "bank",
        "district": "Panch Mahals",
        "taluk": "Kalol",
        "rating": 4.8,
        "revenue_index": 0.78
      },
      "geometry": {
        "type": "Point",
        "coordinates": [
          73.50382,
          22.6483
        ]
      }
    },
    {
      "type": "Feature",
      "properties": {
        "name": "Panch Mahals (Lunavada) - Substation Hub #1",
        "type": "substation",
        "category": "substation",
        "district": "Panch Mahals",
        "taluk": "Lunavada",
        "rating": 4.9,
        "revenue_index": 0.79
      },
      "geometry": {
        "type": "Point",
        "coordinates": [
          73.60873,
          23.19218
        ]
      }
    },
    {
      "type": "Feature",
      "properties": {
        "name": "Panch Mahals (Lunavada) - Retail Hub #2",
        "type": "retail",
        "category": "retail",
        "district": "Panch Mahals",
        "taluk": "Lunavada",
        "rating": 3.8,
        "revenue_index": 0.8
      },
      "geometry": {
        "type": "Point",
        "coordinates": [
          73.62173,
          23.19118
        ]
      }
    },
    {
      "type": "Feature",
      "properties": {
        "name": "Panch Mahals (Lunavada) - Restaurant Hub #3",
        "type": "restaurant",
        "category": "restaurant",
        "district": "Panch Mahals",
        "taluk": "Lunavada",
        "rating": 3.9,
        "revenue_index": 0.81
      },
      "geometry": {
        "type": "Point",
        "coordinates": [
          73.60473,
          23.19018
        ]
      }
    },
    {
      "type": "Feature",
      "properties": {
        "name": "Panch Mahals (Shehera) - Ev Charging Hub #1",
        "type": "ev_charging",
        "category": "ev_charging",
        "district": "Panch Mahals",
        "taluk": "Shehera",
        "rating": 4.1,
        "revenue_index": 0.68
      },
      "geometry": {
        "type": "Point",
        "coordinates": [
          73.62499,
          22.92989
        ]
      }
    },
    {
      "type": "Feature",
      "properties": {
        "name": "Panch Mahals (Shehera) - Bank Hub #2",
        "type": "bank",
        "category": "bank",
        "district": "Panch Mahals",
        "taluk": "Shehera",
        "rating": 4.2,
        "revenue_index": 0.69
      },
      "geometry": {
        "type": "Point",
        "coordinates": [
          73.61599,
          22.93289
        ]
      }
    },
    {
      "type": "Feature",
      "properties": {
        "name": "Panch Mahals (Shehera) - Substation Hub #3",
        "type": "substation",
        "category": "substation",
        "district": "Panch Mahals",
        "taluk": "Shehera",
        "rating": 4.3,
        "revenue_index": 0.7
      },
      "geometry": {
        "type": "Point",
        "coordinates": [
          73.60699,
          22.93589
        ]
      }
    },
    {
      "type": "Feature",
      "properties": {
        "name": "Patan (Harij) - Ev Charging Hub #1",
        "type": "ev_charging",
        "category": "ev_charging",
        "district": "Patan",
        "taluk": "Harij",
        "rating": 4.1,
        "revenue_index": 0.53
      },
      "geometry": {
        "type": "Point",
        "coordinates": [
          71.93311,
          23.75916
        ]
      }
    },
    {
      "type": "Feature",
      "properties": {
        "name": "Patan (Harij) - Bank Hub #2",
        "type": "bank",
        "category": "bank",
        "district": "Patan",
        "taluk": "Harij",
        "rating": 4.2,
        "revenue_index": 0.54
      },
      "geometry": {
        "type": "Point",
        "coordinates": [
          71.92411,
          23.76216
        ]
      }
    },
    {
      "type": "Feature",
      "properties": {
        "name": "Patan (Harij) - Substation Hub #3",
        "type": "substation",
        "category": "substation",
        "district": "Patan",
        "taluk": "Harij",
        "rating": 4.3,
        "revenue_index": 0.55
      },
      "geometry": {
        "type": "Point",
        "coordinates": [
          71.91511,
          23.76516
        ]
      }
    },
    {
      "type": "Feature",
      "properties": {
        "name": "Patan (Patan) - Bank Hub #1",
        "type": "bank",
        "category": "bank",
        "district": "Patan",
        "taluk": "Patan",
        "rating": 4.8,
        "revenue_index": 0.93
      },
      "geometry": {
        "type": "Point",
        "coordinates": [
          72.16241,
          23.93604
        ]
      }
    },
    {
      "type": "Feature",
      "properties": {
        "name": "Patan (Patan) - Substation Hub #2",
        "type": "substation",
        "category": "substation",
        "district": "Patan",
        "taluk": "Patan",
        "rating": 4.9,
        "revenue_index": 0.94
      },
      "geometry": {
        "type": "Point",
        "coordinates": [
          72.15841,
          23.93404
        ]
      }
    },
    {
      "type": "Feature",
      "properties": {
        "name": "Patan (Patan) - Retail Hub #3",
        "type": "retail",
        "category": "retail",
        "district": "Patan",
        "taluk": "Patan",
        "rating": 3.8,
        "revenue_index": 0.5
      },
      "geometry": {
        "type": "Point",
        "coordinates": [
          72.15441,
          23.93204
        ]
      }
    },
    {
      "type": "Feature",
      "properties": {
        "name": "Patan (Radhanpur) - Retail Hub #1",
        "type": "retail",
        "category": "retail",
        "district": "Patan",
        "taluk": "Radhanpur",
        "rating": 3.8,
        "revenue_index": 0.74
      },
      "geometry": {
        "type": "Point",
        "coordinates": [
          71.58551,
          23.8352
        ]
      }
    },
    {
      "type": "Feature",
      "properties": {
        "name": "Patan (Radhanpur) - Restaurant Hub #2",
        "type": "restaurant",
        "category": "restaurant",
        "district": "Patan",
        "taluk": "Radhanpur",
        "rating": 3.9,
        "revenue_index": 0.75
      },
      "geometry": {
        "type": "Point",
        "coordinates": [
          71.57351,
          23.8292
        ]
      }
    },
    {
      "type": "Feature",
      "properties": {
        "name": "Patan (Radhanpur) - Gas Station Hub #3",
        "type": "gas_station",
        "category": "gas_station",
        "district": "Patan",
        "taluk": "Radhanpur",
        "rating": 4.0,
        "revenue_index": 0.76
      },
      "geometry": {
        "type": "Point",
        "coordinates": [
          71.59151,
          23.8232
        ]
      }
    },
    {
      "type": "Feature",
      "properties": {
        "name": "Patan (Sami) - Bank Hub #1",
        "type": "bank",
        "category": "bank",
        "district": "Patan",
        "taluk": "Sami",
        "rating": 4.2,
        "revenue_index": 0.66
      },
      "geometry": {
        "type": "Point",
        "coordinates": [
          71.69169,
          23.62659
        ]
      }
    },
    {
      "type": "Feature",
      "properties": {
        "name": "Patan (Sami) - Substation Hub #2",
        "type": "substation",
        "category": "substation",
        "district": "Patan",
        "taluk": "Sami",
        "rating": 4.3,
        "revenue_index": 0.67
      },
      "geometry": {
        "type": "Point",
        "coordinates": [
          71.69369,
          23.61259
        ]
      }
    },
    {
      "type": "Feature",
      "properties": {
        "name": "Patan (Sami) - Retail Hub #3",
        "type": "retail",
        "category": "retail",
        "district": "Patan",
        "taluk": "Sami",
        "rating": 4.4,
        "revenue_index": 0.68
      },
      "geometry": {
        "type": "Point",
        "coordinates": [
          71.69569,
          23.62859
        ]
      }
    },
    {
      "type": "Feature",
      "properties": {
        "name": "Patan (Santalpur) - Substation Hub #1",
        "type": "substation",
        "category": "substation",
        "district": "Patan",
        "taluk": "Santalpur",
        "rating": 4.3,
        "revenue_index": 0.76
      },
      "geometry": {
        "type": "Point",
        "coordinates": [
          71.3018,
          23.80675
        ]
      }
    },
    {
      "type": "Feature",
      "properties": {
        "name": "Patan (Santalpur) - Retail Hub #2",
        "type": "retail",
        "category": "retail",
        "district": "Patan",
        "taluk": "Santalpur",
        "rating": 4.4,
        "revenue_index": 0.77
      },
      "geometry": {
        "type": "Point",
        "coordinates": [
          71.3088,
          23.81775
        ]
      }
    },
    {
      "type": "Feature",
      "properties": {
        "name": "Patan (Santalpur) - Restaurant Hub #3",
        "type": "restaurant",
        "category": "restaurant",
        "district": "Patan",
        "taluk": "Santalpur",
        "rating": 4.5,
        "revenue_index": 0.78
      },
      "geometry": {
        "type": "Point",
        "coordinates": [
          71.3158,
          23.79875
        ]
      }
    },
    {
      "type": "Feature",
      "properties": {
        "name": "Patan (Siddhapur) - Substation Hub #1",
        "type": "substation",
        "category": "substation",
        "district": "Patan",
        "taluk": "Siddhapur",
        "rating": 4.9,
        "revenue_index": 0.82
      },
      "geometry": {
        "type": "Point",
        "coordinates": [
          72.36271,
          23.89362
        ]
      }
    },
    {
      "type": "Feature",
      "properties": {
        "name": "Patan (Siddhapur) - Retail Hub #2",
        "type": "retail",
        "category": "retail",
        "district": "Patan",
        "taluk": "Siddhapur",
        "rating": 3.8,
        "revenue_index": 0.83
      },
      "geometry": {
        "type": "Point",
        "coordinates": [
          72.35171,
          23.88062
        ]
      }
    },
    {
      "type": "Feature",
      "properties": {
        "name": "Patan (Siddhapur) - Restaurant Hub #3",
        "type": "restaurant",
        "category": "restaurant",
        "district": "Patan",
        "taluk": "Siddhapur",
        "rating": 3.9,
        "revenue_index": 0.84
      },
      "geometry": {
        "type": "Point",
        "coordinates": [
          72.37071,
          23.89762
        ]
      }
    },
    {
      "type": "Feature",
      "properties": {
        "name": "Porbandar (Kutiyana) - Retail Hub #1",
        "type": "retail",
        "category": "retail",
        "district": "Porbandar",
        "taluk": "Kutiyana",
        "rating": 3.8,
        "revenue_index": 0.71
      },
      "geometry": {
        "type": "Point",
        "coordinates": [
          70.00774,
          21.58621
        ]
      }
    },
    {
      "type": "Feature",
      "properties": {
        "name": "Porbandar (Kutiyana) - Restaurant Hub #2",
        "type": "restaurant",
        "category": "restaurant",
        "district": "Porbandar",
        "taluk": "Kutiyana",
        "rating": 3.9,
        "revenue_index": 0.72
      },
      "geometry": {
        "type": "Point",
        "coordinates": [
          70.01974,
          21.59221
        ]
      }
    },
    {
      "type": "Feature",
      "properties": {
        "name": "Porbandar (Kutiyana) - Gas Station Hub #3",
        "type": "gas_station",
        "category": "gas_station",
        "district": "Porbandar",
        "taluk": "Kutiyana",
        "rating": 4.0,
        "revenue_index": 0.73
      },
      "geometry": {
        "type": "Point",
        "coordinates": [
          70.00174,
          21.59821
        ]
      }
    },
    {
      "type": "Feature",
      "properties": {
        "name": "Porbandar (Porbandar) - Ev Charging Hub #1",
        "type": "ev_charging",
        "category": "ev_charging",
        "district": "Porbandar",
        "taluk": "Porbandar",
        "rating": 4.7,
        "revenue_index": 0.74
      },
      "geometry": {
        "type": "Point",
        "coordinates": [
          69.69751,
          21.53274
        ]
      }
    },
    {
      "type": "Feature",
      "properties": {
        "name": "Porbandar (Porbandar) - Bank Hub #2",
        "type": "bank",
        "category": "bank",
        "district": "Porbandar",
        "taluk": "Porbandar",
        "rating": 4.8,
        "revenue_index": 0.75
      },
      "geometry": {
        "type": "Point",
        "coordinates": [
          69.70051,
          21.54174
        ]
      }
    },
    {
      "type": "Feature",
      "properties": {
        "name": "Porbandar (Porbandar) - Substation Hub #3",
        "type": "substation",
        "category": "substation",
        "district": "Porbandar",
        "taluk": "Porbandar",
        "rating": 4.9,
        "revenue_index": 0.76
      },
      "geometry": {
        "type": "Point",
        "coordinates": [
          69.70351,
          21.55074
        ]
      }
    },
    {
      "type": "Feature",
      "properties": {
        "name": "Porbandar (Ranavav) - Gas Station Hub #1",
        "type": "gas_station",
        "category": "gas_station",
        "district": "Porbandar",
        "taluk": "Ranavav",
        "rating": 4.0,
        "revenue_index": 0.73
      },
      "geometry": {
        "type": "Point",
        "coordinates": [
          69.74155,
          21.61703
        ]
      }
    },
    {
      "type": "Feature",
      "properties": {
        "name": "Porbandar (Ranavav) - Ev Charging Hub #2",
        "type": "ev_charging",
        "category": "ev_charging",
        "district": "Porbandar",
        "taluk": "Ranavav",
        "rating": 4.1,
        "revenue_index": 0.74
      },
      "geometry": {
        "type": "Point",
        "coordinates": [
          69.72755,
          21.62503
        ]
      }
    },
    {
      "type": "Feature",
      "properties": {
        "name": "Porbandar (Ranavav) - Bank Hub #3",
        "type": "bank",
        "category": "bank",
        "district": "Porbandar",
        "taluk": "Ranavav",
        "rating": 4.2,
        "revenue_index": 0.75
      },
      "geometry": {
        "type": "Point",
        "coordinates": [
          69.74355,
          21.63303
        ]
      }
    },
    {
      "type": "Feature",
      "properties": {
        "name": "Rajkot (Dhoraji) - Bank Hub #1",
        "type": "bank",
        "category": "bank",
        "district": "Rajkot",
        "taluk": "Dhoraji",
        "rating": 4.2,
        "revenue_index": 0.72
      },
      "geometry": {
        "type": "Point",
        "coordinates": [
          70.3925,
          21.70056
        ]
      }
    },
    {
      "type": "Feature",
      "properties": {
        "name": "Rajkot (Dhoraji) - Substation Hub #2",
        "type": "substation",
        "category": "substation",
        "district": "Rajkot",
        "taluk": "Dhoraji",
        "rating": 4.3,
        "revenue_index": 0.73
      },
      "geometry": {
        "type": "Point",
        "coordinates": [
          70.4065,
          21.69256
        ]
      }
    },
    {
      "type": "Feature",
      "properties": {
        "name": "Rajkot (Dhoraji) - Retail Hub #3",
        "type": "retail",
        "category": "retail",
        "district": "Rajkot",
        "taluk": "Dhoraji",
        "rating": 4.4,
        "revenue_index": 0.74
      },
      "geometry": {
        "type": "Point",
        "coordinates": [
          70.3905,
          21.68456
        ]
      }
    },
    {
      "type": "Feature",
      "properties": {
        "name": "Rajkot (Gondal) - Bank Hub #1",
        "type": "bank",
        "category": "bank",
        "district": "Rajkot",
        "taluk": "Gondal",
        "rating": 4.8,
        "revenue_index": 0.6
      },
      "geometry": {
        "type": "Point",
        "coordinates": [
          70.82391,
          21.90345
        ]
      }
    },
    {
      "type": "Feature",
      "properties": {
        "name": "Rajkot (Gondal) - Substation Hub #2",
        "type": "substation",
        "category": "substation",
        "district": "Rajkot",
        "taluk": "Gondal",
        "rating": 4.9,
        "revenue_index": 0.61
      },
      "geometry": {
        "type": "Point",
        "coordinates": [
          70.81391,
          21.91345
        ]
      }
    },
    {
      "type": "Feature",
      "properties": {
        "name": "Rajkot (Gondal) - Retail Hub #3",
        "type": "retail",
        "category": "retail",
        "district": "Rajkot",
        "taluk": "Gondal",
        "rating": 3.8,
        "revenue_index": 0.62
      },
      "geometry": {
        "type": "Point",
        "coordinates": [
          70.80391,
          21.89345
        ]
      }
    },
    {
      "type": "Feature",
      "properties": {
        "name": "Rajkot (Jam Kandorna) - Retail Hub #1",
        "type": "retail",
        "category": "retail",
        "district": "Rajkot",
        "taluk": "Jam Kandorna",
        "rating": 4.4,
        "revenue_index": 0.89
      },
      "geometry": {
        "type": "Point",
        "coordinates": [
          70.47469,
          21.9363
        ]
      }
    },
    {
      "type": "Feature",
      "properties": {
        "name": "Rajkot (Jam Kandorna) - Restaurant Hub #2",
        "type": "restaurant",
        "category": "restaurant",
        "district": "Rajkot",
        "taluk": "Jam Kandorna",
        "rating": 4.5,
        "revenue_index": 0.9
      },
      "geometry": {
        "type": "Point",
        "coordinates": [
          70.46269,
          21.9303
        ]
      }
    },
    {
      "type": "Feature",
      "properties": {
        "name": "Rajkot (Jam Kandorna) - Gas Station Hub #3",
        "type": "gas_station",
        "category": "gas_station",
        "district": "Rajkot",
        "taluk": "Jam Kandorna",
        "rating": 4.6,
        "revenue_index": 0.91
      },
      "geometry": {
        "type": "Point",
        "coordinates": [
          70.48069,
          21.9243
        ]
      }
    },
    {
      "type": "Feature",
      "properties": {
        "name": "Rajkot (Jasdan) - Bank Hub #1",
        "type": "bank",
        "category": "bank",
        "district": "Rajkot",
        "taluk": "Jasdan",
        "rating": 4.2,
        "revenue_index": 0.9
      },
      "geometry": {
        "type": "Point",
        "coordinates": [
          71.23203,
          22.07315
        ]
      }
    },
    {
      "type": "Feature",
      "properties": {
        "name": "Rajkot (Jasdan) - Substation Hub #2",
        "type": "substation",
        "category": "substation",
        "district": "Rajkot",
        "taluk": "Jasdan",
        "rating": 4.3,
        "revenue_index": 0.91
      },
      "geometry": {
        "type": "Point",
        "coordinates": [
          71.22203,
          22.08315
        ]
      }
    },
    {
      "type": "Feature",
      "properties": {
        "name": "Rajkot (Jasdan) - Retail Hub #3",
        "type": "retail",
        "category": "retail",
        "district": "Rajkot",
        "taluk": "Jasdan",
        "rating": 4.4,
        "revenue_index": 0.92
      },
      "geometry": {
        "type": "Point",
        "coordinates": [
          71.21203,
          22.06315
        ]
      }
    },
    {
      "type": "Feature",
      "properties": {
        "name": "Rajkot (Jetpur) - Ev Charging Hub #1",
        "type": "ev_charging",
        "category": "ev_charging",
        "district": "Rajkot",
        "taluk": "Jetpur",
        "rating": 4.1,
        "revenue_index": 0.77
      },
      "geometry": {
        "type": "Point",
        "coordinates": [
          70.67524,
          21.77164
        ]
      }
    },
    {
      "type": "Feature",
      "properties": {
        "name": "Rajkot (Jetpur) - Bank Hub #2",
        "type": "bank",
        "category": "bank",
        "district": "Rajkot",
        "taluk": "Jetpur",
        "rating": 4.2,
        "revenue_index": 0.78
      },
      "geometry": {
        "type": "Point",
        "coordinates": [
          70.68424,
          21.76864
        ]
      }
    },
    {
      "type": "Feature",
      "properties": {
        "name": "Rajkot (Jetpur) - Substation Hub #3",
        "type": "substation",
        "category": "substation",
        "district": "Rajkot",
        "taluk": "Jetpur",
        "rating": 4.3,
        "revenue_index": 0.79
      },
      "geometry": {
        "type": "Point",
        "coordinates": [
          70.69324,
          21.76564
        ]
      }
    },
    {
      "type": "Feature",
      "properties": {
        "name": "Rajkot (Kotda Sangani) - Retail Hub #1",
        "type": "retail",
        "category": "retail",
        "district": "Rajkot",
        "taluk": "Kotda Sangani",
        "rating": 3.8,
        "revenue_index": 0.59
      },
      "geometry": {
        "type": "Point",
        "coordinates": [
          70.91531,
          22.04268
        ]
      }
    },
    {
      "type": "Feature",
      "properties": {
        "name": "Rajkot (Kotda Sangani) - Restaurant Hub #2",
        "type": "restaurant",
        "category": "restaurant",
        "district": "Rajkot",
        "taluk": "Kotda Sangani",
        "rating": 3.9,
        "revenue_index": 0.6
      },
      "geometry": {
        "type": "Point",
        "coordinates": [
          70.90331,
          22.03668
        ]
      }
    },
    {
      "type": "Feature",
      "properties": {
        "name": "Rajkot (Kotda Sangani) - Gas Station Hub #3",
        "type": "gas_station",
        "category": "gas_station",
        "district": "Rajkot",
        "taluk": "Kotda Sangani",
        "rating": 4.0,
        "revenue_index": 0.61
      },
      "geometry": {
        "type": "Point",
        "coordinates": [
          70.92131,
          22.03068
        ]
      }
    },
    {
      "type": "Feature",
      "properties": {
        "name": "Rajkot (Lodhi ka Mahal) - Ev Charging Hub #1",
        "type": "ev_charging",
        "category": "ev_charging",
        "district": "Rajkot",
        "taluk": "Lodhi ka Mahal",
        "rating": 4.7,
        "revenue_index": 0.77
      },
      "geometry": {
        "type": "Point",
        "coordinates": [
          70.65721,
          22.22366
        ]
      }
    },
    {
      "type": "Feature",
      "properties": {
        "name": "Rajkot (Lodhi ka Mahal) - Bank Hub #2",
        "type": "bank",
        "category": "bank",
        "district": "Rajkot",
        "taluk": "Lodhi ka Mahal",
        "rating": 4.8,
        "revenue_index": 0.78
      },
      "geometry": {
        "type": "Point",
        "coordinates": [
          70.66621,
          22.22066
        ]
      }
    },
    {
      "type": "Feature",
      "properties": {
        "name": "Rajkot (Lodhi ka Mahal) - Substation Hub #3",
        "type": "substation",
        "category": "substation",
        "district": "Rajkot",
        "taluk": "Lodhi ka Mahal",
        "rating": 4.9,
        "revenue_index": 0.79
      },
      "geometry": {
        "type": "Point",
        "coordinates": [
          70.67521,
          22.21766
        ]
      }
    },
    {
      "type": "Feature",
      "properties": {
        "name": "Rajkot (Maliya Miyana) - Gas Station Hub #1",
        "type": "gas_station",
        "category": "gas_station",
        "district": "Rajkot",
        "taluk": "Maliya Miyana",
        "rating": 4.0,
        "revenue_index": 0.79
      },
      "geometry": {
        "type": "Point",
        "coordinates": [
          70.81105,
          23.05371
        ]
      }
    },
    {
      "type": "Feature",
      "properties": {
        "name": "Rajkot (Maliya Miyana) - Ev Charging Hub #2",
        "type": "ev_charging",
        "category": "ev_charging",
        "district": "Rajkot",
        "taluk": "Maliya Miyana",
        "rating": 4.1,
        "revenue_index": 0.8
      },
      "geometry": {
        "type": "Point",
        "coordinates": [
          70.80905,
          23.06771
        ]
      }
    },
    {
      "type": "Feature",
      "properties": {
        "name": "Rajkot (Maliya Miyana) - Bank Hub #3",
        "type": "bank",
        "category": "bank",
        "district": "Rajkot",
        "taluk": "Maliya Miyana",
        "rating": 4.2,
        "revenue_index": 0.81
      },
      "geometry": {
        "type": "Point",
        "coordinates": [
          70.80705,
          23.05171
        ]
      }
    },
    {
      "type": "Feature",
      "properties": {
        "name": "Rajkot (Morbi) - Gas Station Hub #1",
        "type": "gas_station",
        "category": "gas_station",
        "district": "Rajkot",
        "taluk": "Morbi",
        "rating": 4.0,
        "revenue_index": 0.88
      },
      "geometry": {
        "type": "Point",
        "coordinates": [
          70.85228,
          22.82634
        ]
      }
    },
    {
      "type": "Feature",
      "properties": {
        "name": "Rajkot (Morbi) - Ev Charging Hub #2",
        "type": "ev_charging",
        "category": "ev_charging",
        "district": "Rajkot",
        "taluk": "Morbi",
        "rating": 4.1,
        "revenue_index": 0.89
      },
      "geometry": {
        "type": "Point",
        "coordinates": [
          70.83828,
          22.83434
        ]
      }
    },
    {
      "type": "Feature",
      "properties": {
        "name": "Rajkot (Morbi) - Bank Hub #3",
        "type": "bank",
        "category": "bank",
        "district": "Rajkot",
        "taluk": "Morbi",
        "rating": 4.2,
        "revenue_index": 0.9
      },
      "geometry": {
        "type": "Point",
        "coordinates": [
          70.85428,
          22.84234
        ]
      }
    },
    {
      "type": "Feature",
      "properties": {
        "name": "Rajkot (Padadhari) - Ev Charging Hub #1",
        "type": "ev_charging",
        "category": "ev_charging",
        "district": "Rajkot",
        "taluk": "Padadhari",
        "rating": 4.7,
        "revenue_index": 0.56
      },
      "geometry": {
        "type": "Point",
        "coordinates": [
          70.61086,
          22.42796
        ]
      }
    },
    {
      "type": "Feature",
      "properties": {
        "name": "Rajkot (Padadhari) - Bank Hub #2",
        "type": "bank",
        "category": "bank",
        "district": "Rajkot",
        "taluk": "Padadhari",
        "rating": 4.8,
        "revenue_index": 0.57
      },
      "geometry": {
        "type": "Point",
        "coordinates": [
          70.60786,
          22.41896
        ]
      }
    },
    {
      "type": "Feature",
      "properties": {
        "name": "Rajkot (Padadhari) - Substation Hub #3",
        "type": "substation",
        "category": "substation",
        "district": "Rajkot",
        "taluk": "Padadhari",
        "rating": 4.9,
        "revenue_index": 0.58
      },
      "geometry": {
        "type": "Point",
        "coordinates": [
          70.60486,
          22.40996
        ]
      }
    },
    {
      "type": "Feature",
      "properties": {
        "name": "Rajkot (Rajkot) - Ev Charging Hub #1",
        "type": "ev_charging",
        "category": "ev_charging",
        "district": "Rajkot",
        "taluk": "Rajkot",
        "rating": 4.1,
        "revenue_index": 0.65
      },
      "geometry": {
        "type": "Point",
        "coordinates": [
          70.91827,
          22.26354
        ]
      }
    },
    {
      "type": "Feature",
      "properties": {
        "name": "Rajkot (Rajkot) - Bank Hub #2",
        "type": "bank",
        "category": "bank",
        "district": "Rajkot",
        "taluk": "Rajkot",
        "rating": 4.2,
        "revenue_index": 0.66
      },
      "geometry": {
        "type": "Point",
        "coordinates": [
          70.90327,
          22.24854
        ]
      }
    },
    {
      "type": "Feature",
      "properties": {
        "name": "Rajkot (Rajkot) - Substation Hub #3",
        "type": "substation",
        "category": "substation",
        "district": "Rajkot",
        "taluk": "Rajkot",
        "rating": 4.3,
        "revenue_index": 0.67
      },
      "geometry": {
        "type": "Point",
        "coordinates": [
          70.91827,
          22.26354
        ]
      }
    },
    {
      "type": "Feature",
      "properties": {
        "name": "Rajkot (Upleta) - Gas Station Hub #1",
        "type": "gas_station",
        "category": "gas_station",
        "district": "Rajkot",
        "taluk": "Upleta",
        "rating": 4.6,
        "revenue_index": 0.82
      },
      "geometry": {
        "type": "Point",
        "coordinates": [
          70.22182,
          21.79649
        ]
      }
    },
    {
      "type": "Feature",
      "properties": {
        "name": "Rajkot (Upleta) - Ev Charging Hub #2",
        "type": "ev_charging",
        "category": "ev_charging",
        "district": "Rajkot",
        "taluk": "Upleta",
        "rating": 4.7,
        "revenue_index": 0.83
      },
      "geometry": {
        "type": "Point",
        "coordinates": [
          70.22582,
          21.79849
        ]
      }
    },
    {
      "type": "Feature",
      "properties": {
        "name": "Rajkot (Upleta) - Bank Hub #3",
        "type": "bank",
        "category": "bank",
        "district": "Rajkot",
        "taluk": "Upleta",
        "rating": 4.8,
        "revenue_index": 0.84
      },
      "geometry": {
        "type": "Point",
        "coordinates": [
          70.22982,
          21.80049
        ]
      }
    },
    {
      "type": "Feature",
      "properties": {
        "name": "Rajkot (Wankaner) - Retail Hub #1",
        "type": "retail",
        "category": "retail",
        "district": "Rajkot",
        "taluk": "Wankaner",
        "rating": 4.4,
        "revenue_index": 0.77
      },
      "geometry": {
        "type": "Point",
        "coordinates": [
          71.00415,
          22.57981
        ]
      }
    },
    {
      "type": "Feature",
      "properties": {
        "name": "Rajkot (Wankaner) - Restaurant Hub #2",
        "type": "restaurant",
        "category": "restaurant",
        "district": "Rajkot",
        "taluk": "Wankaner",
        "rating": 4.5,
        "revenue_index": 0.78
      },
      "geometry": {
        "type": "Point",
        "coordinates": [
          70.99815,
          22.59181
        ]
      }
    },
    {
      "type": "Feature",
      "properties": {
        "name": "Rajkot (Wankaner) - Gas Station Hub #3",
        "type": "gas_station",
        "category": "gas_station",
        "district": "Rajkot",
        "taluk": "Wankaner",
        "rating": 4.6,
        "revenue_index": 0.79
      },
      "geometry": {
        "type": "Point",
        "coordinates": [
          70.99215,
          22.57381
        ]
      }
    },
    {
      "type": "Feature",
      "properties": {
        "name": "Sabar Kantha (Bayad) - Gas Station Hub #1",
        "type": "gas_station",
        "category": "gas_station",
        "district": "Sabar Kantha",
        "taluk": "Bayad",
        "rating": 4.6,
        "revenue_index": 0.7
      },
      "geometry": {
        "type": "Point",
        "coordinates": [
          73.30723,
          23.294
        ]
      }
    },
    {
      "type": "Feature",
      "properties": {
        "name": "Sabar Kantha (Bayad) - Ev Charging Hub #2",
        "type": "ev_charging",
        "category": "ev_charging",
        "district": "Sabar Kantha",
        "taluk": "Bayad",
        "rating": 4.7,
        "revenue_index": 0.71
      },
      "geometry": {
        "type": "Point",
        "coordinates": [
          73.31723,
          23.284
        ]
      }
    },
    {
      "type": "Feature",
      "properties": {
        "name": "Sabar Kantha (Bayad) - Bank Hub #3",
        "type": "bank",
        "category": "bank",
        "district": "Sabar Kantha",
        "taluk": "Bayad",
        "rating": 4.8,
        "revenue_index": 0.72
      },
      "geometry": {
        "type": "Point",
        "coordinates": [
          73.29723,
          23.274
        ]
      }
    },
    {
      "type": "Feature",
      "properties": {
        "name": "Sabar Kantha (Bhiloda) - Bank Hub #1",
        "type": "bank",
        "category": "bank",
        "district": "Sabar Kantha",
        "taluk": "Bhiloda",
        "rating": 4.2,
        "revenue_index": 0.72
      },
      "geometry": {
        "type": "Point",
        "coordinates": [
          73.31196,
          23.74839
        ]
      }
    },
    {
      "type": "Feature",
      "properties": {
        "name": "Sabar Kantha (Bhiloda) - Substation Hub #2",
        "type": "substation",
        "category": "substation",
        "district": "Sabar Kantha",
        "taluk": "Bhiloda",
        "rating": 4.3,
        "revenue_index": 0.73
      },
      "geometry": {
        "type": "Point",
        "coordinates": [
          73.32596,
          23.74039
        ]
      }
    },
    {
      "type": "Feature",
      "properties": {
        "name": "Sabar Kantha (Bhiloda) - Retail Hub #3",
        "type": "retail",
        "category": "retail",
        "district": "Sabar Kantha",
        "taluk": "Bhiloda",
        "rating": 4.4,
        "revenue_index": 0.74
      },
      "geometry": {
        "type": "Point",
        "coordinates": [
          73.30996,
          23.73239
        ]
      }
    },
    {
      "type": "Feature",
      "properties": {
        "name": "Sabar Kantha (Himatnagar) - Substation Hub #1",
        "type": "substation",
        "category": "substation",
        "district": "Sabar Kantha",
        "taluk": "Himatnagar",
        "rating": 4.3,
        "revenue_index": 0.52
      },
      "geometry": {
        "type": "Point",
        "coordinates": [
          73.02061,
          23.61807
        ]
      }
    },
    {
      "type": "Feature",
      "properties": {
        "name": "Sabar Kantha (Himatnagar) - Retail Hub #2",
        "type": "retail",
        "category": "retail",
        "district": "Sabar Kantha",
        "taluk": "Himatnagar",
        "rating": 4.4,
        "revenue_index": 0.53
      },
      "geometry": {
        "type": "Point",
        "coordinates": [
          73.00961,
          23.60507
        ]
      }
    },
    {
      "type": "Feature",
      "properties": {
        "name": "Sabar Kantha (Himatnagar) - Restaurant Hub #3",
        "type": "restaurant",
        "category": "restaurant",
        "district": "Sabar Kantha",
        "taluk": "Himatnagar",
        "rating": 4.5,
        "revenue_index": 0.54
      },
      "geometry": {
        "type": "Point",
        "coordinates": [
          73.02861,
          23.62207
        ]
      }
    },
    {
      "type": "Feature",
      "properties": {
        "name": "Sabar Kantha (Idar) - Bank Hub #1",
        "type": "bank",
        "category": "bank",
        "district": "Sabar Kantha",
        "taluk": "Idar",
        "rating": 4.2,
        "revenue_index": 0.54
      },
      "geometry": {
        "type": "Point",
        "coordinates": [
          72.99484,
          23.83293
        ]
      }
    },
    {
      "type": "Feature",
      "properties": {
        "name": "Sabar Kantha (Idar) - Substation Hub #2",
        "type": "substation",
        "category": "substation",
        "district": "Sabar Kantha",
        "taluk": "Idar",
        "rating": 4.3,
        "revenue_index": 0.55
      },
      "geometry": {
        "type": "Point",
        "coordinates": [
          73.00284,
          23.83693
        ]
      }
    },
    {
      "type": "Feature",
      "properties": {
        "name": "Sabar Kantha (Idar) - Retail Hub #3",
        "type": "retail",
        "category": "retail",
        "district": "Sabar Kantha",
        "taluk": "Idar",
        "rating": 4.4,
        "revenue_index": 0.56
      },
      "geometry": {
        "type": "Point",
        "coordinates": [
          73.01084,
          23.84093
        ]
      }
    },
    {
      "type": "Feature",
      "properties": {
        "name": "Sabar Kantha (Khed Brahma) - Ev Charging Hub #1",
        "type": "ev_charging",
        "category": "ev_charging",
        "district": "Sabar Kantha",
        "taluk": "Khed Brahma",
        "rating": 4.7,
        "revenue_index": 0.83
      },
      "geometry": {
        "type": "Point",
        "coordinates": [
          73.07591,
          24.21468
        ]
      }
    },
    {
      "type": "Feature",
      "properties": {
        "name": "Sabar Kantha (Khed Brahma) - Bank Hub #2",
        "type": "bank",
        "category": "bank",
        "district": "Sabar Kantha",
        "taluk": "Khed Brahma",
        "rating": 4.8,
        "revenue_index": 0.84
      },
      "geometry": {
        "type": "Point",
        "coordinates": [
          73.06691,
          24.21768
        ]
      }
    },
    {
      "type": "Feature",
      "properties": {
        "name": "Sabar Kantha (Khed Brahma) - Substation Hub #3",
        "type": "substation",
        "category": "substation",
        "district": "Sabar Kantha",
        "taluk": "Khed Brahma",
        "rating": 4.9,
        "revenue_index": 0.85
      },
      "geometry": {
        "type": "Point",
        "coordinates": [
          73.05791,
          24.22068
        ]
      }
    },
    {
      "type": "Feature",
      "properties": {
        "name": "Sabar Kantha (Meghraj) - Substation Hub #1",
        "type": "substation",
        "category": "substation",
        "district": "Sabar Kantha",
        "taluk": "Meghraj",
        "rating": 4.3,
        "revenue_index": 0.94
      },
      "geometry": {
        "type": "Point",
        "coordinates": [
          73.53127,
          23.52996
        ]
      }
    },
    {
      "type": "Feature",
      "properties": {
        "name": "Sabar Kantha (Meghraj) - Retail Hub #2",
        "type": "retail",
        "category": "retail",
        "district": "Sabar Kantha",
        "taluk": "Meghraj",
        "rating": 4.4,
        "revenue_index": 0.5
      },
      "geometry": {
        "type": "Point",
        "coordinates": [
          73.54427,
          23.52896
        ]
      }
    },
    {
      "type": "Feature",
      "properties": {
        "name": "Sabar Kantha (Meghraj) - Restaurant Hub #3",
        "type": "restaurant",
        "category": "restaurant",
        "district": "Sabar Kantha",
        "taluk": "Meghraj",
        "rating": 4.5,
        "revenue_index": 0.51
      },
      "geometry": {
        "type": "Point",
        "coordinates": [
          73.52727,
          23.52796
        ]
      }
    },
    {
      "type": "Feature",
      "properties": {
        "name": "Sabar Kantha (Modasa) - Substation Hub #1",
        "type": "substation",
        "category": "substation",
        "district": "Sabar Kantha",
        "taluk": "Modasa",
        "rating": 4.9,
        "revenue_index": 0.94
      },
      "geometry": {
        "type": "Point",
        "coordinates": [
          73.2537,
          23.46775
        ]
      }
    },
    {
      "type": "Feature",
      "properties": {
        "name": "Sabar Kantha (Modasa) - Retail Hub #2",
        "type": "retail",
        "category": "retail",
        "district": "Sabar Kantha",
        "taluk": "Modasa",
        "rating": 3.8,
        "revenue_index": 0.5
      },
      "geometry": {
        "type": "Point",
        "coordinates": [
          73.2667,
          23.46675
        ]
      }
    },
    {
      "type": "Feature",
      "properties": {
        "name": "Sabar Kantha (Modasa) - Restaurant Hub #3",
        "type": "restaurant",
        "category": "restaurant",
        "district": "Sabar Kantha",
        "taluk": "Modasa",
        "rating": 3.9,
        "revenue_index": 0.51
      },
      "geometry": {
        "type": "Point",
        "coordinates": [
          73.2497,
          23.46575
        ]
      }
    },
    {
      "type": "Feature",
      "properties": {
        "name": "Sabar Kantha (Prantij) - Restaurant Hub #1",
        "type": "restaurant",
        "category": "restaurant",
        "district": "Sabar Kantha",
        "taluk": "Prantij",
        "rating": 4.5,
        "revenue_index": 0.51
      },
      "geometry": {
        "type": "Point",
        "coordinates": [
          72.95862,
          23.38217
        ]
      }
    },
    {
      "type": "Feature",
      "properties": {
        "name": "Sabar Kantha (Prantij) - Gas Station Hub #2",
        "type": "gas_station",
        "category": "gas_station",
        "district": "Sabar Kantha",
        "taluk": "Prantij",
        "rating": 4.6,
        "revenue_index": 0.52
      },
      "geometry": {
        "type": "Point",
        "coordinates": [
          72.94562,
          23.38317
        ]
      }
    },
    {
      "type": "Feature",
      "properties": {
        "name": "Sabar Kantha (Prantij) - Ev Charging Hub #3",
        "type": "ev_charging",
        "category": "ev_charging",
        "district": "Sabar Kantha",
        "taluk": "Prantij",
        "rating": 4.7,
        "revenue_index": 0.53
      },
      "geometry": {
        "type": "Point",
        "coordinates": [
          72.96262,
          23.38417
        ]
      }
    },
    {
      "type": "Feature",
      "properties": {
        "name": "Sabar Kantha (Vijayanagar) - Restaurant Hub #1",
        "type": "restaurant",
        "category": "restaurant",
        "district": "Sabar Kantha",
        "taluk": "Vijayanagar",
        "rating": 3.9,
        "revenue_index": 0.72
      },
      "geometry": {
        "type": "Point",
        "coordinates": [
          73.2952,
          23.96155
        ]
      }
    },
    {
      "type": "Feature",
      "properties": {
        "name": "Sabar Kantha (Vijayanagar) - Gas Station Hub #2",
        "type": "gas_station",
        "category": "gas_station",
        "district": "Sabar Kantha",
        "taluk": "Vijayanagar",
        "rating": 4.0,
        "revenue_index": 0.73
      },
      "geometry": {
        "type": "Point",
        "coordinates": [
          73.2942,
          23.96855
        ]
      }
    },
    {
      "type": "Feature",
      "properties": {
        "name": "Sabar Kantha (Vijayanagar) - Ev Charging Hub #3",
        "type": "ev_charging",
        "category": "ev_charging",
        "district": "Sabar Kantha",
        "taluk": "Vijayanagar",
        "rating": 4.1,
        "revenue_index": 0.74
      },
      "geometry": {
        "type": "Point",
        "coordinates": [
          73.2932,
          23.97555
        ]
      }
    },
    {
      "type": "Feature",
      "properties": {
        "name": "Surat (Bardoli) - Restaurant Hub #1",
        "type": "restaurant",
        "category": "restaurant",
        "district": "Surat",
        "taluk": "Bardoli",
        "rating": 4.5,
        "revenue_index": 0.9
      },
      "geometry": {
        "type": "Point",
        "coordinates": [
          73.15245,
          21.12915
        ]
      }
    },
    {
      "type": "Feature",
      "properties": {
        "name": "Surat (Bardoli) - Gas Station Hub #2",
        "type": "gas_station",
        "category": "gas_station",
        "district": "Surat",
        "taluk": "Bardoli",
        "rating": 4.6,
        "revenue_index": 0.91
      },
      "geometry": {
        "type": "Point",
        "coordinates": [
          73.15745,
          21.12415
        ]
      }
    },
    {
      "type": "Feature",
      "properties": {
        "name": "Surat (Bardoli) - Ev Charging Hub #3",
        "type": "ev_charging",
        "category": "ev_charging",
        "district": "Surat",
        "taluk": "Bardoli",
        "rating": 4.7,
        "revenue_index": 0.92
      },
      "geometry": {
        "type": "Point",
        "coordinates": [
          73.16245,
          21.11915
        ]
      }
    },
    {
      "type": "Feature",
      "properties": {
        "name": "Surat (Chorasi) - Ev Charging Hub #1",
        "type": "ev_charging",
        "category": "ev_charging",
        "district": "Surat",
        "taluk": "Chorasi",
        "rating": 4.1,
        "revenue_index": 0.83
      },
      "geometry": {
        "type": "Point",
        "coordinates": [
          72.7925,
          21.09309
        ]
      }
    },
    {
      "type": "Feature",
      "properties": {
        "name": "Surat (Chorasi) - Bank Hub #2",
        "type": "bank",
        "category": "bank",
        "district": "Surat",
        "taluk": "Chorasi",
        "rating": 4.2,
        "revenue_index": 0.84
      },
      "geometry": {
        "type": "Point",
        "coordinates": [
          72.7835,
          21.09609
        ]
      }
    },
    {
      "type": "Feature",
      "properties": {
        "name": "Surat (Chorasi) - Substation Hub #3",
        "type": "substation",
        "category": "substation",
        "district": "Surat",
        "taluk": "Chorasi",
        "rating": 4.3,
        "revenue_index": 0.85
      },
      "geometry": {
        "type": "Point",
        "coordinates": [
          72.7745,
          21.09909
        ]
      }
    },
    {
      "type": "Feature",
      "properties": {
        "name": "Surat (Kamrej) - Gas Station Hub #1",
        "type": "gas_station",
        "category": "gas_station",
        "district": "Surat",
        "taluk": "Kamrej",
        "rating": 4.0,
        "revenue_index": 0.82
      },
      "geometry": {
        "type": "Point",
        "coordinates": [
          73.00011,
          21.24842
        ]
      }
    },
    {
      "type": "Feature",
      "properties": {
        "name": "Surat (Kamrej) - Ev Charging Hub #2",
        "type": "ev_charging",
        "category": "ev_charging",
        "district": "Surat",
        "taluk": "Kamrej",
        "rating": 4.1,
        "revenue_index": 0.83
      },
      "geometry": {
        "type": "Point",
        "coordinates": [
          73.00411,
          21.25042
        ]
      }
    },
    {
      "type": "Feature",
      "properties": {
        "name": "Surat (Kamrej) - Bank Hub #3",
        "type": "bank",
        "category": "bank",
        "district": "Surat",
        "taluk": "Kamrej",
        "rating": 4.2,
        "revenue_index": 0.84
      },
      "geometry": {
        "type": "Point",
        "coordinates": [
          73.00811,
          21.25242
        ]
      }
    },
    {
      "type": "Feature",
      "properties": {
        "name": "Surat (Mahuva) - Substation Hub #1",
        "type": "substation",
        "category": "substation",
        "district": "Surat",
        "taluk": "Mahuva",
        "rating": 4.3,
        "revenue_index": 0.55
      },
      "geometry": {
        "type": "Point",
        "coordinates": [
          73.2248,
          20.93359
        ]
      }
    },
    {
      "type": "Feature",
      "properties": {
        "name": "Surat (Mahuva) - Retail Hub #2",
        "type": "retail",
        "category": "retail",
        "district": "Surat",
        "taluk": "Mahuva",
        "rating": 4.4,
        "revenue_index": 0.56
      },
      "geometry": {
        "type": "Point",
        "coordinates": [
          73.2198,
          20.93859
        ]
      }
    },
    {
      "type": "Feature",
      "properties": {
        "name": "Surat (Mahuva) - Restaurant Hub #3",
        "type": "restaurant",
        "category": "restaurant",
        "district": "Surat",
        "taluk": "Mahuva",
        "rating": 4.5,
        "revenue_index": 0.57
      },
      "geometry": {
        "type": "Point",
        "coordinates": [
          73.2148,
          20.94359
        ]
      }
    },
    {
      "type": "Feature",
      "properties": {
        "name": "Vadodara (Chhota Udaipur) - Bank Hub #1",
        "type": "bank",
        "category": "bank",
        "district": "Vadodara",
        "taluk": "Chhota Udaipur",
        "rating": 4.8,
        "revenue_index": 0.93
      },
      "geometry": {
        "type": "Point",
        "coordinates": [
          74.0857,
          22.30398
        ]
      }
    },
    {
      "type": "Feature",
      "properties": {
        "name": "Vadodara (Chhota Udaipur) - Substation Hub #2",
        "type": "substation",
        "category": "substation",
        "district": "Vadodara",
        "taluk": "Chhota Udaipur",
        "rating": 4.9,
        "revenue_index": 0.94
      },
      "geometry": {
        "type": "Point",
        "coordinates": [
          74.0817,
          22.30198
        ]
      }
    },
    {
      "type": "Feature",
      "properties": {
        "name": "Vadodara (Chhota Udaipur) - Retail Hub #3",
        "type": "retail",
        "category": "retail",
        "district": "Vadodara",
        "taluk": "Chhota Udaipur",
        "rating": 3.8,
        "revenue_index": 0.5
      },
      "geometry": {
        "type": "Point",
        "coordinates": [
          74.0777,
          22.29998
        ]
      }
    },
    {
      "type": "Feature",
      "properties": {
        "name": "Vadodara (Dabhoi) - Bank Hub #1",
        "type": "bank",
        "category": "bank",
        "district": "Vadodara",
        "taluk": "Dabhoi",
        "rating": 4.8,
        "revenue_index": 0.66
      },
      "geometry": {
        "type": "Point",
        "coordinates": [
          73.36918,
          22.10946
        ]
      }
    },
    {
      "type": "Feature",
      "properties": {
        "name": "Vadodara (Dabhoi) - Substation Hub #2",
        "type": "substation",
        "category": "substation",
        "district": "Vadodara",
        "taluk": "Dabhoi",
        "rating": 4.9,
        "revenue_index": 0.67
      },
      "geometry": {
        "type": "Point",
        "coordinates": [
          73.37118,
          22.09546
        ]
      }
    },
    {
      "type": "Feature",
      "properties": {
        "name": "Vadodara (Dabhoi) - Retail Hub #3",
        "type": "retail",
        "category": "retail",
        "district": "Vadodara",
        "taluk": "Dabhoi",
        "rating": 3.8,
        "revenue_index": 0.68
      },
      "geometry": {
        "type": "Point",
        "coordinates": [
          73.37318,
          22.11146
        ]
      }
    },
    {
      "type": "Feature",
      "properties": {
        "name": "Vadodara (Jetpur Pavi) - Substation Hub #1",
        "type": "substation",
        "category": "substation",
        "district": "Vadodara",
        "taluk": "Jetpur Pavi",
        "rating": 4.3,
        "revenue_index": 0.88
      },
      "geometry": {
        "type": "Point",
        "coordinates": [
          73.8288,
          22.31718
        ]
      }
    },
    {
      "type": "Feature",
      "properties": {
        "name": "Vadodara (Jetpur Pavi) - Retail Hub #2",
        "type": "retail",
        "category": "retail",
        "district": "Vadodara",
        "taluk": "Jetpur Pavi",
        "rating": 4.4,
        "revenue_index": 0.89
      },
      "geometry": {
        "type": "Point",
        "coordinates": [
          73.8298,
          22.31018
        ]
      }
    },
    {
      "type": "Feature",
      "properties": {
        "name": "Vadodara (Jetpur Pavi) - Restaurant Hub #3",
        "type": "restaurant",
        "category": "restaurant",
        "district": "Vadodara",
        "taluk": "Jetpur Pavi",
        "rating": 4.5,
        "revenue_index": 0.9
      },
      "geometry": {
        "type": "Point",
        "coordinates": [
          73.8308,
          22.30318
        ]
      }
    },
    {
      "type": "Feature",
      "properties": {
        "name": "Vadodara (Karjan) - Gas Station Hub #1",
        "type": "gas_station",
        "category": "gas_station",
        "district": "Vadodara",
        "taluk": "Karjan",
        "rating": 4.6,
        "revenue_index": 0.67
      },
      "geometry": {
        "type": "Point",
        "coordinates": [
          73.093,
          21.98939
        ]
      }
    },
    {
      "type": "Feature",
      "properties": {
        "name": "Vadodara (Karjan) - Ev Charging Hub #2",
        "type": "ev_charging",
        "category": "ev_charging",
        "district": "Vadodara",
        "taluk": "Karjan",
        "rating": 4.7,
        "revenue_index": 0.68
      },
      "geometry": {
        "type": "Point",
        "coordinates": [
          73.097,
          21.99139
        ]
      }
    },
    {
      "type": "Feature",
      "properties": {
        "name": "Vadodara (Karjan) - Bank Hub #3",
        "type": "bank",
        "category": "bank",
        "district": "Vadodara",
        "taluk": "Karjan",
        "rating": 4.8,
        "revenue_index": 0.69
      },
      "geometry": {
        "type": "Point",
        "coordinates": [
          73.101,
          21.99339
        ]
      }
    },
    {
      "type": "Feature",
      "properties": {
        "name": "Vadodara (Naswadi) - Substation Hub #1",
        "type": "substation",
        "category": "substation",
        "district": "Vadodara",
        "taluk": "Naswadi",
        "rating": 4.3,
        "revenue_index": 0.58
      },
      "geometry": {
        "type": "Point",
        "coordinates": [
          73.79034,
          22.02084
        ]
      }
    },
    {
      "type": "Feature",
      "properties": {
        "name": "Vadodara (Naswadi) - Retail Hub #2",
        "type": "retail",
        "category": "retail",
        "district": "Vadodara",
        "taluk": "Naswadi",
        "rating": 4.4,
        "revenue_index": 0.59
      },
      "geometry": {
        "type": "Point",
        "coordinates": [
          73.79134,
          22.01384
        ]
      }
    },
    {
      "type": "Feature",
      "properties": {
        "name": "Vadodara (Naswadi) - Restaurant Hub #3",
        "type": "restaurant",
        "category": "restaurant",
        "district": "Vadodara",
        "taluk": "Naswadi",
        "rating": 4.5,
        "revenue_index": 0.6
      },
      "geometry": {
        "type": "Point",
        "coordinates": [
          73.79234,
          22.00684
        ]
      }
    },
    {
      "type": "Feature",
      "properties": {
        "name": "Vadodara (Padra) - Bank Hub #1",
        "type": "bank",
        "category": "bank",
        "district": "Vadodara",
        "taluk": "Padra",
        "rating": 4.2,
        "revenue_index": 0.75
      },
      "geometry": {
        "type": "Point",
        "coordinates": [
          72.95129,
          22.20096
        ]
      }
    },
    {
      "type": "Feature",
      "properties": {
        "name": "Vadodara (Padra) - Substation Hub #2",
        "type": "substation",
        "category": "substation",
        "district": "Vadodara",
        "taluk": "Padra",
        "rating": 4.3,
        "revenue_index": 0.76
      },
      "geometry": {
        "type": "Point",
        "coordinates": [
          72.94129,
          22.21096
        ]
      }
    },
    {
      "type": "Feature",
      "properties": {
        "name": "Vadodara (Padra) - Retail Hub #3",
        "type": "retail",
        "category": "retail",
        "district": "Vadodara",
        "taluk": "Padra",
        "rating": 4.4,
        "revenue_index": 0.77
      },
      "geometry": {
        "type": "Point",
        "coordinates": [
          72.93129,
          22.19096
        ]
      }
    },
    {
      "type": "Feature",
      "properties": {
        "name": "Vadodara (Sankheda) - Retail Hub #1",
        "type": "retail",
        "category": "retail",
        "district": "Vadodara",
        "taluk": "Sankheda",
        "rating": 3.8,
        "revenue_index": 0.65
      },
      "geometry": {
        "type": "Point",
        "coordinates": [
          73.62747,
          22.20143
        ]
      }
    },
    {
      "type": "Feature",
      "properties": {
        "name": "Vadodara (Sankheda) - Restaurant Hub #2",
        "type": "restaurant",
        "category": "restaurant",
        "district": "Vadodara",
        "taluk": "Sankheda",
        "rating": 3.9,
        "revenue_index": 0.66
      },
      "geometry": {
        "type": "Point",
        "coordinates": [
          73.62747,
          22.20143
        ]
      }
    },
    {
      "type": "Feature",
      "properties": {
        "name": "Vadodara (Sankheda) - Gas Station Hub #3",
        "type": "gas_station",
        "category": "gas_station",
        "district": "Vadodara",
        "taluk": "Sankheda",
        "rating": 4.0,
        "revenue_index": 0.67
      },
      "geometry": {
        "type": "Point",
        "coordinates": [
          73.62747,
          22.20143
        ]
      }
    },
    {
      "type": "Feature",
      "properties": {
        "name": "Vadodara (Savli) - Bank Hub #1",
        "type": "bank",
        "category": "bank",
        "district": "Vadodara",
        "taluk": "Savli",
        "rating": 4.8,
        "revenue_index": 0.63
      },
      "geometry": {
        "type": "Point",
        "coordinates": [
          73.3254,
          22.61989
        ]
      }
    },
    {
      "type": "Feature",
      "properties": {
        "name": "Vadodara (Savli) - Substation Hub #2",
        "type": "substation",
        "category": "substation",
        "district": "Vadodara",
        "taluk": "Savli",
        "rating": 4.9,
        "revenue_index": 0.64
      },
      "geometry": {
        "type": "Point",
        "coordinates": [
          73.3214,
          22.61789
        ]
      }
    },
    {
      "type": "Feature",
      "properties": {
        "name": "Vadodara (Savli) - Retail Hub #3",
        "type": "retail",
        "category": "retail",
        "district": "Vadodara",
        "taluk": "Savli",
        "rating": 3.8,
        "revenue_index": 0.65
      },
      "geometry": {
        "type": "Point",
        "coordinates": [
          73.3174,
          22.61589
        ]
      }
    },
    {
      "type": "Feature",
      "properties": {
        "name": "Vadodara (Sinor) - Bank Hub #1",
        "type": "bank",
        "category": "bank",
        "district": "Vadodara",
        "taluk": "Sinor",
        "rating": 4.2,
        "revenue_index": 0.75
      },
      "geometry": {
        "type": "Point",
        "coordinates": [
          73.35132,
          21.98048
        ]
      }
    },
    {
      "type": "Feature",
      "properties": {
        "name": "Vadodara (Sinor) - Substation Hub #2",
        "type": "substation",
        "category": "substation",
        "district": "Vadodara",
        "taluk": "Sinor",
        "rating": 4.3,
        "revenue_index": 0.76
      },
      "geometry": {
        "type": "Point",
        "coordinates": [
          73.34132,
          21.99048
        ]
      }
    },
    {
      "type": "Feature",
      "properties": {
        "name": "Vadodara (Sinor) - Retail Hub #3",
        "type": "retail",
        "category": "retail",
        "district": "Vadodara",
        "taluk": "Sinor",
        "rating": 4.4,
        "revenue_index": 0.77
      },
      "geometry": {
        "type": "Point",
        "coordinates": [
          73.33132,
          21.97048
        ]
      }
    },
    {
      "type": "Feature",
      "properties": {
        "name": "Vadodara (Tilakwada) - Gas Station Hub #1",
        "type": "gas_station",
        "category": "gas_station",
        "district": "Vadodara",
        "taluk": "Tilakwada",
        "rating": 4.0,
        "revenue_index": 0.76
      },
      "geometry": {
        "type": "Point",
        "coordinates": [
          73.64382,
          22.01334
        ]
      }
    },
    {
      "type": "Feature",
      "properties": {
        "name": "Vadodara (Tilakwada) - Ev Charging Hub #2",
        "type": "ev_charging",
        "category": "ev_charging",
        "district": "Vadodara",
        "taluk": "Tilakwada",
        "rating": 4.1,
        "revenue_index": 0.77
      },
      "geometry": {
        "type": "Point",
        "coordinates": [
          73.63582,
          22.00934
        ]
      }
    },
    {
      "type": "Feature",
      "properties": {
        "name": "Vadodara (Tilakwada) - Bank Hub #3",
        "type": "bank",
        "category": "bank",
        "district": "Vadodara",
        "taluk": "Tilakwada",
        "rating": 4.2,
        "revenue_index": 0.78
      },
      "geometry": {
        "type": "Point",
        "coordinates": [
          73.62782,
          22.00534
        ]
      }
    },
    {
      "type": "Feature",
      "properties": {
        "name": "Vadodara (Vadodara) - Ev Charging Hub #1",
        "type": "ev_charging",
        "category": "ev_charging",
        "district": "Vadodara",
        "taluk": "Vadodara",
        "rating": 4.1,
        "revenue_index": 0.68
      },
      "geometry": {
        "type": "Point",
        "coordinates": [
          73.20573,
          22.25198
        ]
      }
    },
    {
      "type": "Feature",
      "properties": {
        "name": "Vadodara (Vadodara) - Bank Hub #2",
        "type": "bank",
        "category": "bank",
        "district": "Vadodara",
        "taluk": "Vadodara",
        "rating": 4.2,
        "revenue_index": 0.69
      },
      "geometry": {
        "type": "Point",
        "coordinates": [
          73.19673,
          22.25498
        ]
      }
    },
    {
      "type": "Feature",
      "properties": {
        "name": "Vadodara (Vadodara) - Substation Hub #3",
        "type": "substation",
        "category": "substation",
        "district": "Vadodara",
        "taluk": "Vadodara",
        "rating": 4.3,
        "revenue_index": 0.7
      },
      "geometry": {
        "type": "Point",
        "coordinates": [
          73.18773,
          22.25798
        ]
      }
    },
    {
      "type": "Feature",
      "properties": {
        "name": "Vadodara (Waghoriya) - Retail Hub #1",
        "type": "retail",
        "category": "retail",
        "district": "Vadodara",
        "taluk": "Waghoriya",
        "rating": 4.4,
        "revenue_index": 0.77
      },
      "geometry": {
        "type": "Point",
        "coordinates": [
          73.4028,
          22.33985
        ]
      }
    },
    {
      "type": "Feature",
      "properties": {
        "name": "Vadodara (Waghoriya) - Restaurant Hub #2",
        "type": "restaurant",
        "category": "restaurant",
        "district": "Vadodara",
        "taluk": "Waghoriya",
        "rating": 4.5,
        "revenue_index": 0.78
      },
      "geometry": {
        "type": "Point",
        "coordinates": [
          73.3968,
          22.35185
        ]
      }
    },
    {
      "type": "Feature",
      "properties": {
        "name": "Vadodara (Waghoriya) - Gas Station Hub #3",
        "type": "gas_station",
        "category": "gas_station",
        "district": "Vadodara",
        "taluk": "Waghoriya",
        "rating": 4.6,
        "revenue_index": 0.79
      },
      "geometry": {
        "type": "Point",
        "coordinates": [
          73.3908,
          22.33385
        ]
      }
    },
    {
      "type": "Feature",
      "properties": {
        "name": "Valsad (Dharampur) - Retail Hub #1",
        "type": "retail",
        "category": "retail",
        "district": "Valsad",
        "taluk": "Dharampur",
        "rating": 4.4,
        "revenue_index": 0.86
      },
      "geometry": {
        "type": "Point",
        "coordinates": [
          73.22865,
          20.33445
        ]
      }
    },
    {
      "type": "Feature",
      "properties": {
        "name": "Valsad (Dharampur) - Restaurant Hub #2",
        "type": "restaurant",
        "category": "restaurant",
        "district": "Valsad",
        "taluk": "Dharampur",
        "rating": 4.5,
        "revenue_index": 0.87
      },
      "geometry": {
        "type": "Point",
        "coordinates": [
          73.24065,
          20.34045
        ]
      }
    },
    {
      "type": "Feature",
      "properties": {
        "name": "Valsad (Dharampur) - Gas Station Hub #3",
        "type": "gas_station",
        "category": "gas_station",
        "district": "Valsad",
        "taluk": "Dharampur",
        "rating": 4.6,
        "revenue_index": 0.88
      },
      "geometry": {
        "type": "Point",
        "coordinates": [
          73.22265,
          20.34645
        ]
      }
    },
    {
      "type": "Feature",
      "properties": {
        "name": "Valsad (Pardi) - Substation Hub #1",
        "type": "substation",
        "category": "substation",
        "district": "Valsad",
        "taluk": "Pardi",
        "rating": 4.9,
        "revenue_index": 0.85
      },
      "geometry": {
        "type": "Point",
        "coordinates": [
          72.92888,
          20.45395
        ]
      }
    },
    {
      "type": "Feature",
      "properties": {
        "name": "Valsad (Pardi) - Retail Hub #2",
        "type": "retail",
        "category": "retail",
        "district": "Valsad",
        "taluk": "Pardi",
        "rating": 3.8,
        "revenue_index": 0.86
      },
      "geometry": {
        "type": "Point",
        "coordinates": [
          72.92388,
          20.45895
        ]
      }
    },
    {
      "type": "Feature",
      "properties": {
        "name": "Valsad (Pardi) - Restaurant Hub #3",
        "type": "restaurant",
        "category": "restaurant",
        "district": "Valsad",
        "taluk": "Pardi",
        "rating": 3.9,
        "revenue_index": 0.87
      },
      "geometry": {
        "type": "Point",
        "coordinates": [
          72.91888,
          20.46395
        ]
      }
    },
    {
      "type": "Feature",
      "properties": {
        "name": "Valsad (Umargam) - Ev Charging Hub #1",
        "type": "ev_charging",
        "category": "ev_charging",
        "district": "Valsad",
        "taluk": "Umargam",
        "rating": 4.1,
        "revenue_index": 0.65
      },
      "geometry": {
        "type": "Point",
        "coordinates": [
          72.78806,
          20.27635
        ]
      }
    },
    {
      "type": "Feature",
      "properties": {
        "name": "Valsad (Umargam) - Bank Hub #2",
        "type": "bank",
        "category": "bank",
        "district": "Valsad",
        "taluk": "Umargam",
        "rating": 4.2,
        "revenue_index": 0.66
      },
      "geometry": {
        "type": "Point",
        "coordinates": [
          72.77306,
          20.26135
        ]
      }
    },
    {
      "type": "Feature",
      "properties": {
        "name": "Valsad (Umargam) - Substation Hub #3",
        "type": "substation",
        "category": "substation",
        "district": "Valsad",
        "taluk": "Umargam",
        "rating": 4.3,
        "revenue_index": 0.67
      },
      "geometry": {
        "type": "Point",
        "coordinates": [
          72.78806,
          20.27635
        ]
      }
    },
    {
      "type": "Feature",
      "properties": {
        "name": "Valsad (Valsad) - Retail Hub #1",
        "type": "retail",
        "category": "retail",
        "district": "Valsad",
        "taluk": "Valsad",
        "rating": 4.4,
        "revenue_index": 0.8
      },
      "geometry": {
        "type": "Point",
        "coordinates": [
          72.88841,
          20.62534
        ]
      }
    },
    {
      "type": "Feature",
      "properties": {
        "name": "Valsad (Valsad) - Restaurant Hub #2",
        "type": "restaurant",
        "category": "restaurant",
        "district": "Valsad",
        "taluk": "Valsad",
        "rating": 4.5,
        "revenue_index": 0.81
      },
      "geometry": {
        "type": "Point",
        "coordinates": [
          72.88841,
          20.62534
        ]
      }
    },
    {
      "type": "Feature",
      "properties": {
        "name": "Valsad (Valsad) - Gas Station Hub #3",
        "type": "gas_station",
        "category": "gas_station",
        "district": "Valsad",
        "taluk": "Valsad",
        "rating": 4.6,
        "revenue_index": 0.82
      },
      "geometry": {
        "type": "Point",
        "coordinates": [
          72.88841,
          20.62534
        ]
      }
    }
  ]
}